COUNTRY,DATE,HOUR,CITY,ZONE,CONNECTED_RT,ORDERS,EARNINGS,PRECIPITATION_MM
Mexico,2024-04-01,0,Monterrey,Centro,7,5,270.1,0.0
Mexico,2024-04-01,0,Monterrey,Mitras Centro,5,4,191.0,0.0
Mexico,2024-04-01,0,Monterrey,Apodaca Centro,6,5,298.0,0.0
Mexico,2024-04-01,0,Monterrey,Escobedo,4,3,161.7,0.0
Mexico,2024-04-01,0,Monterrey,Carretera Nacional,1,2,118.5,0.0
Mexico,2024-04-01,0,Monterrey,MTY_Apodaca_Huinalá,8,6,345.0,0.0
Mexico,2024-04-01,0,Monterrey,San Nicolás,7,4,212.8,0.0
Mexico,2024-04-01,0,Monterrey,Santa Catarina,8,7,319.7,0.0
Mexico,2024-04-01,0,Monterrey,San Pedro,6,5,245.7,0.0
Mexico,2024-04-01,0,Monterrey,Cumbres Poniente,1,2,113.2,0.0
Mexico,2024-04-01,0,Monterrey,La Fe,1,1,48.0,0.0
Mexico,2024-04-01,0,Monterrey,MTY_Guadalupe,12,9,448.9,0.0
Mexico,2024-04-01,0,Monterrey,Independencia,8,8,422.7,0.0
Mexico,2024-04-01,0,Monterrey,Tec,1,2,99.4,0.0
Mexico,2024-04-01,1,Monterrey,Centro,5,5,277.1,0.0
Mexico,2024-04-01,1,Monterrey,Mitras Centro,6,5,291.9,0.0
Mexico,2024-04-01,1,Monterrey,Apodaca Centro,8,5,225.0,0.0
Mexico,2024-04-01,1,Monterrey,Escobedo,2,4,187.2,0.0
Mexico,2024-04-01,1,Monterrey,Carretera Nacional,7,8,445.5,0.0
Mexico,2024-04-01,1,Monterrey,MTY_Apodaca_Huinalá,3,5,272.6,0.0
Mexico,2024-04-01,1,Monterrey,San Nicolás,5,5,243.2,0.0
Mexico,2024-04-01,1,Monterrey,Santa Catarina,8,8,430.9,0.0
Mexico,2024-04-01,1,Monterrey,San Pedro,2,2,100.5,0.0
Mexico,2024-04-01,1,Monterrey,Cumbres Poniente,10,7,388.1,0.0
Mexico,2024-04-01,1,Monterrey,La Fe,2,4,185.6,0.0
Mexico,2024-04-01,1,Monterrey,MTY_Guadalupe,11,10,584.8,0.0
Mexico,2024-04-01,1,Monterrey,Independencia,4,1,59.1,0.0
Mexico,2024-04-01,1,Monterrey,Tec,7,6,291.4,0.0
Mexico,2024-04-01,2,Monterrey,Centro,9,6,292.0,0.0
Mexico,2024-04-01,2,Monterrey,Mitras Centro,10,8,419.9,0.0
Mexico,2024-04-01,2,Monterrey,Apodaca Centro,8,5,252.8,0.0
Mexico,2024-04-01,2,Monterrey,Escobedo,4,2,107.2,0.0
Mexico,2024-04-01,2,Monterrey,Carretera Nacional,1,3,149.3,0.0
Mexico,2024-04-01,2,Monterrey,MTY_Apodaca_Huinalá,8,5,251.9,0.0
Mexico,2024-04-01,2,Monterrey,San Nicolás,7,4,201.6,0.0
Mexico,2024-04-01,2,Monterrey,Santa Catarina,13,12,644.2,0.0
Mexico,2024-04-01,2,Monterrey,San Pedro,6,7,401.4,0.0
Mexico,2024-04-01,2,Monterrey,Cumbres Poniente,6,4,207.4,0.0
Mexico,2024-04-01,2,Monterrey,La Fe,6,4,238.2,0.0
Mexico,2024-04-01,2,Monterrey,MTY_Guadalupe,2,3,138.5,0.0
Mexico,2024-04-01,2,Monterrey,Independencia,3,4,234.9,0.0
Mexico,2024-04-01,2,Monterrey,Tec,5,3,147.6,0.0
Mexico,2024-04-01,3,Monterrey,Centro,7,7,324.6,2.5
Mexico,2024-04-01,3,Monterrey,Mitras Centro,1,3,169.4,2.5
Mexico,2024-04-01,3,Monterrey,Apodaca Centro,4,4,218.1,2.5
Mexico,2024-04-01,3,Monterrey,Escobedo,1,3,159.3,2.5
Mexico,2024-04-01,3,Monterrey,Carretera Nacional,7,10,591.2,2.5
Mexico,2024-04-01,3,Monterrey,MTY_Apodaca_Huinalá,4,4,181.1,2.5
Mexico,2024-04-01,3,Monterrey,San Nicolás,1,2,115.3,2.5
Mexico,2024-04-01,3,Monterrey,Santa Catarina,1,2,110.8,2.5
Mexico,2024-04-01,3,Monterrey,San Pedro,2,3,147.7,2.5
Mexico,2024-04-01,3,Monterrey,Cumbres Poniente,7,7,374.0,2.5
Mexico,2024-04-01,3,Monterrey,La Fe,3,5,287.0,2.5
Mexico,2024-04-01,3,Monterrey,MTY_Guadalupe,1,3,173.1,2.5
Mexico,2024-04-01,3,Monterrey,Independencia,4,5,247.0,2.5
Mexico,2024-04-01,3,Monterrey,Tec,6,6,319.5,2.5
Mexico,2024-04-01,4,Monterrey,Centro,2,3,172.7,0.0
Mexico,2024-04-01,4,Monterrey,Mitras Centro,8,6,277.6,0.0
Mexico,2024-04-01,4,Monterrey,Apodaca Centro,10,8,405.4,0.0
Mexico,2024-04-01,4,Monterrey,Escobedo,3,4,208.1,0.0
Mexico,2024-04-01,4,Monterrey,Carretera Nacional,3,1,57.3,0.0
Mexico,2024-04-01,4,Monterrey,MTY_Apodaca_Huinalá,3,5,241.8,0.0
Mexico,2024-04-01,4,Monterrey,San Nicolás,5,3,137.0,0.0
Mexico,2024-04-01,4,Monterrey,Santa Catarina,3,5,277.2,0.0
Mexico,2024-04-01,4,Monterrey,San Pedro,8,5,259.2,0.0
Mexico,2024-04-01,4,Monterrey,Cumbres Poniente,3,4,196.0,0.0
Mexico,2024-04-01,4,Monterrey,La Fe,1,3,148.9,0.0
Mexico,2024-04-01,4,Monterrey,MTY_Guadalupe,9,11,623.3,0.0
Mexico,2024-04-01,4,Monterrey,Independencia,5,7,358.6,0.0
Mexico,2024-04-01,4,Monterrey,Tec,8,6,335.4,0.0
Mexico,2024-04-01,5,Monterrey,Centro,5,3,162.3,0.0
Mexico,2024-04-01,5,Monterrey,Mitras Centro,3,4,209.9,0.0
Mexico,2024-04-01,5,Monterrey,Apodaca Centro,9,7,380.1,0.0
Mexico,2024-04-01,5,Monterrey,Escobedo,6,3,162.4,0.0
Mexico,2024-04-01,5,Monterrey,Carretera Nacional,6,5,247.3,0.0
Mexico,2024-04-01,5,Monterrey,MTY_Apodaca_Huinalá,8,6,358.2,0.0
Mexico,2024-04-01,5,Monterrey,San Nicolás,2,4,207.6,0.0
Mexico,2024-04-01,5,Monterrey,Santa Catarina,6,7,378.2,0.0
Mexico,2024-04-01,5,Monterrey,San Pedro,7,4,187.2,0.0
Mexico,2024-04-01,5,Monterrey,Cumbres Poniente,3,5,261.1,0.0
Mexico,2024-04-01,5,Monterrey,La Fe,5,4,228.4,0.0
Mexico,2024-04-01,5,Monterrey,MTY_Guadalupe,3,4,225.6,0.0
Mexico,2024-04-01,5,Monterrey,Independencia,3,3,167.1,0.0
Mexico,2024-04-01,5,Monterrey,Tec,3,5,280.3,0.0
Mexico,2024-04-01,6,Monterrey,Centro,6,4,215.6,0.0
Mexico,2024-04-01,6,Monterrey,Mitras Centro,4,6,320.8,0.0
Mexico,2024-04-01,6,Monterrey,Apodaca Centro,4,6,291.4,0.0
Mexico,2024-04-01,6,Monterrey,Escobedo,3,2,115.5,0.0
Mexico,2024-04-01,6,Monterrey,Carretera Nacional,1,2,92.4,0.0
Mexico,2024-04-01,6,Monterrey,MTY_Apodaca_Huinalá,5,7,366.5,0.0
Mexico,2024-04-01,6,Monterrey,San Nicolás,10,9,437.7,0.0
Mexico,2024-04-01,6,Monterrey,Santa Catarina,5,4,199.2,0.0
Mexico,2024-04-01,6,Monterrey,San Pedro,4,5,231.6,0.0
Mexico,2024-04-01,6,Monterrey,Cumbres Poniente,1,1,53.9,0.0
Mexico,2024-04-01,6,Monterrey,La Fe,6,6,354.5,0.0
Mexico,2024-04-01,6,Monterrey,MTY_Guadalupe,5,3,141.3,0.0
Mexico,2024-04-01,6,Monterrey,Independencia,5,3,145.6,0.0
Mexico,2024-04-01,6,Monterrey,Tec,8,10,484.8,0.0
Mexico,2024-04-01,7,Monterrey,Centro,8,7,398.4,0.5
Mexico,2024-04-01,7,Monterrey,Mitras Centro,4,6,273.0,0.5
Mexico,2024-04-01,7,Monterrey,Apodaca Centro,9,7,371.7,0.5
Mexico,2024-04-01,7,Monterrey,Escobedo,3,3,166.2,0.5
Mexico,2024-04-01,7,Monterrey,Carretera Nacional,4,5,296.0,0.5
Mexico,2024-04-01,7,Monterrey,MTY_Apodaca_Huinalá,5,4,215.6,0.5
Mexico,2024-04-01,7,Monterrey,San Nicolás,2,3,169.7,0.5
Mexico,2024-04-01,7,Monterrey,Santa Catarina,5,2,118.0,0.5
Mexico,2024-04-01,7,Monterrey,San Pedro,3,5,249.9,0.5
Mexico,2024-04-01,7,Monterrey,Cumbres Poniente,3,5,225.3,0.5
Mexico,2024-04-01,7,Monterrey,La Fe,4,6,322.8,0.5
Mexico,2024-04-01,7,Monterrey,MTY_Guadalupe,4,3,153.9,0.5
Mexico,2024-04-01,7,Monterrey,Independencia,6,4,210.9,0.5
Mexico,2024-04-01,7,Monterrey,Tec,8,6,305.8,0.5
Mexico,2024-04-01,8,Monterrey,Centro,7,7,362.6,0.0
Mexico,2024-04-01,8,Monterrey,Mitras Centro,7,5,230.7,0.0
Mexico,2024-04-01,8,Monterrey,Apodaca Centro,10,10,525.8,0.0
Mexico,2024-04-01,8,Monterrey,Escobedo,15,12,592.8,0.0
Mexico,2024-04-01,8,Monterrey,Carretera Nacional,4,2,90.8,0.0
Mexico,2024-04-01,8,Monterrey,MTY_Apodaca_Huinalá,5,6,302.7,0.0
Mexico,2024-04-01,8,Monterrey,San Nicolás,6,4,197.7,0.0
Mexico,2024-04-01,8,Monterrey,Santa Catarina,11,8,449.0,0.0
Mexico,2024-04-01,8,Monterrey,San Pedro,7,5,237.9,0.0
Mexico,2024-04-01,8,Monterrey,Cumbres Poniente,1,1,52.9,0.0
Mexico,2024-04-01,8,Monterrey,La Fe,5,4,192.4,0.0
Mexico,2024-04-01,8,Monterrey,MTY_Guadalupe,1,1,49.0,0.0
Mexico,2024-04-01,8,Monterrey,Independencia,7,8,380.0,0.0
Mexico,2024-04-01,8,Monterrey,Tec,4,4,201.3,0.0
Mexico,2024-04-01,9,Monterrey,Centro,8,7,332.0,0.0
Mexico,2024-04-01,9,Monterrey,Mitras Centro,5,7,367.0,0.0
Mexico,2024-04-01,9,Monterrey,Apodaca Centro,7,7,348.0,0.0
Mexico,2024-04-01,9,Monterrey,Escobedo,13,10,597.1,0.0
Mexico,2024-04-01,9,Monterrey,Carretera Nacional,3,5,238.5,0.0
Mexico,2024-04-01,9,Monterrey,MTY_Apodaca_Huinalá,3,4,205.3,0.0
Mexico,2024-04-01,9,Monterrey,San Nicolás,8,5,269.7,0.0
Mexico,2024-04-01,9,Monterrey,Santa Catarina,4,2,105.9,0.0
Mexico,2024-04-01,9,Monterrey,San Pedro,9,8,388.0,0.0
Mexico,2024-04-01,9,Monterrey,Cumbres Poniente,4,2,105.9,0.0
Mexico,2024-04-01,9,Monterrey,La Fe,12,11,616.7,0.0
Mexico,2024-04-01,9,Monterrey,MTY_Guadalupe,4,3,167.2,0.0
Mexico,2024-04-01,9,Monterrey,Independencia,1,3,152.6,0.0
Mexico,2024-04-01,9,Monterrey,Tec,11,10,484.8,0.0
Mexico,2024-04-01,10,Monterrey,Centro,3,5,296.8,0.5
Mexico,2024-04-01,10,Monterrey,Mitras Centro,7,7,394.6,0.5
Mexico,2024-04-01,10,Monterrey,Apodaca Centro,2,4,215.6,0.5
Mexico,2024-04-01,10,Monterrey,Escobedo,2,4,182.7,0.5
Mexico,2024-04-01,10,Monterrey,Carretera Nacional,6,5,253.0,0.5
Mexico,2024-04-01,10,Monterrey,MTY_Apodaca_Huinalá,6,4,233.7,0.5
Mexico,2024-04-01,10,Monterrey,San Nicolás,9,7,343.0,0.5
Mexico,2024-04-01,10,Monterrey,Santa Catarina,11,12,623.8,0.5
Mexico,2024-04-01,10,Monterrey,San Pedro,1,1,48.4,0.5
Mexico,2024-04-01,10,Monterrey,Cumbres Poniente,1,1,57.5,0.5
Mexico,2024-04-01,10,Monterrey,La Fe,3,1,54.3,0.5
Mexico,2024-04-01,10,Monterrey,MTY_Guadalupe,9,6,271.7,0.5
Mexico,2024-04-01,10,Monterrey,Independencia,7,6,276.1,0.5
Mexico,2024-04-01,10,Monterrey,Tec,3,4,184.5,0.5
Mexico,2024-04-01,11,Monterrey,Centro,4,6,299.1,0.5
Mexico,2024-04-01,11,Monterrey,Mitras Centro,9,7,387.8,0.5
Mexico,2024-04-01,11,Monterrey,Apodaca Centro,2,4,237.8,0.5
Mexico,2024-04-01,11,Monterrey,Escobedo,6,6,306.8,0.5
Mexico,2024-04-01,11,Monterrey,Carretera Nacional,1,3,167.2,0.5
Mexico,2024-04-01,11,Monterrey,MTY_Apodaca_Huinalá,6,4,226.6,0.5
Mexico,2024-04-01,11,Monterrey,San Nicolás,6,5,297.6,0.5
Mexico,2024-04-01,11,Monterrey,Santa Catarina,1,2,108.2,0.5
Mexico,2024-04-01,11,Monterrey,San Pedro,6,3,161.2,0.5
Mexico,2024-04-01,11,Monterrey,Cumbres Poniente,3,4,220.8,0.5
Mexico,2024-04-01,11,Monterrey,La Fe,13,10,471.4,0.5
Mexico,2024-04-01,11,Monterrey,MTY_Guadalupe,5,4,184.3,0.5
Mexico,2024-04-01,11,Monterrey,Independencia,8,5,267.6,0.5
Mexico,2024-04-01,11,Monterrey,Tec,4,4,187.5,0.5
Mexico,2024-04-01,12,Monterrey,Centro,11,10,539.6,0.5
Mexico,2024-04-01,12,Monterrey,Mitras Centro,6,3,138.7,0.5
Mexico,2024-04-01,12,Monterrey,Apodaca Centro,4,2,108.5,0.5
Mexico,2024-04-01,12,Monterrey,Escobedo,6,5,266.7,0.5
Mexico,2024-04-01,12,Monterrey,Carretera Nacional,5,7,403.2,0.5
Mexico,2024-04-01,12,Monterrey,MTY_Apodaca_Huinalá,8,8,429.4,0.5
Mexico,2024-04-01,12,Monterrey,San Nicolás,11,9,467.9,0.5
Mexico,2024-04-01,12,Monterrey,Santa Catarina,9,7,404.7,0.5
Mexico,2024-04-01,12,Monterrey,San Pedro,9,6,328.7,0.5
Mexico,2024-04-01,12,Monterrey,Cumbres Poniente,1,3,169.8,0.5
Mexico,2024-04-01,12,Monterrey,La Fe,7,4,199.9,0.5
Mexico,2024-04-01,12,Monterrey,MTY_Guadalupe,9,6,285.1,0.5
Mexico,2024-04-01,12,Monterrey,Independencia,6,5,289.8,0.5
Mexico,2024-04-01,12,Monterrey,Tec,6,4,236.2,0.5
Mexico,2024-04-01,13,Monterrey,Centro,8,6,278.0,0.0
Mexico,2024-04-01,13,Monterrey,Mitras Centro,6,5,236.1,0.0
Mexico,2024-04-01,13,Monterrey,Apodaca Centro,11,11,575.7,0.0
Mexico,2024-04-01,13,Monterrey,Escobedo,15,12,595.4,0.0
Mexico,2024-04-01,13,Monterrey,Carretera Nacional,11,12,573.9,0.0
Mexico,2024-04-01,13,Monterrey,MTY_Apodaca_Huinalá,15,12,696.3,0.0
Mexico,2024-04-01,13,Monterrey,San Nicolás,10,12,689.6,0.0
Mexico,2024-04-01,13,Monterrey,Santa Catarina,18,15,763.6,0.0
Mexico,2024-04-01,13,Monterrey,San Pedro,12,11,521.3,0.0
Mexico,2024-04-01,13,Monterrey,Cumbres Poniente,9,11,562.1,0.0
Mexico,2024-04-01,13,Monterrey,La Fe,12,11,602.3,0.0
Mexico,2024-04-01,13,Monterrey,MTY_Guadalupe,11,9,512.7,0.0
Mexico,2024-04-01,13,Monterrey,Independencia,12,9,478.5,0.0
Mexico,2024-04-01,13,Monterrey,Tec,11,9,456.4,0.0
Mexico,2024-04-01,14,Monterrey,Centro,11,11,532.5,0.0
Mexico,2024-04-01,14,Monterrey,Mitras Centro,15,12,630.1,0.0
Mexico,2024-04-01,14,Monterrey,Apodaca Centro,15,13,662.8,0.0
Mexico,2024-04-01,14,Monterrey,Escobedo,11,11,621.2,0.0
Mexico,2024-04-01,14,Monterrey,Carretera Nacional,13,13,686.6,0.0
Mexico,2024-04-01,14,Monterrey,MTY_Apodaca_Huinalá,15,13,760.1,0.0
Mexico,2024-04-01,14,Monterrey,San Nicolás,10,8,434.1,0.0
Mexico,2024-04-01,14,Monterrey,Santa Catarina,12,10,570.5,0.0
Mexico,2024-04-01,14,Monterrey,San Pedro,11,10,557.6,0.0
Mexico,2024-04-01,14,Monterrey,Cumbres Poniente,14,13,620.4,0.0
Mexico,2024-04-01,14,Monterrey,La Fe,8,10,535.1,0.0
Mexico,2024-04-01,14,Monterrey,MTY_Guadalupe,8,10,506.0,0.0
Mexico,2024-04-01,14,Monterrey,Independencia,12,10,540.2,0.0
Mexico,2024-04-01,14,Monterrey,Tec,6,7,333.4,0.0
Mexico,2024-04-01,15,Monterrey,Centro,9,10,472.9,0.0
Mexico,2024-04-01,15,Monterrey,Mitras Centro,5,5,270.5,0.0
Mexico,2024-04-01,15,Monterrey,Apodaca Centro,8,6,330.8,0.0
Mexico,2024-04-01,15,Monterrey,Escobedo,4,3,171.8,0.0
Mexico,2024-04-01,15,Monterrey,Carretera Nacional,5,7,338.8,0.0
Mexico,2024-04-01,15,Monterrey,MTY_Apodaca_Huinalá,5,3,138.1,0.0
Mexico,2024-04-01,15,Monterrey,San Nicolás,5,6,359.5,0.0
Mexico,2024-04-01,15,Monterrey,Santa Catarina,6,5,297.1,0.0
Mexico,2024-04-01,15,Monterrey,San Pedro,7,6,358.3,0.0
Mexico,2024-04-01,15,Monterrey,Cumbres Poniente,5,4,235.6,0.0
Mexico,2024-04-01,15,Monterrey,La Fe,7,6,340.4,0.0
Mexico,2024-04-01,15,Monterrey,MTY_Guadalupe,2,3,152.1,0.0
Mexico,2024-04-01,15,Monterrey,Independencia,10,7,367.2,0.0
Mexico,2024-04-01,15,Monterrey,Tec,5,6,348.1,0.0
Mexico,2024-04-01,16,Monterrey,Centro,3,4,193.4,0.0
Mexico,2024-04-01,16,Monterrey,Mitras Centro,10,7,402.1,0.0
Mexico,2024-04-01,16,Monterrey,Apodaca Centro,7,6,277.2,0.0
Mexico,2024-04-01,16,Monterrey,Escobedo,7,7,380.1,0.0
Mexico,2024-04-01,16,Monterrey,Carretera Nacional,2,2,95.8,0.0
Mexico,2024-04-01,16,Monterrey,MTY_Apodaca_Huinalá,3,5,235.7,0.0
Mexico,2024-04-01,16,Monterrey,San Nicolás,3,2,108.5,0.0
Mexico,2024-04-01,16,Monterrey,Santa Catarina,5,4,211.6,0.0
Mexico,2024-04-01,16,Monterrey,San Pedro,4,4,204.8,0.0
Mexico,2024-04-01,16,Monterrey,Cumbres Poniente,2,3,141.0,0.0
Mexico,2024-04-01,16,Monterrey,La Fe,5,6,291.7,0.0
Mexico,2024-04-01,16,Monterrey,MTY_Guadalupe,7,8,375.3,0.0
Mexico,2024-04-01,16,Monterrey,Independencia,6,8,439.0,0.0
Mexico,2024-04-01,16,Monterrey,Tec,7,5,286.9,0.0
Mexico,2024-04-01,17,Monterrey,Centro,7,6,316.1,0.0
Mexico,2024-04-01,17,Monterrey,Mitras Centro,2,2,109.8,0.0
Mexico,2024-04-01,17,Monterrey,Apodaca Centro,3,2,112.1,0.0
Mexico,2024-04-01,17,Monterrey,Escobedo,5,5,255.9,0.0
Mexico,2024-04-01,17,Monterrey,Carretera Nacional,5,4,233.9,0.0
Mexico,2024-04-01,17,Monterrey,MTY_Apodaca_Huinalá,5,4,216.9,0.0
Mexico,2024-04-01,17,Monterrey,San Nicolás,5,6,324.2,0.0
Mexico,2024-04-01,17,Monterrey,Santa Catarina,5,7,354.5,0.0
Mexico,2024-04-01,17,Monterrey,San Pedro,5,5,291.5,0.0
Mexico,2024-04-01,17,Monterrey,Cumbres Poniente,11,10,458.1,0.0
Mexico,2024-04-01,17,Monterrey,La Fe,7,5,279.4,0.0
Mexico,2024-04-01,17,Monterrey,MTY_Guadalupe,8,8,378.2,0.0
Mexico,2024-04-01,17,Monterrey,Independencia,3,4,180.6,0.0
Mexico,2024-04-01,17,Monterrey,Tec,5,5,248.3,0.0
Mexico,2024-04-01,18,Monterrey,Centro,7,9,534.3,0.0
Mexico,2024-04-01,18,Monterrey,Mitras Centro,3,3,179.8,0.0
Mexico,2024-04-01,18,Monterrey,Apodaca Centro,11,8,380.0,0.0
Mexico,2024-04-01,18,Monterrey,Escobedo,5,6,320.5,0.0
Mexico,2024-04-01,18,Monterrey,Carretera Nacional,10,7,388.0,0.0
Mexico,2024-04-01,18,Monterrey,MTY_Apodaca_Huinalá,4,6,309.1,0.0
Mexico,2024-04-01,18,Monterrey,San Nicolás,4,6,327.4,0.0
Mexico,2024-04-01,18,Monterrey,Santa Catarina,8,7,353.0,0.0
Mexico,2024-04-01,18,Monterrey,San Pedro,5,2,107.6,0.0
Mexico,2024-04-01,18,Monterrey,Cumbres Poniente,7,5,288.1,0.0
Mexico,2024-04-01,18,Monterrey,La Fe,5,4,183.0,0.0
Mexico,2024-04-01,18,Monterrey,MTY_Guadalupe,1,3,142.2,0.0
Mexico,2024-04-01,18,Monterrey,Independencia,6,5,228.3,0.0
Mexico,2024-04-01,18,Monterrey,Tec,5,2,97.5,0.0
Mexico,2024-04-01,19,Monterrey,Centro,15,13,637.3,0.0
Mexico,2024-04-01,19,Monterrey,Mitras Centro,10,11,562.8,0.0
Mexico,2024-04-01,19,Monterrey,Apodaca Centro,20,18,824.1,0.0
Mexico,2024-04-01,19,Monterrey,Escobedo,7,9,471.8,0.0
Mexico,2024-04-01,19,Monterrey,Carretera Nacional,10,12,623.5,0.0
Mexico,2024-04-01,19,Monterrey,MTY_Apodaca_Huinalá,7,8,446.4,0.0
Mexico,2024-04-01,19,Monterrey,San Nicolás,12,9,480.8,0.0
Mexico,2024-04-01,19,Monterrey,Santa Catarina,9,10,510.6,0.0
Mexico,2024-04-01,19,Monterrey,San Pedro,8,10,531.5,0.0
Mexico,2024-04-01,19,Monterrey,Cumbres Poniente,3,5,257.1,0.0
Mexico,2024-04-01,19,Monterrey,La Fe,4,6,330.2,0.0
Mexico,2024-04-01,19,Monterrey,MTY_Guadalupe,12,10,562.4,0.0
Mexico,2024-04-01,19,Monterrey,Independencia,11,8,456.8,0.0
Mexico,2024-04-01,19,Monterrey,Tec,8,10,480.2,0.0
Mexico,2024-04-01,20,Monterrey,Centro,9,6,337.9,0.0
Mexico,2024-04-01,20,Monterrey,Mitras Centro,15,12,583.0,0.0
Mexico,2024-04-01,20,Monterrey,Apodaca Centro,11,13,603.4,0.0
Mexico,2024-04-01,20,Monterrey,Escobedo,7,8,419.7,0.0
Mexico,2024-04-01,20,Monterrey,Carretera Nacional,3,5,254.8,0.0
Mexico,2024-04-01,20,Monterrey,MTY_Apodaca_Huinalá,5,5,240.3,0.0
Mexico,2024-04-01,20,Monterrey,San Nicolás,11,10,563.6,0.0
Mexico,2024-04-01,20,Monterrey,Santa Catarina,6,8,407.5,0.0
Mexico,2024-04-01,20,Monterrey,San Pedro,14,15,775.7,0.0
Mexico,2024-04-01,20,Monterrey,Cumbres Poniente,10,10,504.5,0.0
Mexico,2024-04-01,20,Monterrey,La Fe,18,15,706.7,0.0
Mexico,2024-04-01,20,Monterrey,MTY_Guadalupe,9,7,391.9,0.0
Mexico,2024-04-01,20,Monterrey,Independencia,16,13,705.0,0.0
Mexico,2024-04-01,20,Monterrey,Tec,6,5,280.5,0.0
Mexico,2024-04-01,21,Monterrey,Centro,5,6,284.9,0.0
Mexico,2024-04-01,21,Monterrey,Mitras Centro,14,14,774.2,0.0
Mexico,2024-04-01,21,Monterrey,Apodaca Centro,6,5,291.8,0.0
Mexico,2024-04-01,21,Monterrey,Escobedo,8,7,411.4,0.0
Mexico,2024-04-01,21,Monterrey,Carretera Nacional,10,11,630.2,0.0
Mexico,2024-04-01,21,Monterrey,MTY_Apodaca_Huinalá,16,14,653.7,0.0
Mexico,2024-04-01,21,Monterrey,San Nicolás,5,5,235.6,0.0
Mexico,2024-04-01,21,Monterrey,Santa Catarina,7,8,433.7,0.0
Mexico,2024-04-01,21,Monterrey,San Pedro,7,9,518.6,0.0
Mexico,2024-04-01,21,Monterrey,Cumbres Poniente,10,11,548.6,0.0
Mexico,2024-04-01,21,Monterrey,La Fe,15,12,694.0,0.0
Mexico,2024-04-01,21,Monterrey,MTY_Guadalupe,9,8,464.0,0.0
Mexico,2024-04-01,21,Monterrey,Independencia,9,7,318.5,0.0
Mexico,2024-04-01,21,Monterrey,Tec,11,8,468.4,0.0
Mexico,2024-04-01,22,Monterrey,Centro,5,5,233.3,0.0
Mexico,2024-04-01,22,Monterrey,Mitras Centro,7,6,271.6,0.0
Mexico,2024-04-01,22,Monterrey,Apodaca Centro,1,3,148.1,0.0
Mexico,2024-04-01,22,Monterrey,Escobedo,4,6,295.3,0.0
Mexico,2024-04-01,22,Monterrey,Carretera Nacional,7,4,182.8,0.0
Mexico,2024-04-01,22,Monterrey,MTY_Apodaca_Huinalá,7,4,224.6,0.0
Mexico,2024-04-01,22,Monterrey,San Nicolás,8,6,345.4,0.0
Mexico,2024-04-01,22,Monterrey,Santa Catarina,8,6,323.9,0.0
Mexico,2024-04-01,22,Monterrey,San Pedro,1,3,137.9,0.0
Mexico,2024-04-01,22,Monterrey,Cumbres Poniente,6,3,154.6,0.0
Mexico,2024-04-01,22,Monterrey,La Fe,10,9,436.6,0.0
Mexico,2024-04-01,22,Monterrey,MTY_Guadalupe,10,7,341.7,0.0
Mexico,2024-04-01,22,Monterrey,Independencia,4,3,156.1,0.0
Mexico,2024-04-01,22,Monterrey,Tec,5,7,315.8,0.0
Mexico,2024-04-01,23,Monterrey,Centro,1,1,51.9,0.0
Mexico,2024-04-01,23,Monterrey,Mitras Centro,1,3,152.9,0.0
Mexico,2024-04-01,23,Monterrey,Apodaca Centro,2,2,116.4,0.0
Mexico,2024-04-01,23,Monterrey,Escobedo,3,3,140.9,0.0
Mexico,2024-04-01,23,Monterrey,Carretera Nacional,9,7,390.4,0.0
Mexico,2024-04-01,23,Monterrey,MTY_Apodaca_Huinalá,6,3,146.6,0.0
Mexico,2024-04-01,23,Monterrey,San Nicolás,6,3,171.0,0.0
Mexico,2024-04-01,23,Monterrey,Santa Catarina,4,6,354.8,0.0
Mexico,2024-04-01,23,Monterrey,San Pedro,3,4,188.3,0.0
Mexico,2024-04-01,23,Monterrey,Cumbres Poniente,5,2,93.6,0.0
Mexico,2024-04-01,23,Monterrey,La Fe,1,3,166.3,0.0
Mexico,2024-04-01,23,Monterrey,MTY_Guadalupe,3,5,279.7,0.0
Mexico,2024-04-01,23,Monterrey,Independencia,7,8,406.1,0.0
Mexico,2024-04-01,23,Monterrey,Tec,5,5,270.1,0.0
Mexico,2024-04-02,0,Monterrey,Centro,2,4,200.8,0.0
Mexico,2024-04-02,0,Monterrey,Mitras Centro,2,1,50.7,0.0
Mexico,2024-04-02,0,Monterrey,Apodaca Centro,1,0,0.0,0.0
Mexico,2024-04-02,0,Monterrey,Escobedo,7,6,285.1,0.0
Mexico,2024-04-02,0,Monterrey,Carretera Nacional,8,5,227.3,0.0
Mexico,2024-04-02,0,Monterrey,MTY_Apodaca_Huinalá,2,2,94.4,0.0
Mexico,2024-04-02,0,Monterrey,San Nicolás,8,5,270.2,0.0
Mexico,2024-04-02,0,Monterrey,Santa Catarina,9,7,365.2,0.0
Mexico,2024-04-02,0,Monterrey,San Pedro,3,4,195.6,0.0
Mexico,2024-04-02,0,Monterrey,Cumbres Poniente,3,2,97.1,0.0
Mexico,2024-04-02,0,Monterrey,La Fe,4,5,261.7,0.0
Mexico,2024-04-02,0,Monterrey,MTY_Guadalupe,8,7,404.5,0.0
Mexico,2024-04-02,0,Monterrey,Independencia,9,6,281.8,0.0
Mexico,2024-04-02,0,Monterrey,Tec,6,6,316.2,0.0
Mexico,2024-04-02,1,Monterrey,Centro,5,7,353.0,0.0
Mexico,2024-04-02,1,Monterrey,Mitras Centro,11,9,464.3,0.0
Mexico,2024-04-02,1,Monterrey,Apodaca Centro,5,6,312.9,0.0
Mexico,2024-04-02,1,Monterrey,Escobedo,4,5,250.0,0.0
Mexico,2024-04-02,1,Monterrey,Carretera Nacional,9,6,271.3,0.0
Mexico,2024-04-02,1,Monterrey,MTY_Apodaca_Huinalá,8,10,558.5,0.0
Mexico,2024-04-02,1,Monterrey,San Nicolás,2,2,100.5,0.0
Mexico,2024-04-02,1,Monterrey,Santa Catarina,5,3,139.5,0.0
Mexico,2024-04-02,1,Monterrey,San Pedro,4,5,230.5,0.0
Mexico,2024-04-02,1,Monterrey,Cumbres Poniente,7,4,189.1,0.0
Mexico,2024-04-02,1,Monterrey,La Fe,3,1,57.6,0.0
Mexico,2024-04-02,1,Monterrey,MTY_Guadalupe,2,2,100.7,0.0
Mexico,2024-04-02,1,Monterrey,Independencia,7,6,327.3,0.0
Mexico,2024-04-02,1,Monterrey,Tec,7,4,211.2,0.0
Mexico,2024-04-02,2,Monterrey,Centro,3,4,223.3,0.0
Mexico,2024-04-02,2,Monterrey,Mitras Centro,5,3,137.1,0.0
Mexico,2024-04-02,2,Monterrey,Apodaca Centro,6,4,236.4,0.0
Mexico,2024-04-02,2,Monterrey,Escobedo,3,4,198.8,0.0
Mexico,2024-04-02,2,Monterrey,Carretera Nacional,6,7,374.3,0.0
Mexico,2024-04-02,2,Monterrey,MTY_Apodaca_Huinalá,7,6,281.7,0.0
Mexico,2024-04-02,2,Monterrey,San Nicolás,9,6,356.1,0.0
Mexico,2024-04-02,2,Monterrey,Santa Catarina,6,5,289.4,0.0
Mexico,2024-04-02,2,Monterrey,San Pedro,8,7,386.2,0.0
Mexico,2024-04-02,2,Monterrey,Cumbres Poniente,6,5,228.9,0.0
Mexico,2024-04-02,2,Monterrey,La Fe,6,4,183.5,0.0
Mexico,2024-04-02,2,Monterrey,MTY_Guadalupe,6,4,234.7,0.0
Mexico,2024-04-02,2,Monterrey,Independencia,6,5,269.6,0.0
Mexico,2024-04-02,2,Monterrey,Tec,2,1,45.6,0.0
Mexico,2024-04-02,3,Monterrey,Centro,5,4,187.5,0.0
Mexico,2024-04-02,3,Monterrey,Mitras Centro,6,3,154.6,0.0
Mexico,2024-04-02,3,Monterrey,Apodaca Centro,8,6,328.2,0.0
Mexico,2024-04-02,3,Monterrey,Escobedo,9,6,283.7,0.0
Mexico,2024-04-02,3,Monterrey,Carretera Nacional,5,7,340.1,0.0
Mexico,2024-04-02,3,Monterrey,MTY_Apodaca_Huinalá,10,10,472.0,0.0
Mexico,2024-04-02,3,Monterrey,San Nicolás,8,7,371.6,0.0
Mexico,2024-04-02,3,Monterrey,Santa Catarina,8,5,256.2,0.0
Mexico,2024-04-02,3,Monterrey,San Pedro,12,9,480.7,0.0
Mexico,2024-04-02,3,Monterrey,Cumbres Poniente,6,8,383.6,0.0
Mexico,2024-04-02,3,Monterrey,La Fe,11,8,361.6,0.0
Mexico,2024-04-02,3,Monterrey,MTY_Guadalupe,1,3,178.2,0.0
Mexico,2024-04-02,3,Monterrey,Independencia,4,6,311.2,0.0
Mexico,2024-04-02,3,Monterrey,Tec,9,10,498.3,0.0
Mexico,2024-04-02,4,Monterrey,Centro,3,3,175.3,0.0
Mexico,2024-04-02,4,Monterrey,Mitras Centro,1,0,0.0,0.0
Mexico,2024-04-02,4,Monterrey,Apodaca Centro,6,5,231.8,0.0
Mexico,2024-04-02,4,Monterrey,Escobedo,1,1,49.1,0.0
Mexico,2024-04-02,4,Monterrey,Carretera Nacional,9,9,434.8,0.0
Mexico,2024-04-02,4,Monterrey,MTY_Apodaca_Huinalá,1,1,47.2,0.0
Mexico,2024-04-02,4,Monterrey,San Nicolás,6,6,295.4,0.0
Mexico,2024-04-02,4,Monterrey,Santa Catarina,10,8,390.6,0.0
Mexico,2024-04-02,4,Monterrey,San Pedro,5,2,92.1,0.0
Mexico,2024-04-02,4,Monterrey,Cumbres Poniente,5,6,339.7,0.0
Mexico,2024-04-02,4,Monterrey,La Fe,5,4,205.5,0.0
Mexico,2024-04-02,4,Monterrey,MTY_Guadalupe,4,1,53.0,0.0
Mexico,2024-04-02,4,Monterrey,Independencia,7,4,180.6,0.0
Mexico,2024-04-02,4,Monterrey,Tec,4,3,145.1,0.0
Mexico,2024-04-02,5,Monterrey,Centro,10,7,350.4,0.0
Mexico,2024-04-02,5,Monterrey,Mitras Centro,5,5,256.1,0.0
Mexico,2024-04-02,5,Monterrey,Apodaca Centro,5,2,107.5,0.0
Mexico,2024-04-02,5,Monterrey,Escobedo,4,3,163.4,0.0
Mexico,2024-04-02,5,Monterrey,Carretera Nacional,4,5,277.3,0.0
Mexico,2024-04-02,5,Monterrey,MTY_Apodaca_Huinalá,10,8,385.6,0.0
Mexico,2024-04-02,5,Monterrey,San Nicolás,6,4,236.8,0.0
Mexico,2024-04-02,5,Monterrey,Santa Catarina,7,6,281.2,0.0
Mexico,2024-04-02,5,Monterrey,San Pedro,7,7,360.1,0.0
Mexico,2024-04-02,5,Monterrey,Cumbres Poniente,6,6,347.9,0.0
Mexico,2024-04-02,5,Monterrey,La Fe,8,5,271.9,0.0
Mexico,2024-04-02,5,Monterrey,MTY_Guadalupe,4,3,143.4,0.0
Mexico,2024-04-02,5,Monterrey,Independencia,3,2,108.6,0.0
Mexico,2024-04-02,5,Monterrey,Tec,7,4,185.0,0.0
Mexico,2024-04-02,6,Monterrey,Centro,1,3,163.9,0.0
Mexico,2024-04-02,6,Monterrey,Mitras Centro,7,5,249.4,0.0
Mexico,2024-04-02,6,Monterrey,Apodaca Centro,2,3,143.1,0.0
Mexico,2024-04-02,6,Monterrey,Escobedo,7,6,276.7,0.0
Mexico,2024-04-02,6,Monterrey,Carretera Nacional,7,7,322.9,0.0
Mexico,2024-04-02,6,Monterrey,MTY_Apodaca_Huinalá,8,5,273.1,0.0
Mexico,2024-04-02,6,Monterrey,San Nicolás,6,7,405.9,0.0
Mexico,2024-04-02,6,Monterrey,Santa Catarina,9,6,326.3,0.0
Mexico,2024-04-02,6,Monterrey,San Pedro,1,3,159.4,0.0
Mexico,2024-04-02,6,Monterrey,Cumbres Poniente,7,7,360.5,0.0
Mexico,2024-04-02,6,Monterrey,La Fe,3,5,257.9,0.0
Mexico,2024-04-02,6,Monterrey,MTY_Guadalupe,8,7,316.4,0.0
Mexico,2024-04-02,6,Monterrey,Independencia,3,3,155.7,0.0
Mexico,2024-04-02,6,Monterrey,Tec,12,9,458.7,0.0
Mexico,2024-04-02,7,Monterrey,Centro,5,5,265.4,0.0
Mexico,2024-04-02,7,Monterrey,Mitras Centro,8,7,402.5,0.0
Mexico,2024-04-02,7,Monterrey,Apodaca Centro,5,5,269.9,0.0
Mexico,2024-04-02,7,Monterrey,Escobedo,5,4,186.3,0.0
Mexico,2024-04-02,7,Monterrey,Carretera Nacional,7,5,284.0,0.0
Mexico,2024-04-02,7,Monterrey,MTY_Apodaca_Huinalá,7,6,292.5,0.0
Mexico,2024-04-02,7,Monterrey,San Nicolás,9,7,349.3,0.0
Mexico,2024-04-02,7,Monterrey,Santa Catarina,5,5,287.2,0.0
Mexico,2024-04-02,7,Monterrey,San Pedro,5,7,331.8,0.0
Mexico,2024-04-02,7,Monterrey,Cumbres Poniente,2,4,224.4,0.0
Mexico,2024-04-02,7,Monterrey,La Fe,7,7,340.4,0.0
Mexico,2024-04-02,7,Monterrey,MTY_Guadalupe,4,3,149.0,0.0
Mexico,2024-04-02,7,Monterrey,Independencia,6,3,178.2,0.0
Mexico,2024-04-02,7,Monterrey,Tec,6,7,349.4,0.0
Mexico,2024-04-02,8,Monterrey,Centro,6,4,200.2,0.0
Mexico,2024-04-02,8,Monterrey,Mitras Centro,3,5,296.4,0.0
Mexico,2024-04-02,8,Monterrey,Apodaca Centro,13,11,630.5,0.0
Mexico,2024-04-02,8,Monterrey,Escobedo,10,8,409.2,0.0
Mexico,2024-04-02,8,Monterrey,Carretera Nacional,1,2,92.0,0.0
Mexico,2024-04-02,8,Monterrey,MTY_Apodaca_Huinalá,5,6,316.2,0.0
Mexico,2024-04-02,8,Monterrey,San Nicolás,4,4,201.0,0.0
Mexico,2024-04-02,8,Monterrey,Santa Catarina,4,3,137.0,0.0
Mexico,2024-04-02,8,Monterrey,San Pedro,5,7,376.0,0.0
Mexico,2024-04-02,8,Monterrey,Cumbres Poniente,6,6,325.8,0.0
Mexico,2024-04-02,8,Monterrey,La Fe,9,8,462.3,0.0
Mexico,2024-04-02,8,Monterrey,MTY_Guadalupe,9,7,337.6,0.0
Mexico,2024-04-02,8,Monterrey,Independencia,3,4,188.0,0.0
Mexico,2024-04-02,8,Monterrey,Tec,11,8,392.3,0.0
Mexico,2024-04-02,9,Monterrey,Centro,9,8,452.8,0.0
Mexico,2024-04-02,9,Monterrey,Mitras Centro,6,4,232.8,0.0
Mexico,2024-04-02,9,Monterrey,Apodaca Centro,1,2,113.5,0.0
Mexico,2024-04-02,9,Monterrey,Escobedo,6,6,343.1,0.0
Mexico,2024-04-02,9,Monterrey,Carretera Nacional,7,7,340.4,0.0
Mexico,2024-04-02,9,Monterrey,MTY_Apodaca_Huinalá,3,2,116.8,0.0
Mexico,2024-04-02,9,Monterrey,San Nicolás,3,2,109.6,0.0
Mexico,2024-04-02,9,Monterrey,Santa Catarina,4,1,58.7,0.0
Mexico,2024-04-02,9,Monterrey,San Pedro,4,4,217.5,0.0
Mexico,2024-04-02,9,Monterrey,Cumbres Poniente,8,8,464.2,0.0
Mexico,2024-04-02,9,Monterrey,La Fe,9,6,342.4,0.0
Mexico,2024-04-02,9,Monterrey,MTY_Guadalupe,4,5,233.3,0.0
Mexico,2024-04-02,9,Monterrey,Independencia,8,5,236.7,0.0
Mexico,2024-04-02,9,Monterrey,Tec,8,7,387.0,0.0
Mexico,2024-04-02,10,Monterrey,Centro,8,9,529.4,0.0
Mexico,2024-04-02,10,Monterrey,Mitras Centro,5,3,154.1,0.0
Mexico,2024-04-02,10,Monterrey,Apodaca Centro,7,5,298.2,0.0
Mexico,2024-04-02,10,Monterrey,Escobedo,7,5,292.3,0.0
Mexico,2024-04-02,10,Monterrey,Carretera Nacional,7,5,298.2,0.0
Mexico,2024-04-02,10,Monterrey,MTY_Apodaca_Huinalá,6,5,237.6,0.0
Mexico,2024-04-02,10,Monterrey,San Nicolás,5,3,158.8,0.0
Mexico,2024-04-02,10,Monterrey,Santa Catarina,3,3,149.7,0.0
Mexico,2024-04-02,10,Monterrey,San Pedro,1,3,150.9,0.0
Mexico,2024-04-02,10,Monterrey,Cumbres Poniente,8,5,261.3,0.0
Mexico,2024-04-02,10,Monterrey,La Fe,8,5,248.4,0.0
Mexico,2024-04-02,10,Monterrey,MTY_Guadalupe,1,0,0.0,0.0
Mexico,2024-04-02,10,Monterrey,Independencia,3,4,207.5,0.0
Mexico,2024-04-02,10,Monterrey,Tec,10,11,572.7,0.0
Mexico,2024-04-02,11,Monterrey,Centro,6,5,256.2,0.0
Mexico,2024-04-02,11,Monterrey,Mitras Centro,15,12,693.8,0.0
Mexico,2024-04-02,11,Monterrey,Apodaca Centro,10,7,330.0,0.0
Mexico,2024-04-02,11,Monterrey,Escobedo,6,4,227.8,0.0
Mexico,2024-04-02,11,Monterrey,Carretera Nacional,2,3,158.5,0.0
Mexico,2024-04-02,11,Monterrey,MTY_Apodaca_Huinalá,3,5,236.4,0.0
Mexico,2024-04-02,11,Monterrey,San Nicolás,8,5,270.7,0.0
Mexico,2024-04-02,11,Monterrey,Santa Catarina,4,3,169.2,0.0
Mexico,2024-04-02,11,Monterrey,San Pedro,9,6,312.8,0.0
Mexico,2024-04-02,11,Monterrey,Cumbres Poniente,2,4,208.1,0.0
Mexico,2024-04-02,11,Monterrey,La Fe,10,9,502.8,0.0
Mexico,2024-04-02,11,Monterrey,MTY_Guadalupe,1,3,162.5,0.0
Mexico,2024-04-02,11,Monterrey,Independencia,1,2,96.3,0.0
Mexico,2024-04-02,11,Monterrey,Tec,6,8,388.1,0.0
Mexico,2024-04-02,12,Monterrey,Centro,2,4,219.2,0.0
Mexico,2024-04-02,12,Monterrey,Mitras Centro,3,5,246.1,0.0
Mexico,2024-04-02,12,Monterrey,Apodaca Centro,4,3,179.6,0.0
Mexico,2024-04-02,12,Monterrey,Escobedo,1,3,139.0,0.0
Mexico,2024-04-02,12,Monterrey,Carretera Nacional,8,7,343.7,0.0
Mexico,2024-04-02,12,Monterrey,MTY_Apodaca_Huinalá,7,4,219.7,0.0
Mexico,2024-04-02,12,Monterrey,San Nicolás,8,7,405.8,0.0
Mexico,2024-04-02,12,Monterrey,Santa Catarina,4,6,309.6,0.0
Mexico,2024-04-02,12,Monterrey,San Pedro,9,7,366.7,0.0
Mexico,2024-04-02,12,Monterrey,Cumbres Poniente,6,4,201.3,0.0
Mexico,2024-04-02,12,Monterrey,La Fe,2,2,117.9,0.0
Mexico,2024-04-02,12,Monterrey,MTY_Guadalupe,6,6,342.1,0.0
Mexico,2024-04-02,12,Monterrey,Independencia,5,3,161.3,0.0
Mexico,2024-04-02,12,Monterrey,Tec,12,10,572.8,0.0
Mexico,2024-04-02,13,Monterrey,Centro,7,9,408.7,2.5
Mexico,2024-04-02,13,Monterrey,Mitras Centro,9,10,542.1,2.5
Mexico,2024-04-02,13,Monterrey,Apodaca Centro,7,7,409.3,2.5
Mexico,2024-04-02,13,Monterrey,Escobedo,9,12,603.1,2.5
Mexico,2024-04-02,13,Monterrey,Carretera Nacional,4,9,480.2,2.5
Mexico,2024-04-02,13,Monterrey,MTY_Apodaca_Huinalá,6,9,434.9,2.5
Mexico,2024-04-02,13,Monterrey,San Nicolás,9,9,507.9,2.5
Mexico,2024-04-02,13,Monterrey,Santa Catarina,10,13,588.3,2.5
Mexico,2024-04-02,13,Monterrey,San Pedro,7,12,648.3,2.5
Mexico,2024-04-02,13,Monterrey,Cumbres Poniente,16,16,758.7,2.5
Mexico,2024-04-02,13,Monterrey,La Fe,10,11,532.0,2.5
Mexico,2024-04-02,13,Monterrey,MTY_Guadalupe,4,7,319.6,2.5
Mexico,2024-04-02,13,Monterrey,Independencia,10,12,639.1,2.5
Mexico,2024-04-02,13,Monterrey,Tec,8,9,464.2,2.5
Mexico,2024-04-02,14,Monterrey,Centro,19,18,921.6,0.5
Mexico,2024-04-02,14,Monterrey,Mitras Centro,15,12,572.7,0.5
Mexico,2024-04-02,14,Monterrey,Apodaca Centro,10,10,489.4,0.5
Mexico,2024-04-02,14,Monterrey,Escobedo,9,8,470.0,0.5
Mexico,2024-04-02,14,Monterrey,Carretera Nacional,11,11,510.1,0.5
Mexico,2024-04-02,14,Monterrey,MTY_Apodaca_Huinalá,10,8,411.4,0.5
Mexico,2024-04-02,14,Monterrey,San Nicolás,13,10,466.1,0.5
Mexico,2024-04-02,14,Monterrey,Santa Catarina,12,13,749.6,0.5
Mexico,2024-04-02,14,Monterrey,San Pedro,12,10,585.2,0.5
Mexico,2024-04-02,14,Monterrey,Cumbres Poniente,11,11,656.4,0.5
Mexico,2024-04-02,14,Monterrey,La Fe,17,19,915.1,0.5
Mexico,2024-04-02,14,Monterrey,MTY_Guadalupe,12,9,510.7,0.5
Mexico,2024-04-02,14,Monterrey,Independencia,10,12,594.8,0.5
Mexico,2024-04-02,14,Monterrey,Tec,9,7,338.4,0.5
Mexico,2024-04-02,15,Monterrey,Centro,1,3,170.9,0.0
Mexico,2024-04-02,15,Monterrey,Mitras Centro,4,5,230.8,0.0
Mexico,2024-04-02,15,Monterrey,Apodaca Centro,4,5,294.5,0.0
Mexico,2024-04-02,15,Monterrey,Escobedo,1,2,90.3,0.0
Mexico,2024-04-02,15,Monterrey,Carretera Nacional,11,8,425.3,0.0
Mexico,2024-04-02,15,Monterrey,MTY_Apodaca_Huinalá,7,6,306.9,0.0
Mexico,2024-04-02,15,Monterrey,San Nicolás,5,3,139.0,0.0
Mexico,2024-04-02,15,Monterrey,Santa Catarina,4,2,92.5,0.0
Mexico,2024-04-02,15,Monterrey,San Pedro,5,3,167.7,0.0
Mexico,2024-04-02,15,Monterrey,Cumbres Poniente,6,5,266.1,0.0
Mexico,2024-04-02,15,Monterrey,La Fe,7,4,182.1,0.0
Mexico,2024-04-02,15,Monterrey,MTY_Guadalupe,7,7,358.2,0.0
Mexico,2024-04-02,15,Monterrey,Independencia,9,6,318.2,0.0
Mexico,2024-04-02,15,Monterrey,Tec,2,1,46.2,0.0
Mexico,2024-04-02,16,Monterrey,Centro,4,8,412.1,5.0
Mexico,2024-04-02,16,Monterrey,Mitras Centro,2,5,245.9,5.0
Mexico,2024-04-02,16,Monterrey,Apodaca Centro,1,3,136.8,5.0
Mexico,2024-04-02,16,Monterrey,Escobedo,3,7,345.2,5.0
Mexico,2024-04-02,16,Monterrey,Carretera Nacional,1,3,161.7,5.0
Mexico,2024-04-02,16,Monterrey,MTY_Apodaca_Huinalá,4,6,354.9,5.0
Mexico,2024-04-02,16,Monterrey,San Nicolás,1,5,288.7,5.0
Mexico,2024-04-02,16,Monterrey,Santa Catarina,1,3,153.5,5.0
Mexico,2024-04-02,16,Monterrey,San Pedro,1,1,46.2,5.0
Mexico,2024-04-02,16,Monterrey,Cumbres Poniente,1,2,110.2,5.0
Mexico,2024-04-02,16,Monterrey,La Fe,6,7,322.3,5.0
Mexico,2024-04-02,16,Monterrey,MTY_Guadalupe,3,5,299.4,5.0
Mexico,2024-04-02,16,Monterrey,Independencia,6,9,529.8,5.0
Mexico,2024-04-02,16,Monterrey,Tec,1,3,149.6,5.0
Mexico,2024-04-02,17,Monterrey,Centro,1,3,155.7,0.0
Mexico,2024-04-02,17,Monterrey,Mitras Centro,7,7,352.4,0.0
Mexico,2024-04-02,17,Monterrey,Apodaca Centro,3,1,59.4,0.0
Mexico,2024-04-02,17,Monterrey,Escobedo,6,4,239.3,0.0
Mexico,2024-04-02,17,Monterrey,Carretera Nacional,3,3,172.3,0.0
Mexico,2024-04-02,17,Monterrey,MTY_Apodaca_Huinalá,4,3,161.2,0.0
Mexico,2024-04-02,17,Monterrey,San Nicolás,6,6,302.8,0.0
Mexico,2024-04-02,17,Monterrey,Santa Catarina,6,6,335.7,0.0
Mexico,2024-04-02,17,Monterrey,San Pedro,5,2,99.2,0.0
Mexico,2024-04-02,17,Monterrey,Cumbres Poniente,5,5,260.9,0.0
Mexico,2024-04-02,17,Monterrey,La Fe,3,3,161.4,0.0
Mexico,2024-04-02,17,Monterrey,MTY_Guadalupe,4,4,196.3,0.0
Mexico,2024-04-02,17,Monterrey,Independencia,6,6,351.7,0.0
Mexico,2024-04-02,17,Monterrey,Tec,13,14,716.6,0.0
Mexico,2024-04-02,18,Monterrey,Centro,7,4,208.0,0.5
Mexico,2024-04-02,18,Monterrey,Mitras Centro,3,2,119.9,0.5
Mexico,2024-04-02,18,Monterrey,Apodaca Centro,4,4,180.0,0.5
Mexico,2024-04-02,18,Monterrey,Escobedo,5,7,330.9,0.5
Mexico,2024-04-02,18,Monterrey,Carretera Nacional,7,5,275.7,0.5
Mexico,2024-04-02,18,Monterrey,MTY_Apodaca_Huinalá,6,3,151.4,0.5
Mexico,2024-04-02,18,Monterrey,San Nicolás,3,2,106.2,0.5
Mexico,2024-04-02,18,Monterrey,Santa Catarina,4,4,189.1,0.5
Mexico,2024-04-02,18,Monterrey,San Pedro,7,7,398.1,0.5
Mexico,2024-04-02,18,Monterrey,Cumbres Poniente,4,5,297.8,0.5
Mexico,2024-04-02,18,Monterrey,La Fe,5,2,104.1,0.5
Mexico,2024-04-02,18,Monterrey,MTY_Guadalupe,1,2,104.4,0.5
Mexico,2024-04-02,18,Monterrey,Independencia,6,4,196.8,0.5
Mexico,2024-04-02,18,Monterrey,Tec,4,4,191.4,0.5
Mexico,2024-04-02,19,Monterrey,Centro,14,14,803.5,0.0
Mexico,2024-04-02,19,Monterrey,Mitras Centro,13,11,506.2,0.0
Mexico,2024-04-02,19,Monterrey,Apodaca Centro,12,10,512.1,0.0
Mexico,2024-04-02,19,Monterrey,Escobedo,9,11,589.3,0.0
Mexico,2024-04-02,19,Monterrey,Carretera Nacional,9,7,395.2,0.0
Mexico,2024-04-02,19,Monterrey,MTY_Apodaca_Huinalá,9,10,462.0,0.0
Mexico,2024-04-02,19,Monterrey,San Nicolás,9,9,505.2,0.0
Mexico,2024-04-02,19,Monterrey,Santa Catarina,8,7,356.8,0.0
Mexico,2024-04-02,19,Monterrey,San Pedro,9,10,471.8,0.0
Mexico,2024-04-02,19,Monterrey,Cumbres Poniente,12,10,533.0,0.0
Mexico,2024-04-02,19,Monterrey,La Fe,9,7,320.1,0.0
Mexico,2024-04-02,19,Monterrey,MTY_Guadalupe,3,5,292.7,0.0
Mexico,2024-04-02,19,Monterrey,Independencia,9,10,591.9,0.0
Mexico,2024-04-02,19,Monterrey,Tec,12,14,826.8,0.0
Mexico,2024-04-02,20,Monterrey,Centro,9,12,664.3,2.5
Mexico,2024-04-02,20,Monterrey,Mitras Centro,12,12,608.8,2.5
Mexico,2024-04-02,20,Monterrey,Apodaca Centro,8,10,475.5,2.5
Mexico,2024-04-02,20,Monterrey,Escobedo,1,3,153.7,2.5
Mexico,2024-04-02,20,Monterrey,Carretera Nacional,3,6,357.1,2.5
Mexico,2024-04-02,20,Monterrey,MTY_Apodaca_Huinalá,4,5,232.3,2.5
Mexico,2024-04-02,20,Monterrey,San Nicolás,8,12,599.8,2.5
Mexico,2024-04-02,20,Monterrey,Santa Catarina,8,13,711.3,2.5
Mexico,2024-04-02,20,Monterrey,San Pedro,10,14,813.6,2.5
Mexico,2024-04-02,20,Monterrey,Cumbres Poniente,9,14,762.5,2.5
Mexico,2024-04-02,20,Monterrey,La Fe,12,12,575.1,2.5
Mexico,2024-04-02,20,Monterrey,MTY_Guadalupe,11,13,697.8,2.5
Mexico,2024-04-02,20,Monterrey,Independencia,10,14,816.9,2.5
Mexico,2024-04-02,20,Monterrey,Tec,11,11,561.5,2.5
Mexico,2024-04-02,21,Monterrey,Centro,15,12,542.0,0.0
Mexico,2024-04-02,21,Monterrey,Mitras Centro,11,12,703.3,0.0
Mexico,2024-04-02,21,Monterrey,Apodaca Centro,9,9,499.6,0.0
Mexico,2024-04-02,21,Monterrey,Escobedo,10,8,416.6,0.0
Mexico,2024-04-02,21,Monterrey,Carretera Nacional,9,10,460.4,0.0
Mexico,2024-04-02,21,Monterrey,MTY_Apodaca_Huinalá,12,13,593.4,0.0
Mexico,2024-04-02,21,Monterrey,San Nicolás,14,12,642.1,0.0
Mexico,2024-04-02,21,Monterrey,Santa Catarina,12,11,538.1,0.0
Mexico,2024-04-02,21,Monterrey,San Pedro,7,9,429.7,0.0
Mexico,2024-04-02,21,Monterrey,Cumbres Poniente,8,8,394.3,0.0
Mexico,2024-04-02,21,Monterrey,La Fe,15,12,558.8,0.0
Mexico,2024-04-02,21,Monterrey,MTY_Guadalupe,4,6,278.2,0.0
Mexico,2024-04-02,21,Monterrey,Independencia,13,11,515.7,0.0
Mexico,2024-04-02,21,Monterrey,Tec,5,7,317.4,0.0
Mexico,2024-04-02,22,Monterrey,Centro,10,9,511.7,0.5
Mexico,2024-04-02,22,Monterrey,Mitras Centro,2,4,184.9,0.5
Mexico,2024-04-02,22,Monterrey,Apodaca Centro,4,3,135.7,0.5
Mexico,2024-04-02,22,Monterrey,Escobedo,3,5,226.5,0.5
Mexico,2024-04-02,22,Monterrey,Carretera Nacional,9,9,411.6,0.5
Mexico,2024-04-02,22,Monterrey,MTY_Apodaca_Huinalá,6,4,192.6,0.5
Mexico,2024-04-02,22,Monterrey,San Nicolás,2,3,165.6,0.5
Mexico,2024-04-02,22,Monterrey,Santa Catarina,7,5,282.4,0.5
Mexico,2024-04-02,22,Monterrey,San Pedro,10,7,353.5,0.5
Mexico,2024-04-02,22,Monterrey,Cumbres Poniente,6,3,153.2,0.5
Mexico,2024-04-02,22,Monterrey,La Fe,11,8,437.0,0.5
Mexico,2024-04-02,22,Monterrey,MTY_Guadalupe,3,3,146.2,0.5
Mexico,2024-04-02,22,Monterrey,Independencia,6,7,414.2,0.5
Mexico,2024-04-02,22,Monterrey,Tec,4,5,229.8,0.5
Mexico,2024-04-02,23,Monterrey,Centro,1,0,0.0,0.0
Mexico,2024-04-02,23,Monterrey,Mitras Centro,5,7,377.8,0.0
Mexico,2024-04-02,23,Monterrey,Apodaca Centro,4,4,237.6,0.0
Mexico,2024-04-02,23,Monterrey,Escobedo,2,2,115.1,0.0
Mexico,2024-04-02,23,Monterrey,Carretera Nacional,11,8,408.3,0.0
Mexico,2024-04-02,23,Monterrey,MTY_Apodaca_Huinalá,4,5,255.6,0.0
Mexico,2024-04-02,23,Monterrey,San Nicolás,5,5,272.2,0.0
Mexico,2024-04-02,23,Monterrey,Santa Catarina,8,7,370.4,0.0
Mexico,2024-04-02,23,Monterrey,San Pedro,5,3,153.7,0.0
Mexico,2024-04-02,23,Monterrey,Cumbres Poniente,1,3,161.8,0.0
Mexico,2024-04-02,23,Monterrey,La Fe,4,6,294.9,0.0
Mexico,2024-04-02,23,Monterrey,MTY_Guadalupe,2,4,206.1,0.0
Mexico,2024-04-02,23,Monterrey,Independencia,5,3,173.8,0.0
Mexico,2024-04-02,23,Monterrey,Tec,5,5,230.1,0.0
Mexico,2024-04-03,0,Monterrey,Centro,3,5,278.9,0.0
Mexico,2024-04-03,0,Monterrey,Mitras Centro,4,1,46.6,0.0
Mexico,2024-04-03,0,Monterrey,Apodaca Centro,7,4,200.5,0.0
Mexico,2024-04-03,0,Monterrey,Escobedo,4,5,265.1,0.0
Mexico,2024-04-03,0,Monterrey,Carretera Nacional,6,3,146.2,0.0
Mexico,2024-04-03,0,Monterrey,MTY_Apodaca_Huinalá,7,6,355.9,0.0
Mexico,2024-04-03,0,Monterrey,San Nicolás,2,1,57.4,0.0
Mexico,2024-04-03,0,Monterrey,Santa Catarina,1,0,0.0,0.0
Mexico,2024-04-03,0,Monterrey,San Pedro,1,3,148.1,0.0
Mexico,2024-04-03,0,Monterrey,Cumbres Poniente,9,6,275.4,0.0
Mexico,2024-04-03,0,Monterrey,La Fe,6,3,176.2,0.0
Mexico,2024-04-03,0,Monterrey,MTY_Guadalupe,2,3,143.6,0.0
Mexico,2024-04-03,0,Monterrey,Independencia,8,6,313.5,0.0
Mexico,2024-04-03,0,Monterrey,Tec,4,4,233.3,0.0
Mexico,2024-04-03,1,Monterrey,Centro,4,4,222.1,0.0
Mexico,2024-04-03,1,Monterrey,Mitras Centro,5,6,277.9,0.0
Mexico,2024-04-03,1,Monterrey,Apodaca Centro,1,2,96.3,0.0
Mexico,2024-04-03,1,Monterrey,Escobedo,6,7,326.4,0.0
Mexico,2024-04-03,1,Monterrey,Carretera Nacional,4,6,317.8,0.0
Mexico,2024-04-03,1,Monterrey,MTY_Apodaca_Huinalá,10,12,575.4,0.0
Mexico,2024-04-03,1,Monterrey,San Nicolás,4,6,287.4,0.0
Mexico,2024-04-03,1,Monterrey,Santa Catarina,6,5,226.9,0.0
Mexico,2024-04-03,1,Monterrey,San Pedro,7,4,192.1,0.0
Mexico,2024-04-03,1,Monterrey,Cumbres Poniente,6,5,234.2,0.0
Mexico,2024-04-03,1,Monterrey,La Fe,8,6,319.9,0.0
Mexico,2024-04-03,1,Monterrey,MTY_Guadalupe,2,4,233.4,0.0
Mexico,2024-04-03,1,Monterrey,Independencia,1,1,56.1,0.0
Mexico,2024-04-03,1,Monterrey,Tec,4,3,145.2,0.0
Mexico,2024-04-03,2,Monterrey,Centro,6,8,411.7,0.0
Mexico,2024-04-03,2,Monterrey,Mitras Centro,12,9,458.3,0.0
Mexico,2024-04-03,2,Monterrey,Apodaca Centro,5,3,155.9,0.0
Mexico,2024-04-03,2,Monterrey,Escobedo,7,4,197.5,0.0
Mexico,2024-04-03,2,Monterrey,Carretera Nacional,11,9,488.5,0.0
Mexico,2024-04-03,2,Monterrey,MTY_Apodaca_Huinalá,3,4,238.6,0.0
Mexico,2024-04-03,2,Monterrey,San Nicolás,7,6,333.1,0.0
Mexico,2024-04-03,2,Monterrey,Santa Catarina,5,6,299.5,0.0
Mexico,2024-04-03,2,Monterrey,San Pedro,7,7,386.4,0.0
Mexico,2024-04-03,2,Monterrey,Cumbres Poniente,8,5,240.9,0.0
Mexico,2024-04-03,2,Monterrey,La Fe,5,3,154.6,0.0
Mexico,2024-04-03,2,Monterrey,MTY_Guadalupe,4,5,232.6,0.0
Mexico,2024-04-03,2,Monterrey,Independencia,3,4,202.8,0.0
Mexico,2024-04-03,2,Monterrey,Tec,9,10,500.2,0.0
Mexico,2024-04-03,3,Monterrey,Centro,4,3,157.8,0.0
Mexico,2024-04-03,3,Monterrey,Mitras Centro,5,4,235.4,0.0
Mexico,2024-04-03,3,Monterrey,Apodaca Centro,4,3,149.2,0.0
Mexico,2024-04-03,3,Monterrey,Escobedo,2,2,112.2,0.0
Mexico,2024-04-03,3,Monterrey,Carretera Nacional,3,5,257.2,0.0
Mexico,2024-04-03,3,Monterrey,MTY_Apodaca_Huinalá,1,2,95.8,0.0
Mexico,2024-04-03,3,Monterrey,San Nicolás,3,4,204.1,0.0
Mexico,2024-04-03,3,Monterrey,Santa Catarina,8,6,273.6,0.0
Mexico,2024-04-03,3,Monterrey,San Pedro,6,5,242.4,0.0
Mexico,2024-04-03,3,Monterrey,Cumbres Poniente,8,9,507.3,0.0
Mexico,2024-04-03,3,Monterrey,La Fe,2,3,176.1,0.0
Mexico,2024-04-03,3,Monterrey,MTY_Guadalupe,7,7,393.1,0.0
Mexico,2024-04-03,3,Monterrey,Independencia,2,3,173.3,0.0
Mexico,2024-04-03,3,Monterrey,Tec,6,4,218.9,0.0
Mexico,2024-04-03,4,Monterrey,Centro,4,3,165.4,0.5
Mexico,2024-04-03,4,Monterrey,Mitras Centro,3,4,236.7,0.5
Mexico,2024-04-03,4,Monterrey,Apodaca Centro,8,7,403.1,0.5
Mexico,2024-04-03,4,Monterrey,Escobedo,1,2,114.5,0.5
Mexico,2024-04-03,4,Monterrey,Carretera Nacional,9,6,286.8,0.5
Mexico,2024-04-03,4,Monterrey,MTY_Apodaca_Huinalá,3,5,282.4,0.5
Mexico,2024-04-03,4,Monterrey,San Nicolás,5,5,240.3,0.5
Mexico,2024-04-03,4,Monterrey,Santa Catarina,3,4,228.1,0.5
Mexico,2024-04-03,4,Monterrey,San Pedro,3,5,269.5,0.5
Mexico,2024-04-03,4,Monterrey,Cumbres Poniente,4,3,145.4,0.5
Mexico,2024-04-03,4,Monterrey,La Fe,9,6,283.7,0.5
Mexico,2024-04-03,4,Monterrey,MTY_Guadalupe,9,6,273.5,0.5
Mexico,2024-04-03,4,Monterrey,Independencia,11,10,521.3,0.5
Mexico,2024-04-03,4,Monterrey,Tec,7,6,349.0,0.5
Mexico,2024-04-03,5,Monterrey,Centro,4,5,288.0,0.0
Mexico,2024-04-03,5,Monterrey,Mitras Centro,4,6,285.0,0.0
Mexico,2024-04-03,5,Monterrey,Apodaca Centro,10,7,351.9,0.0
Mexico,2024-04-03,5,Monterrey,Escobedo,4,6,339.7,0.0
Mexico,2024-04-03,5,Monterrey,Carretera Nacional,5,4,213.7,0.0
Mexico,2024-04-03,5,Monterrey,MTY_Apodaca_Huinalá,4,6,350.5,0.0
Mexico,2024-04-03,5,Monterrey,San Nicolás,7,8,398.9,0.0
Mexico,2024-04-03,5,Monterrey,Santa Catarina,10,9,447.7,0.0
Mexico,2024-04-03,5,Monterrey,San Pedro,3,5,225.5,0.0
Mexico,2024-04-03,5,Monterrey,Cumbres Poniente,3,5,226.8,0.0
Mexico,2024-04-03,5,Monterrey,La Fe,9,8,477.3,0.0
Mexico,2024-04-03,5,Monterrey,MTY_Guadalupe,9,9,428.0,0.0
Mexico,2024-04-03,5,Monterrey,Independencia,8,7,389.1,0.0
Mexico,2024-04-03,5,Monterrey,Tec,6,3,143.2,0.0
Mexico,2024-04-03,6,Monterrey,Centro,8,5,294.4,0.0
Mexico,2024-04-03,6,Monterrey,Mitras Centro,2,4,194.6,0.0
Mexico,2024-04-03,6,Monterrey,Apodaca Centro,11,8,392.0,0.0
Mexico,2024-04-03,6,Monterrey,Escobedo,1,2,100.6,0.0
Mexico,2024-04-03,6,Monterrey,Carretera Nacional,5,4,210.8,0.0
Mexico,2024-04-03,6,Monterrey,MTY_Apodaca_Huinalá,5,5,270.5,0.0
Mexico,2024-04-03,6,Monterrey,San Nicolás,5,2,119.6,0.0
Mexico,2024-04-03,6,Monterrey,Santa Catarina,7,7,322.6,0.0
Mexico,2024-04-03,6,Monterrey,San Pedro,2,4,196.3,0.0
Mexico,2024-04-03,6,Monterrey,Cumbres Poniente,4,2,101.0,0.0
Mexico,2024-04-03,6,Monterrey,La Fe,8,5,251.9,0.0
Mexico,2024-04-03,6,Monterrey,MTY_Guadalupe,7,4,221.2,0.0
Mexico,2024-04-03,6,Monterrey,Independencia,4,3,145.2,0.0
Mexico,2024-04-03,6,Monterrey,Tec,6,5,279.5,0.0
Mexico,2024-04-03,7,Monterrey,Centro,9,7,315.2,0.0
Mexico,2024-04-03,7,Monterrey,Mitras Centro,5,5,228.8,0.0
Mexico,2024-04-03,7,Monterrey,Apodaca Centro,4,3,149.5,0.0
Mexico,2024-04-03,7,Monterrey,Escobedo,9,6,297.2,0.0
Mexico,2024-04-03,7,Monterrey,Carretera Nacional,2,4,218.8,0.0
Mexico,2024-04-03,7,Monterrey,MTY_Apodaca_Huinalá,5,3,174.0,0.0
Mexico,2024-04-03,7,Monterrey,San Nicolás,8,5,268.9,0.0
Mexico,2024-04-03,7,Monterrey,Santa Catarina,7,6,326.3,0.0
Mexico,2024-04-03,7,Monterrey,San Pedro,1,2,117.0,0.0
Mexico,2024-04-03,7,Monterrey,Cumbres Poniente,8,6,347.2,0.0
Mexico,2024-04-03,7,Monterrey,La Fe,5,7,402.8,0.0
Mexico,2024-04-03,7,Monterrey,MTY_Guadalupe,7,6,358.4,0.0
Mexico,2024-04-03,7,Monterrey,Independencia,2,3,137.9,0.0
Mexico,2024-04-03,7,Monterrey,Tec,7,9,537.4,0.0
Mexico,2024-04-03,8,Monterrey,Centro,5,5,232.7,0.0
Mexico,2024-04-03,8,Monterrey,Mitras Centro,3,1,51.7,0.0
Mexico,2024-04-03,8,Monterrey,Apodaca Centro,4,4,188.2,0.0
Mexico,2024-04-03,8,Monterrey,Escobedo,8,6,338.4,0.0
Mexico,2024-04-03,8,Monterrey,Carretera Nacional,1,3,139.1,0.0
Mexico,2024-04-03,8,Monterrey,MTY_Apodaca_Huinalá,7,4,236.9,0.0
Mexico,2024-04-03,8,Monterrey,San Nicolás,6,3,179.9,0.0
Mexico,2024-04-03,8,Monterrey,Santa Catarina,8,9,452.6,0.0
Mexico,2024-04-03,8,Monterrey,San Pedro,6,5,250.7,0.0
Mexico,2024-04-03,8,Monterrey,Cumbres Poniente,3,4,230.1,0.0
Mexico,2024-04-03,8,Monterrey,La Fe,2,4,205.9,0.0
Mexico,2024-04-03,8,Monterrey,MTY_Guadalupe,2,2,111.4,0.0
Mexico,2024-04-03,8,Monterrey,Independencia,3,4,225.5,0.0
Mexico,2024-04-03,8,Monterrey,Tec,3,5,251.3,0.0
Mexico,2024-04-03,9,Monterrey,Centro,3,4,197.7,0.0
Mexico,2024-04-03,9,Monterrey,Mitras Centro,5,6,351.6,0.0
Mexico,2024-04-03,9,Monterrey,Apodaca Centro,9,6,278.4,0.0
Mexico,2024-04-03,9,Monterrey,Escobedo,1,2,93.2,0.0
Mexico,2024-04-03,9,Monterrey,Carretera Nacional,6,5,286.6,0.0
Mexico,2024-04-03,9,Monterrey,MTY_Apodaca_Huinalá,9,7,360.3,0.0
Mexico,2024-04-03,9,Monterrey,San Nicolás,7,4,208.0,0.0
Mexico,2024-04-03,9,Monterrey,Santa Catarina,2,4,226.8,0.0
Mexico,2024-04-03,9,Monterrey,San Pedro,11,9,437.3,0.0
Mexico,2024-04-03,9,Monterrey,Cumbres Poniente,3,4,223.3,0.0
Mexico,2024-04-03,9,Monterrey,La Fe,4,2,99.0,0.0
Mexico,2024-04-03,9,Monterrey,MTY_Guadalupe,9,6,271.5,0.0
Mexico,2024-04-03,9,Monterrey,Independencia,9,8,452.4,0.0
Mexico,2024-04-03,9,Monterrey,Tec,4,5,245.4,0.0
Mexico,2024-04-03,10,Monterrey,Centro,7,5,293.0,0.0
Mexico,2024-04-03,10,Monterrey,Mitras Centro,5,2,91.7,0.0
Mexico,2024-04-03,10,Monterrey,Apodaca Centro,7,7,352.9,0.0
Mexico,2024-04-03,10,Monterrey,Escobedo,3,5,286.2,0.0
Mexico,2024-04-03,10,Monterrey,Carretera Nacional,9,8,362.0,0.0
Mexico,2024-04-03,10,Monterrey,MTY_Apodaca_Huinalá,3,5,296.9,0.0
Mexico,2024-04-03,10,Monterrey,San Nicolás,4,4,180.5,0.0
Mexico,2024-04-03,10,Monterrey,Santa Catarina,1,2,90.2,0.0
Mexico,2024-04-03,10,Monterrey,San Pedro,9,7,361.2,0.0
Mexico,2024-04-03,10,Monterrey,Cumbres Poniente,4,4,206.9,0.0
Mexico,2024-04-03,10,Monterrey,La Fe,9,6,296.2,0.0
Mexico,2024-04-03,10,Monterrey,MTY_Guadalupe,1,2,107.6,0.0
Mexico,2024-04-03,10,Monterrey,Independencia,8,5,261.5,0.0
Mexico,2024-04-03,10,Monterrey,Tec,7,7,320.3,0.0
Mexico,2024-04-03,11,Monterrey,Centro,5,5,275.0,0.0
Mexico,2024-04-03,11,Monterrey,Mitras Centro,6,4,237.9,0.0
Mexico,2024-04-03,11,Monterrey,Apodaca Centro,5,3,175.2,0.0
Mexico,2024-04-03,11,Monterrey,Escobedo,2,2,106.0,0.0
Mexico,2024-04-03,11,Monterrey,Carretera Nacional,3,5,226.5,0.0
Mexico,2024-04-03,11,Monterrey,MTY_Apodaca_Huinalá,7,4,231.5,0.0
Mexico,2024-04-03,11,Monterrey,San Nicolás,6,4,217.4,0.0
Mexico,2024-04-03,11,Monterrey,Santa Catarina,10,8,440.7,0.0
Mexico,2024-04-03,11,Monterrey,San Pedro,8,5,236.1,0.0
Mexico,2024-04-03,11,Monterrey,Cumbres Poniente,6,6,356.4,0.0
Mexico,2024-04-03,11,Monterrey,La Fe,1,1,55.5,0.0
Mexico,2024-04-03,11,Monterrey,MTY_Guadalupe,3,1,57.3,0.0
Mexico,2024-04-03,11,Monterrey,Independencia,4,2,92.2,0.0
Mexico,2024-04-03,11,Monterrey,Tec,8,6,289.2,0.0
Mexico,2024-04-03,12,Monterrey,Centro,2,4,228.2,0.0
Mexico,2024-04-03,12,Monterrey,Mitras Centro,6,7,342.4,0.0
Mexico,2024-04-03,12,Monterrey,Apodaca Centro,1,1,46.5,0.0
Mexico,2024-04-03,12,Monterrey,Escobedo,2,3,135.7,0.0
Mexico,2024-04-03,12,Monterrey,Carretera Nacional,5,6,348.6,0.0
Mexico,2024-04-03,12,Monterrey,MTY_Apodaca_Huinalá,3,4,222.0,0.0
Mexico,2024-04-03,12,Monterrey,San Nicolás,8,8,455.6,0.0
Mexico,2024-04-03,12,Monterrey,Santa Catarina,2,3,161.5,0.0
Mexico,2024-04-03,12,Monterrey,San Pedro,12,10,519.1,0.0
Mexico,2024-04-03,12,Monterrey,Cumbres Poniente,1,2,98.7,0.0
Mexico,2024-04-03,12,Monterrey,La Fe,1,3,143.3,0.0
Mexico,2024-04-03,12,Monterrey,MTY_Guadalupe,7,4,205.1,0.0
Mexico,2024-04-03,12,Monterrey,Independencia,4,5,286.4,0.0
Mexico,2024-04-03,12,Monterrey,Tec,3,5,263.9,0.0
Mexico,2024-04-03,13,Monterrey,Centro,9,6,336.1,0.0
Mexico,2024-04-03,13,Monterrey,Mitras Centro,11,8,392.4,0.0
Mexico,2024-04-03,13,Monterrey,Apodaca Centro,13,12,671.2,0.0
Mexico,2024-04-03,13,Monterrey,Escobedo,11,10,450.6,0.0
Mexico,2024-04-03,13,Monterrey,Carretera Nacional,13,13,614.5,0.0
Mexico,2024-04-03,13,Monterrey,MTY_Apodaca_Huinalá,10,8,424.8,0.0
Mexico,2024-04-03,13,Monterrey,San Nicolás,5,4,204.6,0.0
Mexico,2024-04-03,13,Monterrey,Santa Catarina,15,16,847.9,0.0
Mexico,2024-04-03,13,Monterrey,San Pedro,11,12,570.3,0.0
Mexico,2024-04-03,13,Monterrey,Cumbres Poniente,10,10,599.0,0.0
Mexico,2024-04-03,13,Monterrey,La Fe,6,6,274.5,0.0
Mexico,2024-04-03,13,Monterrey,MTY_Guadalupe,2,4,224.6,0.0
Mexico,2024-04-03,13,Monterrey,Independencia,15,12,628.8,0.0
Mexico,2024-04-03,13,Monterrey,Tec,18,16,933.3,0.0
Mexico,2024-04-03,14,Monterrey,Centro,9,9,412.6,0.0
Mexico,2024-04-03,14,Monterrey,Mitras Centro,6,6,295.1,0.0
Mexico,2024-04-03,14,Monterrey,Apodaca Centro,12,9,476.1,0.0
Mexico,2024-04-03,14,Monterrey,Escobedo,13,11,549.7,0.0
Mexico,2024-04-03,14,Monterrey,Carretera Nacional,15,12,714.6,0.0
Mexico,2024-04-03,14,Monterrey,MTY_Apodaca_Huinalá,16,13,635.1,0.0
Mexico,2024-04-03,14,Monterrey,San Nicolás,8,5,283.7,0.0
Mexico,2024-04-03,14,Monterrey,Santa Catarina,19,16,753.9,0.0
Mexico,2024-04-03,14,Monterrey,San Pedro,15,15,691.3,0.0
Mexico,2024-04-03,14,Monterrey,Cumbres Poniente,11,12,633.9,0.0
Mexico,2024-04-03,14,Monterrey,La Fe,7,8,391.0,0.0
Mexico,2024-04-03,14,Monterrey,MTY_Guadalupe,7,8,466.7,0.0
Mexico,2024-04-03,14,Monterrey,Independencia,13,12,679.1,0.0
Mexico,2024-04-03,14,Monterrey,Tec,12,13,614.5,0.0
Mexico,2024-04-03,15,Monterrey,Centro,6,3,142.9,0.0
Mexico,2024-04-03,15,Monterrey,Mitras Centro,6,4,213.2,0.0
Mexico,2024-04-03,15,Monterrey,Apodaca Centro,7,8,447.5,0.0
Mexico,2024-04-03,15,Monterrey,Escobedo,1,3,167.4,0.0
Mexico,2024-04-03,15,Monterrey,Carretera Nacional,2,3,153.0,0.0
Mexico,2024-04-03,15,Monterrey,MTY_Apodaca_Huinalá,8,5,264.0,0.0
Mexico,2024-04-03,15,Monterrey,San Nicolás,6,3,139.4,0.0
Mexico,2024-04-03,15,Monterrey,Santa Catarina,2,4,230.1,0.0
Mexico,2024-04-03,15,Monterrey,San Pedro,9,8,384.9,0.0
Mexico,2024-04-03,15,Monterrey,Cumbres Poniente,8,6,359.3,0.0
Mexico,2024-04-03,15,Monterrey,La Fe,5,5,272.3,0.0
Mexico,2024-04-03,15,Monterrey,MTY_Guadalupe,2,3,158.7,0.0
Mexico,2024-04-03,15,Monterrey,Independencia,9,7,348.0,0.0
Mexico,2024-04-03,15,Monterrey,Tec,7,4,206.5,0.0
Mexico,2024-04-03,16,Monterrey,Centro,8,6,291.9,0.0
Mexico,2024-04-03,16,Monterrey,Mitras Centro,4,4,218.7,0.0
Mexico,2024-04-03,16,Monterrey,Apodaca Centro,4,4,221.9,0.0
Mexico,2024-04-03,16,Monterrey,Escobedo,3,3,160.6,0.0
Mexico,2024-04-03,16,Monterrey,Carretera Nacional,5,7,371.9,0.0
Mexico,2024-04-03,16,Monterrey,MTY_Apodaca_Huinalá,4,5,274.8,0.0
Mexico,2024-04-03,16,Monterrey,San Nicolás,6,4,214.9,0.0
Mexico,2024-04-03,16,Monterrey,Santa Catarina,4,2,105.9,0.0
Mexico,2024-04-03,16,Monterrey,San Pedro,5,2,105.3,0.0
Mexico,2024-04-03,16,Monterrey,Cumbres Poniente,8,7,344.2,0.0
Mexico,2024-04-03,16,Monterrey,La Fe,5,7,384.3,0.0
Mexico,2024-04-03,16,Monterrey,MTY_Guadalupe,4,2,118.2,0.0
Mexico,2024-04-03,16,Monterrey,Independencia,1,3,149.0,0.0
Mexico,2024-04-03,16,Monterrey,Tec,10,7,325.8,0.0
Mexico,2024-04-03,17,Monterrey,Centro,3,5,263.6,0.0
Mexico,2024-04-03,17,Monterrey,Mitras Centro,7,4,196.1,0.0
Mexico,2024-04-03,17,Monterrey,Apodaca Centro,4,2,106.2,0.0
Mexico,2024-04-03,17,Monterrey,Escobedo,9,6,314.9,0.0
Mexico,2024-04-03,17,Monterrey,Carretera Nacional,4,3,150.6,0.0
Mexico,2024-04-03,17,Monterrey,MTY_Apodaca_Huinalá,6,5,251.7,0.0
Mexico,2024-04-03,17,Monterrey,San Nicolás,8,7,369.3,0.0
Mexico,2024-04-03,17,Monterrey,Santa Catarina,2,3,151.2,0.0
Mexico,2024-04-03,17,Monterrey,San Pedro,4,4,205.5,0.0
Mexico,2024-04-03,17,Monterrey,Cumbres Poniente,4,6,283.1,0.0
Mexico,2024-04-03,17,Monterrey,La Fe,7,6,339.4,0.0
Mexico,2024-04-03,17,Monterrey,MTY_Guadalupe,10,8,449.7,0.0
Mexico,2024-04-03,17,Monterrey,Independencia,12,10,578.8,0.0
Mexico,2024-04-03,17,Monterrey,Tec,1,3,146.3,0.0
Mexico,2024-04-03,18,Monterrey,Centro,5,7,388.1,0.0
Mexico,2024-04-03,18,Monterrey,Mitras Centro,6,6,338.5,0.0
Mexico,2024-04-03,18,Monterrey,Apodaca Centro,8,5,270.6,0.0
Mexico,2024-04-03,18,Monterrey,Escobedo,7,4,203.2,0.0
Mexico,2024-04-03,18,Monterrey,Carretera Nacional,5,2,95.1,0.0
Mexico,2024-04-03,18,Monterrey,MTY_Apodaca_Huinalá,6,6,354.8,0.0
Mexico,2024-04-03,18,Monterrey,San Nicolás,4,5,243.7,0.0
Mexico,2024-04-03,18,Monterrey,Santa Catarina,8,5,227.2,0.0
Mexico,2024-04-03,18,Monterrey,San Pedro,9,8,424.4,0.0
Mexico,2024-04-03,18,Monterrey,Cumbres Poniente,8,5,264.8,0.0
Mexico,2024-04-03,18,Monterrey,La Fe,8,5,261.4,0.0
Mexico,2024-04-03,18,Monterrey,MTY_Guadalupe,6,8,471.6,0.0
Mexico,2024-04-03,18,Monterrey,Independencia,3,4,207.0,0.0
Mexico,2024-04-03,18,Monterrey,Tec,9,10,515.7,0.0
Mexico,2024-04-03,19,Monterrey,Centro,9,9,438.9,0.0
Mexico,2024-04-03,19,Monterrey,Mitras Centro,8,8,427.2,0.0
Mexico,2024-04-03,19,Monterrey,Apodaca Centro,11,9,505.8,0.0
Mexico,2024-04-03,19,Monterrey,Escobedo,7,8,455.1,0.0
Mexico,2024-04-03,19,Monterrey,Carretera Nacional,9,8,389.6,0.0
Mexico,2024-04-03,19,Monterrey,MTY_Apodaca_Huinalá,6,4,216.4,0.0
Mexico,2024-04-03,19,Monterrey,San Nicolás,9,10,529.1,0.0
Mexico,2024-04-03,19,Monterrey,Santa Catarina,11,11,497.9,0.0
Mexico,2024-04-03,19,Monterrey,San Pedro,13,10,505.9,0.0
Mexico,2024-04-03,19,Monterrey,Cumbres Poniente,9,8,455.9,0.0
Mexico,2024-04-03,19,Monterrey,La Fe,12,13,741.6,0.0
Mexico,2024-04-03,19,Monterrey,MTY_Guadalupe,11,11,554.2,0.0
Mexico,2024-04-03,19,Monterrey,Independencia,9,11,589.3,0.0
Mexico,2024-04-03,19,Monterrey,Tec,10,12,613.2,0.0
Mexico,2024-04-03,20,Monterrey,Centro,13,13,714.0,0.5
Mexico,2024-04-03,20,Monterrey,Mitras Centro,13,15,773.7,0.5
Mexico,2024-04-03,20,Monterrey,Apodaca Centro,5,7,331.2,0.5
Mexico,2024-04-03,20,Monterrey,Escobedo,14,12,646.4,0.5
Mexico,2024-04-03,20,Monterrey,Carretera Nacional,11,12,681.6,0.5
Mexico,2024-04-03,20,Monterrey,MTY_Apodaca_Huinalá,15,14,677.0,0.5
Mexico,2024-04-03,20,Monterrey,San Nicolás,17,16,879.5,0.5
Mexico,2024-04-03,20,Monterrey,Santa Catarina,14,12,582.9,0.5
Mexico,2024-04-03,20,Monterrey,San Pedro,16,16,909.6,0.5
Mexico,2024-04-03,20,Monterrey,Cumbres Poniente,10,11,659.1,0.5
Mexico,2024-04-03,20,Monterrey,La Fe,12,12,613.4,0.5
Mexico,2024-04-03,20,Monterrey,MTY_Guadalupe,6,8,430.5,0.5
Mexico,2024-04-03,20,Monterrey,Independencia,5,6,359.9,0.5
Mexico,2024-04-03,20,Monterrey,Tec,8,8,432.2,0.5
Mexico,2024-04-03,21,Monterrey,Centro,13,11,640.4,0.0
Mexico,2024-04-03,21,Monterrey,Mitras Centro,9,8,456.8,0.0
Mexico,2024-04-03,21,Monterrey,Apodaca Centro,15,13,673.4,0.0
Mexico,2024-04-03,21,Monterrey,Escobedo,7,9,485.8,0.0
Mexico,2024-04-03,21,Monterrey,Carretera Nacional,6,8,472.9,0.0
Mexico,2024-04-03,21,Monterrey,MTY_Apodaca_Huinalá,16,14,699.9,0.0
Mexico,2024-04-03,21,Monterrey,San Nicolás,8,6,312.1,0.0
Mexico,2024-04-03,21,Monterrey,Santa Catarina,6,8,371.8,0.0
Mexico,2024-04-03,21,Monterrey,San Pedro,11,11,583.3,0.0
Mexico,2024-04-03,21,Monterrey,Cumbres Poniente,14,11,503.6,0.0
Mexico,2024-04-03,21,Monterrey,La Fe,11,10,530.3,0.0
Mexico,2024-04-03,21,Monterrey,MTY_Guadalupe,19,16,835.7,0.0
Mexico,2024-04-03,21,Monterrey,Independencia,18,19,872.1,0.0
Mexico,2024-04-03,21,Monterrey,Tec,8,10,510.8,0.0
Mexico,2024-04-03,22,Monterrey,Centro,7,4,217.1,0.5
Mexico,2024-04-03,22,Monterrey,Mitras Centro,3,4,210.9,0.5
Mexico,2024-04-03,22,Monterrey,Apodaca Centro,4,6,332.1,0.5
Mexico,2024-04-03,22,Monterrey,Escobedo,9,6,348.6,0.5
Mexico,2024-04-03,22,Monterrey,Carretera Nacional,3,5,296.8,0.5
Mexico,2024-04-03,22,Monterrey,MTY_Apodaca_Huinalá,4,5,238.5,0.5
Mexico,2024-04-03,22,Monterrey,San Nicolás,2,3,149.5,0.5
Mexico,2024-04-03,22,Monterrey,Santa Catarina,4,5,274.5,0.5
Mexico,2024-04-03,22,Monterrey,San Pedro,5,6,298.8,0.5
Mexico,2024-04-03,22,Monterrey,Cumbres Poniente,3,3,146.8,0.5
Mexico,2024-04-03,22,Monterrey,La Fe,6,4,184.2,0.5
Mexico,2024-04-03,22,Monterrey,MTY_Guadalupe,9,6,307.1,0.5
Mexico,2024-04-03,22,Monterrey,Independencia,4,3,159.7,0.5
Mexico,2024-04-03,22,Monterrey,Tec,7,7,361.8,0.5
Mexico,2024-04-03,23,Monterrey,Centro,4,6,338.7,0.0
Mexico,2024-04-03,23,Monterrey,Mitras Centro,2,3,145.9,0.0
Mexico,2024-04-03,23,Monterrey,Apodaca Centro,9,6,356.0,0.0
Mexico,2024-04-03,23,Monterrey,Escobedo,8,5,292.7,0.0
Mexico,2024-04-03,23,Monterrey,Carretera Nacional,6,3,163.9,0.0
Mexico,2024-04-03,23,Monterrey,MTY_Apodaca_Huinalá,2,4,220.3,0.0
Mexico,2024-04-03,23,Monterrey,San Nicolás,9,6,272.8,0.0
Mexico,2024-04-03,23,Monterrey,Santa Catarina,6,3,175.3,0.0
Mexico,2024-04-03,23,Monterrey,San Pedro,8,6,339.0,0.0
Mexico,2024-04-03,23,Monterrey,Cumbres Poniente,4,3,165.4,0.0
Mexico,2024-04-03,23,Monterrey,La Fe,1,1,49.2,0.0
Mexico,2024-04-03,23,Monterrey,MTY_Guadalupe,4,4,233.7,0.0
Mexico,2024-04-03,23,Monterrey,Independencia,7,6,358.6,0.0
Mexico,2024-04-03,23,Monterrey,Tec,2,4,207.3,0.0
Mexico,2024-04-04,0,Monterrey,Centro,6,7,412.9,0.5
Mexico,2024-04-04,0,Monterrey,Mitras Centro,1,2,94.1,0.5
Mexico,2024-04-04,0,Monterrey,Apodaca Centro,3,5,259.1,0.5
Mexico,2024-04-04,0,Monterrey,Escobedo,4,3,154.6,0.5
Mexico,2024-04-04,0,Monterrey,Carretera Nacional,7,6,271.8,0.5
Mexico,2024-04-04,0,Monterrey,MTY_Apodaca_Huinalá,7,6,308.9,0.5
Mexico,2024-04-04,0,Monterrey,San Nicolás,2,2,108.6,0.5
Mexico,2024-04-04,0,Monterrey,Santa Catarina,3,2,112.7,0.5
Mexico,2024-04-04,0,Monterrey,San Pedro,4,2,115.1,0.5
Mexico,2024-04-04,0,Monterrey,Cumbres Poniente,5,3,179.9,0.5
Mexico,2024-04-04,0,Monterrey,La Fe,8,8,409.0,0.5
Mexico,2024-04-04,0,Monterrey,MTY_Guadalupe,3,4,222.1,0.5
Mexico,2024-04-04,0,Monterrey,Independencia,3,5,230.3,0.5
Mexico,2024-04-04,0,Monterrey,Tec,9,6,336.5,0.5
Mexico,2024-04-04,1,Monterrey,Centro,5,4,182.8,0.5
Mexico,2024-04-04,1,Monterrey,Mitras Centro,5,5,232.8,0.5
Mexico,2024-04-04,1,Monterrey,Apodaca Centro,7,8,463.7,0.5
Mexico,2024-04-04,1,Monterrey,Escobedo,8,6,313.5,0.5
Mexico,2024-04-04,1,Monterrey,Carretera Nacional,6,7,349.1,0.5
Mexico,2024-04-04,1,Monterrey,MTY_Apodaca_Huinalá,4,5,253.5,0.5
Mexico,2024-04-04,1,Monterrey,San Nicolás,7,6,281.8,0.5
Mexico,2024-04-04,1,Monterrey,Santa Catarina,4,6,296.4,0.5
Mexico,2024-04-04,1,Monterrey,San Pedro,10,7,330.5,0.5
Mexico,2024-04-04,1,Monterrey,Cumbres Poniente,9,7,416.6,0.5
Mexico,2024-04-04,1,Monterrey,La Fe,7,6,295.6,0.5
Mexico,2024-04-04,1,Monterrey,MTY_Guadalupe,2,4,206.0,0.5
Mexico,2024-04-04,1,Monterrey,Independencia,5,5,261.0,0.5
Mexico,2024-04-04,1,Monterrey,Tec,6,6,319.7,0.5
Mexico,2024-04-04,2,Monterrey,Centro,6,3,171.8,0.0
Mexico,2024-04-04,2,Monterrey,Mitras Centro,5,4,209.1,0.0
Mexico,2024-04-04,2,Monterrey,Apodaca Centro,3,4,232.5,0.0
Mexico,2024-04-04,2,Monterrey,Escobedo,5,5,291.1,0.0
Mexico,2024-04-04,2,Monterrey,Carretera Nacional,7,9,426.7,0.0
Mexico,2024-04-04,2,Monterrey,MTY_Apodaca_Huinalá,6,5,247.0,0.0
Mexico,2024-04-04,2,Monterrey,San Nicolás,3,3,148.4,0.0
Mexico,2024-04-04,2,Monterrey,Santa Catarina,5,4,184.0,0.0
Mexico,2024-04-04,2,Monterrey,San Pedro,3,5,270.6,0.0
Mexico,2024-04-04,2,Monterrey,Cumbres Poniente,4,6,287.0,0.0
Mexico,2024-04-04,2,Monterrey,La Fe,3,1,48.5,0.0
Mexico,2024-04-04,2,Monterrey,MTY_Guadalupe,4,3,152.8,0.0
Mexico,2024-04-04,2,Monterrey,Independencia,9,7,382.8,0.0
Mexico,2024-04-04,2,Monterrey,Tec,3,1,47.5,0.0
Mexico,2024-04-04,3,Monterrey,Centro,11,9,520.5,0.0
Mexico,2024-04-04,3,Monterrey,Mitras Centro,7,4,216.3,0.0
Mexico,2024-04-04,3,Monterrey,Apodaca Centro,3,2,97.5,0.0
Mexico,2024-04-04,3,Monterrey,Escobedo,12,9,462.2,0.0
Mexico,2024-04-04,3,Monterrey,Carretera Nacional,4,4,228.8,0.0
Mexico,2024-04-04,3,Monterrey,MTY_Apodaca_Huinalá,1,1,48.7,0.0
Mexico,2024-04-04,3,Monterrey,San Nicolás,5,4,210.8,0.0
Mexico,2024-04-04,3,Monterrey,Santa Catarina,4,3,155.1,0.0
Mexico,2024-04-04,3,Monterrey,San Pedro,6,5,233.7,0.0
Mexico,2024-04-04,3,Monterrey,Cumbres Poniente,6,4,202.1,0.0
Mexico,2024-04-04,3,Monterrey,La Fe,4,4,191.0,0.0
Mexico,2024-04-04,3,Monterrey,MTY_Guadalupe,6,5,234.6,0.0
Mexico,2024-04-04,3,Monterrey,Independencia,2,2,118.7,0.0
Mexico,2024-04-04,3,Monterrey,Tec,10,7,378.4,0.0
Mexico,2024-04-04,4,Monterrey,Centro,4,6,273.6,0.5
Mexico,2024-04-04,4,Monterrey,Mitras Centro,6,8,429.9,0.5
Mexico,2024-04-04,4,Monterrey,Apodaca Centro,4,4,200.6,0.5
Mexico,2024-04-04,4,Monterrey,Escobedo,7,5,296.8,0.5
Mexico,2024-04-04,4,Monterrey,Carretera Nacional,8,6,276.5,0.5
Mexico,2024-04-04,4,Monterrey,MTY_Apodaca_Huinalá,5,6,290.3,0.5
Mexico,2024-04-04,4,Monterrey,San Nicolás,7,5,226.7,0.5
Mexico,2024-04-04,4,Monterrey,Santa Catarina,3,4,227.0,0.5
Mexico,2024-04-04,4,Monterrey,San Pedro,12,10,467.9,0.5
Mexico,2024-04-04,4,Monterrey,Cumbres Poniente,5,7,406.9,0.5
Mexico,2024-04-04,4,Monterrey,La Fe,7,8,409.1,0.5
Mexico,2024-04-04,4,Monterrey,MTY_Guadalupe,5,6,343.9,0.5
Mexico,2024-04-04,4,Monterrey,Independencia,4,2,116.8,0.5
Mexico,2024-04-04,4,Monterrey,Tec,3,3,177.8,0.5
Mexico,2024-04-04,5,Monterrey,Centro,4,6,330.5,0.0
Mexico,2024-04-04,5,Monterrey,Mitras Centro,1,1,55.6,0.0
Mexico,2024-04-04,5,Monterrey,Apodaca Centro,6,7,419.7,0.0
Mexico,2024-04-04,5,Monterrey,Escobedo,5,6,322.2,0.0
Mexico,2024-04-04,5,Monterrey,Carretera Nacional,6,6,296.6,0.0
Mexico,2024-04-04,5,Monterrey,MTY_Apodaca_Huinalá,7,5,297.8,0.0
Mexico,2024-04-04,5,Monterrey,San Nicolás,7,8,373.5,0.0
Mexico,2024-04-04,5,Monterrey,Santa Catarina,9,7,320.9,0.0
Mexico,2024-04-04,5,Monterrey,San Pedro,1,2,100.7,0.0
Mexico,2024-04-04,5,Monterrey,Cumbres Poniente,5,4,215.5,0.0
Mexico,2024-04-04,5,Monterrey,La Fe,4,2,114.4,0.0
Mexico,2024-04-04,5,Monterrey,MTY_Guadalupe,7,4,182.3,0.0
Mexico,2024-04-04,5,Monterrey,Independencia,10,8,381.0,0.0
Mexico,2024-04-04,5,Monterrey,Tec,7,7,333.1,0.0
Mexico,2024-04-04,6,Monterrey,Centro,3,5,267.7,0.0
Mexico,2024-04-04,6,Monterrey,Mitras Centro,7,5,276.7,0.0
Mexico,2024-04-04,6,Monterrey,Apodaca Centro,7,6,300.6,0.0
Mexico,2024-04-04,6,Monterrey,Escobedo,3,0,0.0,0.0
Mexico,2024-04-04,6,Monterrey,Carretera Nacional,6,3,161.2,0.0
Mexico,2024-04-04,6,Monterrey,MTY_Apodaca_Huinalá,1,2,102.8,0.0
Mexico,2024-04-04,6,Monterrey,San Nicolás,6,3,160.5,0.0
Mexico,2024-04-04,6,Monterrey,Santa Catarina,8,5,235.6,0.0
Mexico,2024-04-04,6,Monterrey,San Pedro,1,0,0.0,0.0
Mexico,2024-04-04,6,Monterrey,Cumbres Poniente,7,7,363.7,0.0
Mexico,2024-04-04,6,Monterrey,La Fe,3,5,286.2,0.0
Mexico,2024-04-04,6,Monterrey,MTY_Guadalupe,9,7,356.1,0.0
Mexico,2024-04-04,6,Monterrey,Independencia,8,5,260.2,0.0
Mexico,2024-04-04,6,Monterrey,Tec,10,9,523.7,0.0
Mexico,2024-04-04,7,Monterrey,Centro,2,4,203.5,0.0
Mexico,2024-04-04,7,Monterrey,Mitras Centro,8,5,237.3,0.0
Mexico,2024-04-04,7,Monterrey,Apodaca Centro,4,2,119.6,0.0
Mexico,2024-04-04,7,Monterrey,Escobedo,3,2,97.4,0.0
Mexico,2024-04-04,7,Monterrey,Carretera Nacional,8,6,322.8,0.0
Mexico,2024-04-04,7,Monterrey,MTY_Apodaca_Huinalá,9,6,310.6,0.0
Mexico,2024-04-04,7,Monterrey,San Nicolás,4,5,286.0,0.0
Mexico,2024-04-04,7,Monterrey,Santa Catarina,6,3,166.1,0.0
Mexico,2024-04-04,7,Monterrey,San Pedro,3,4,220.8,0.0
Mexico,2024-04-04,7,Monterrey,Cumbres Poniente,5,3,135.6,0.0
Mexico,2024-04-04,7,Monterrey,La Fe,8,6,329.5,0.0
Mexico,2024-04-04,7,Monterrey,MTY_Guadalupe,4,3,153.1,0.0
Mexico,2024-04-04,7,Monterrey,Independencia,5,5,281.2,0.0
Mexico,2024-04-04,7,Monterrey,Tec,4,3,145.1,0.0
Mexico,2024-04-04,8,Monterrey,Centro,5,5,240.8,0.0
Mexico,2024-04-04,8,Monterrey,Mitras Centro,4,4,206.5,0.0
Mexico,2024-04-04,8,Monterrey,Apodaca Centro,9,7,365.3,0.0
Mexico,2024-04-04,8,Monterrey,Escobedo,3,2,104.8,0.0
Mexico,2024-04-04,8,Monterrey,Carretera Nacional,2,4,220.8,0.0
Mexico,2024-04-04,8,Monterrey,MTY_Apodaca_Huinalá,1,2,103.1,0.0
Mexico,2024-04-04,8,Monterrey,San Nicolás,3,3,173.4,0.0
Mexico,2024-04-04,8,Monterrey,Santa Catarina,7,7,368.5,0.0
Mexico,2024-04-04,8,Monterrey,San Pedro,4,6,351.4,0.0
Mexico,2024-04-04,8,Monterrey,Cumbres Poniente,9,6,350.4,0.0
Mexico,2024-04-04,8,Monterrey,La Fe,5,4,198.9,0.0
Mexico,2024-04-04,8,Monterrey,MTY_Guadalupe,5,3,166.0,0.0
Mexico,2024-04-04,8,Monterrey,Independencia,4,4,234.4,0.0
Mexico,2024-04-04,8,Monterrey,Tec,8,6,337.8,0.0
Mexico,2024-04-04,9,Monterrey,Centro,9,6,290.6,0.0
Mexico,2024-04-04,9,Monterrey,Mitras Centro,3,3,155.5,0.0
Mexico,2024-04-04,9,Monterrey,Apodaca Centro,3,4,186.1,0.0
Mexico,2024-04-04,9,Monterrey,Escobedo,3,3,137.5,0.0
Mexico,2024-04-04,9,Monterrey,Carretera Nacional,8,7,408.9,0.0
Mexico,2024-04-04,9,Monterrey,MTY_Apodaca_Huinalá,10,7,321.2,0.0
Mexico,2024-04-04,9,Monterrey,San Nicolás,7,9,441.2,0.0
Mexico,2024-04-04,9,Monterrey,Santa Catarina,3,3,156.2,0.0
Mexico,2024-04-04,9,Monterrey,San Pedro,8,7,382.5,0.0
Mexico,2024-04-04,9,Monterrey,Cumbres Poniente,6,4,237.9,0.0
Mexico,2024-04-04,9,Monterrey,La Fe,1,2,96.3,0.0
Mexico,2024-04-04,9,Monterrey,MTY_Guadalupe,1,3,146.2,0.0
Mexico,2024-04-04,9,Monterrey,Independencia,3,5,280.4,0.0
Mexico,2024-04-04,9,Monterrey,Tec,8,6,309.9,0.0
Mexico,2024-04-04,10,Monterrey,Centro,3,5,243.6,0.0
Mexico,2024-04-04,10,Monterrey,Mitras Centro,13,10,596.1,0.0
Mexico,2024-04-04,10,Monterrey,Apodaca Centro,3,5,284.5,0.0
Mexico,2024-04-04,10,Monterrey,Escobedo,7,4,187.6,0.0
Mexico,2024-04-04,10,Monterrey,Carretera Nacional,9,8,433.9,0.0
Mexico,2024-04-04,10,Monterrey,MTY_Apodaca_Huinalá,8,5,296.3,0.0
Mexico,2024-04-04,10,Monterrey,San Nicolás,1,2,97.2,0.0
Mexico,2024-04-04,10,Monterrey,Santa Catarina,4,5,253.9,0.0
Mexico,2024-04-04,10,Monterrey,San Pedro,9,6,274.7,0.0
Mexico,2024-04-04,10,Monterrey,Cumbres Poniente,7,6,351.9,0.0
Mexico,2024-04-04,10,Monterrey,La Fe,1,3,135.1,0.0
Mexico,2024-04-04,10,Monterrey,MTY_Guadalupe,6,5,252.4,0.0
Mexico,2024-04-04,10,Monterrey,Independencia,7,5,246.7,0.0
Mexico,2024-04-04,10,Monterrey,Tec,2,3,140.0,0.0
Mexico,2024-04-04,11,Monterrey,Centro,11,11,546.7,0.0
Mexico,2024-04-04,11,Monterrey,Mitras Centro,4,4,200.5,0.0
Mexico,2024-04-04,11,Monterrey,Apodaca Centro,7,5,264.5,0.0
Mexico,2024-04-04,11,Monterrey,Escobedo,6,3,170.7,0.0
Mexico,2024-04-04,11,Monterrey,Carretera Nacional,6,4,207.2,0.0
Mexico,2024-04-04,11,Monterrey,MTY_Apodaca_Huinalá,3,3,170.9,0.0
Mexico,2024-04-04,11,Monterrey,San Nicolás,1,3,179.8,0.0
Mexico,2024-04-04,11,Monterrey,Santa Catarina,4,2,92.6,0.0
Mexico,2024-04-04,11,Monterrey,San Pedro,3,2,99.6,0.0
Mexico,2024-04-04,11,Monterrey,Cumbres Poniente,8,6,323.0,0.0
Mexico,2024-04-04,11,Monterrey,La Fe,7,5,241.9,0.0
Mexico,2024-04-04,11,Monterrey,MTY_Guadalupe,6,4,181.1,0.0
Mexico,2024-04-04,11,Monterrey,Independencia,6,4,211.3,0.0
Mexico,2024-04-04,11,Monterrey,Tec,4,5,244.4,0.0
Mexico,2024-04-04,12,Monterrey,Centro,5,2,119.8,0.0
Mexico,2024-04-04,12,Monterrey,Mitras Centro,8,9,520.8,0.0
Mexico,2024-04-04,12,Monterrey,Apodaca Centro,7,4,192.7,0.0
Mexico,2024-04-04,12,Monterrey,Escobedo,7,5,285.2,0.0
Mexico,2024-04-04,12,Monterrey,Carretera Nacional,8,9,535.7,0.0
Mexico,2024-04-04,12,Monterrey,MTY_Apodaca_Huinalá,7,4,237.7,0.0
Mexico,2024-04-04,12,Monterrey,San Nicolás,13,10,543.9,0.0
Mexico,2024-04-04,12,Monterrey,Santa Catarina,9,6,324.7,0.0
Mexico,2024-04-04,12,Monterrey,San Pedro,5,5,263.6,0.0
Mexico,2024-04-04,12,Monterrey,Cumbres Poniente,4,6,312.3,0.0
Mexico,2024-04-04,12,Monterrey,La Fe,6,5,269.2,0.0
Mexico,2024-04-04,12,Monterrey,MTY_Guadalupe,10,8,389.0,0.0
Mexico,2024-04-04,12,Monterrey,Independencia,7,6,349.9,0.0
Mexico,2024-04-04,12,Monterrey,Tec,4,5,225.9,0.0
Mexico,2024-04-04,13,Monterrey,Centro,10,8,360.2,0.0
Mexico,2024-04-04,13,Monterrey,Mitras Centro,17,14,753.4,0.0
Mexico,2024-04-04,13,Monterrey,Apodaca Centro,18,18,900.1,0.0
Mexico,2024-04-04,13,Monterrey,Escobedo,15,12,674.5,0.0
Mexico,2024-04-04,13,Monterrey,Carretera Nacional,5,7,374.3,0.0
Mexico,2024-04-04,13,Monterrey,MTY_Apodaca_Huinalá,13,14,771.4,0.0
Mexico,2024-04-04,13,Monterrey,San Nicolás,6,6,345.9,0.0
Mexico,2024-04-04,13,Monterrey,Santa Catarina,9,7,409.7,0.0
Mexico,2024-04-04,13,Monterrey,San Pedro,8,8,474.4,0.0
Mexico,2024-04-04,13,Monterrey,Cumbres Poniente,5,5,226.1,0.0
Mexico,2024-04-04,13,Monterrey,La Fe,8,7,320.5,0.0
Mexico,2024-04-04,13,Monterrey,MTY_Guadalupe,18,15,694.2,0.0
Mexico,2024-04-04,13,Monterrey,Independencia,13,11,495.5,0.0
Mexico,2024-04-04,13,Monterrey,Tec,17,16,752.8,0.0
Mexico,2024-04-04,14,Monterrey,Centro,3,5,260.1,0.0
Mexico,2024-04-04,14,Monterrey,Mitras Centro,17,16,799.9,0.0
Mexico,2024-04-04,14,Monterrey,Apodaca Centro,7,9,447.7,0.0
Mexico,2024-04-04,14,Monterrey,Escobedo,12,9,530.1,0.0
Mexico,2024-04-04,14,Monterrey,Carretera Nacional,15,12,540.1,0.0
Mexico,2024-04-04,14,Monterrey,MTY_Apodaca_Huinalá,7,8,414.3,0.0
Mexico,2024-04-04,14,Monterrey,San Nicolás,15,14,683.0,0.0
Mexico,2024-04-04,14,Monterrey,Santa Catarina,10,10,523.4,0.0
Mexico,2024-04-04,14,Monterrey,San Pedro,12,13,680.1,0.0
Mexico,2024-04-04,14,Monterrey,Cumbres Poniente,14,12,662.4,0.0
Mexico,2024-04-04,14,Monterrey,La Fe,14,13,611.6,0.0
Mexico,2024-04-04,14,Monterrey,MTY_Guadalupe,16,15,823.9,0.0
Mexico,2024-04-04,14,Monterrey,Independencia,13,13,701.0,0.0
Mexico,2024-04-04,14,Monterrey,Tec,11,8,461.5,0.0
Mexico,2024-04-04,15,Monterrey,Centro,3,4,220.8,0.0
Mexico,2024-04-04,15,Monterrey,Mitras Centro,2,4,219.4,0.0
Mexico,2024-04-04,15,Monterrey,Apodaca Centro,9,8,383.8,0.0
Mexico,2024-04-04,15,Monterrey,Escobedo,6,5,245.2,0.0
Mexico,2024-04-04,15,Monterrey,Carretera Nacional,9,9,504.5,0.0
Mexico,2024-04-04,15,Monterrey,MTY_Apodaca_Huinalá,2,2,105.9,0.0
Mexico,2024-04-04,15,Monterrey,San Nicolás,7,6,313.9,0.0
Mexico,2024-04-04,15,Monterrey,Santa Catarina,1,3,153.8,0.0
Mexico,2024-04-04,15,Monterrey,San Pedro,9,6,284.5,0.0
Mexico,2024-04-04,15,Monterrey,Cumbres Poniente,3,4,228.0,0.0
Mexico,2024-04-04,15,Monterrey,La Fe,6,4,182.1,0.0
Mexico,2024-04-04,15,Monterrey,MTY_Guadalupe,10,8,425.6,0.0
Mexico,2024-04-04,15,Monterrey,Independencia,8,9,455.1,0.0
Mexico,2024-04-04,15,Monterrey,Tec,4,4,238.4,0.0
Mexico,2024-04-04,16,Monterrey,Centro,3,4,228.6,0.0
Mexico,2024-04-04,16,Monterrey,Mitras Centro,3,4,215.6,0.0
Mexico,2024-04-04,16,Monterrey,Apodaca Centro,11,8,370.4,0.0
Mexico,2024-04-04,16,Monterrey,Escobedo,4,4,197.6,0.0
Mexico,2024-04-04,16,Monterrey,Carretera Nacional,1,0,0.0,0.0
Mexico,2024-04-04,16,Monterrey,MTY_Apodaca_Huinalá,9,7,410.1,0.0
Mexico,2024-04-04,16,Monterrey,San Nicolás,10,9,498.4,0.0
Mexico,2024-04-04,16,Monterrey,Santa Catarina,5,7,384.9,0.0
Mexico,2024-04-04,16,Monterrey,San Pedro,6,5,253.9,0.0
Mexico,2024-04-04,16,Monterrey,Cumbres Poniente,5,3,147.9,0.0
Mexico,2024-04-04,16,Monterrey,La Fe,2,4,189.0,0.0
Mexico,2024-04-04,16,Monterrey,MTY_Guadalupe,1,2,112.4,0.0
Mexico,2024-04-04,16,Monterrey,Independencia,3,5,256.3,0.0
Mexico,2024-04-04,16,Monterrey,Tec,4,4,228.2,0.0
Mexico,2024-04-04,17,Monterrey,Centro,3,3,160.0,0.0
Mexico,2024-04-04,17,Monterrey,Mitras Centro,5,6,343.1,0.0
Mexico,2024-04-04,17,Monterrey,Apodaca Centro,3,4,223.9,0.0
Mexico,2024-04-04,17,Monterrey,Escobedo,6,3,163.2,0.0
Mexico,2024-04-04,17,Monterrey,Carretera Nacional,3,2,105.2,0.0
Mexico,2024-04-04,17,Monterrey,MTY_Apodaca_Huinalá,3,4,213.1,0.0
Mexico,2024-04-04,17,Monterrey,San Nicolás,6,4,216.3,0.0
Mexico,2024-04-04,17,Monterrey,Santa Catarina,2,1,54.8,0.0
Mexico,2024-04-04,17,Monterrey,San Pedro,8,5,247.6,0.0
Mexico,2024-04-04,17,Monterrey,Cumbres Poniente,8,6,300.9,0.0
Mexico,2024-04-04,17,Monterrey,La Fe,6,4,215.1,0.0
Mexico,2024-04-04,17,Monterrey,MTY_Guadalupe,2,4,185.0,0.0
Mexico,2024-04-04,17,Monterrey,Independencia,3,5,260.3,0.0
Mexico,2024-04-04,17,Monterrey,Tec,5,3,137.9,0.0
Mexico,2024-04-04,18,Monterrey,Centro,8,5,287.5,0.0
Mexico,2024-04-04,18,Monterrey,Mitras Centro,4,5,225.3,0.0
Mexico,2024-04-04,18,Monterrey,Apodaca Centro,5,3,171.8,0.0
Mexico,2024-04-04,18,Monterrey,Escobedo,8,5,277.4,0.0
Mexico,2024-04-04,18,Monterrey,Carretera Nacional,6,5,235.5,0.0
Mexico,2024-04-04,18,Monterrey,MTY_Apodaca_Huinalá,6,4,200.3,0.0
Mexico,2024-04-04,18,Monterrey,San Nicolás,5,2,109.1,0.0
Mexico,2024-04-04,18,Monterrey,Santa Catarina,5,7,369.0,0.0
Mexico,2024-04-04,18,Monterrey,San Pedro,6,4,219.2,0.0
Mexico,2024-04-04,18,Monterrey,Cumbres Poniente,5,2,94.9,0.0
Mexico,2024-04-04,18,Monterrey,La Fe,7,4,216.6,0.0
Mexico,2024-04-04,18,Monterrey,MTY_Guadalupe,5,4,203.4,0.0
Mexico,2024-04-04,18,Monterrey,Independencia,10,8,380.4,0.0
Mexico,2024-04-04,18,Monterrey,Tec,4,5,289.0,0.0
Mexico,2024-04-04,19,Monterrey,Centro,9,10,593.1,0.0
Mexico,2024-04-04,19,Monterrey,Mitras Centro,13,10,460.0,0.0
Mexico,2024-04-04,19,Monterrey,Apodaca Centro,9,8,380.2,0.0
Mexico,2024-04-04,19,Monterrey,Escobedo,14,12,655.9,0.0
Mexico,2024-04-04,19,Monterrey,Carretera Nacional,6,8,452.8,0.0
Mexico,2024-04-04,19,Monterrey,MTY_Apodaca_Huinalá,11,10,554.5,0.0
Mexico,2024-04-04,19,Monterrey,San Nicolás,8,9,474.2,0.0
Mexico,2024-04-04,19,Monterrey,Santa Catarina,12,10,533.8,0.0
Mexico,2024-04-04,19,Monterrey,San Pedro,13,11,522.3,0.0
Mexico,2024-04-04,19,Monterrey,Cumbres Poniente,20,21,959.9,0.0
Mexico,2024-04-04,19,Monterrey,La Fe,9,11,590.4,0.0
Mexico,2024-04-04,19,Monterrey,MTY_Guadalupe,13,10,589.1,0.0
Mexico,2024-04-04,19,Monterrey,Independencia,8,10,488.0,0.0
Mexico,2024-04-04,19,Monterrey,Tec,2,4,215.9,0.0
Mexico,2024-04-04,20,Monterrey,Centro,5,5,263.8,0.0
Mexico,2024-04-04,20,Monterrey,Mitras Centro,12,9,454.7,0.0
Mexico,2024-04-04,20,Monterrey,Apodaca Centro,7,6,333.9,0.0
Mexico,2024-04-04,20,Monterrey,Escobedo,10,9,475.3,0.0
Mexico,2024-04-04,20,Monterrey,Carretera Nacional,12,9,504.3,0.0
Mexico,2024-04-04,20,Monterrey,MTY_Apodaca_Huinalá,9,7,417.5,0.0
Mexico,2024-04-04,20,Monterrey,San Nicolás,7,7,366.4,0.0
Mexico,2024-04-04,20,Monterrey,Santa Catarina,9,10,527.5,0.0
Mexico,2024-04-04,20,Monterrey,San Pedro,12,13,748.8,0.0
Mexico,2024-04-04,20,Monterrey,Cumbres Poniente,12,9,444.9,0.0
Mexico,2024-04-04,20,Monterrey,La Fe,16,13,634.4,0.0
Mexico,2024-04-04,20,Monterrey,MTY_Guadalupe,8,10,578.6,0.0
Mexico,2024-04-04,20,Monterrey,Independencia,8,8,422.1,0.0
Mexico,2024-04-04,20,Monterrey,Tec,10,9,508.0,0.0
Mexico,2024-04-04,21,Monterrey,Centro,9,7,349.7,0.0
Mexico,2024-04-04,21,Monterrey,Mitras Centro,15,13,706.9,0.0
Mexico,2024-04-04,21,Monterrey,Apodaca Centro,4,6,277.8,0.0
Mexico,2024-04-04,21,Monterrey,Escobedo,19,16,910.1,0.0
Mexico,2024-04-04,21,Monterrey,Carretera Nacional,11,8,402.1,0.0
Mexico,2024-04-04,21,Monterrey,MTY_Apodaca_Huinalá,10,9,532.3,0.0
Mexico,2024-04-04,21,Monterrey,San Nicolás,10,10,456.3,0.0
Mexico,2024-04-04,21,Monterrey,Santa Catarina,12,11,657.7,0.0
Mexico,2024-04-04,21,Monterrey,San Pedro,13,15,873.1,0.0
Mexico,2024-04-04,21,Monterrey,Cumbres Poniente,11,12,667.8,0.0
Mexico,2024-04-04,21,Monterrey,La Fe,19,17,940.9,0.0
Mexico,2024-04-04,21,Monterrey,MTY_Guadalupe,13,12,639.4,0.0
Mexico,2024-04-04,21,Monterrey,Independencia,14,12,604.8,0.0
Mexico,2024-04-04,21,Monterrey,Tec,15,16,950.8,0.0
Mexico,2024-04-04,22,Monterrey,Centro,7,6,327.1,0.0
Mexico,2024-04-04,22,Monterrey,Mitras Centro,5,6,351.8,0.0
Mexico,2024-04-04,22,Monterrey,Apodaca Centro,9,7,342.9,0.0
Mexico,2024-04-04,22,Monterrey,Escobedo,4,3,144.0,0.0
Mexico,2024-04-04,22,Monterrey,Carretera Nacional,1,3,143.6,0.0
Mexico,2024-04-04,22,Monterrey,MTY_Apodaca_Huinalá,3,5,296.5,0.0
Mexico,2024-04-04,22,Monterrey,San Nicolás,7,6,318.4,0.0
Mexico,2024-04-04,22,Monterrey,Santa Catarina,7,4,236.0,0.0
Mexico,2024-04-04,22,Monterrey,San Pedro,7,7,381.3,0.0
Mexico,2024-04-04,22,Monterrey,Cumbres Poniente,7,6,317.9,0.0
Mexico,2024-04-04,22,Monterrey,La Fe,9,8,386.8,0.0
Mexico,2024-04-04,22,Monterrey,MTY_Guadalupe,4,3,140.7,0.0
Mexico,2024-04-04,22,Monterrey,Independencia,4,1,55.5,0.0
Mexico,2024-04-04,22,Monterrey,Tec,7,6,327.0,0.0
Mexico,2024-04-04,23,Monterrey,Centro,2,4,195.8,0.0
Mexico,2024-04-04,23,Monterrey,Mitras Centro,2,4,182.7,0.0
Mexico,2024-04-04,23,Monterrey,Apodaca Centro,2,3,165.5,0.0
Mexico,2024-04-04,23,Monterrey,Escobedo,3,5,226.8,0.0
Mexico,2024-04-04,23,Monterrey,Carretera Nacional,3,4,230.5,0.0
Mexico,2024-04-04,23,Monterrey,MTY_Apodaca_Huinalá,13,10,570.2,0.0
Mexico,2024-04-04,23,Monterrey,San Nicolás,7,5,238.5,0.0
Mexico,2024-04-04,23,Monterrey,Santa Catarina,6,7,373.3,0.0
Mexico,2024-04-04,23,Monterrey,San Pedro,8,5,262.4,0.0
Mexico,2024-04-04,23,Monterrey,Cumbres Poniente,8,5,285.7,0.0
Mexico,2024-04-04,23,Monterrey,La Fe,11,8,401.3,0.0
Mexico,2024-04-04,23,Monterrey,MTY_Guadalupe,10,7,404.9,0.0
Mexico,2024-04-04,23,Monterrey,Independencia,3,4,210.8,0.0
Mexico,2024-04-04,23,Monterrey,Tec,2,4,205.2,0.0
Mexico,2024-04-05,0,Monterrey,Centro,9,7,396.7,0.0
Mexico,2024-04-05,0,Monterrey,Mitras Centro,5,5,247.5,0.0
Mexico,2024-04-05,0,Monterrey,Apodaca Centro,9,7,375.9,0.0
Mexico,2024-04-05,0,Monterrey,Escobedo,6,5,261.6,0.0
Mexico,2024-04-05,0,Monterrey,Carretera Nacional,3,2,90.3,0.0
Mexico,2024-04-05,0,Monterrey,MTY_Apodaca_Huinalá,4,1,48.5,0.0
Mexico,2024-04-05,0,Monterrey,San Nicolás,2,4,183.6,0.0
Mexico,2024-04-05,0,Monterrey,Santa Catarina,5,6,322.5,0.0
Mexico,2024-04-05,0,Monterrey,San Pedro,6,8,439.4,0.0
Mexico,2024-04-05,0,Monterrey,Cumbres Poniente,8,5,253.9,0.0
Mexico,2024-04-05,0,Monterrey,La Fe,4,3,178.7,0.0
Mexico,2024-04-05,0,Monterrey,MTY_Guadalupe,5,5,251.6,0.0
Mexico,2024-04-05,0,Monterrey,Independencia,4,5,226.5,0.0
Mexico,2024-04-05,0,Monterrey,Tec,14,11,593.0,0.0
Mexico,2024-04-05,1,Monterrey,Centro,5,4,216.9,0.0
Mexico,2024-04-05,1,Monterrey,Mitras Centro,4,3,139.5,0.0
Mexico,2024-04-05,1,Monterrey,Apodaca Centro,6,3,172.4,0.0
Mexico,2024-04-05,1,Monterrey,Escobedo,6,3,144.7,0.0
Mexico,2024-04-05,1,Monterrey,Carretera Nacional,5,6,273.5,0.0
Mexico,2024-04-05,1,Monterrey,MTY_Apodaca_Huinalá,2,3,166.4,0.0
Mexico,2024-04-05,1,Monterrey,San Nicolás,7,6,356.9,0.0
Mexico,2024-04-05,1,Monterrey,Santa Catarina,5,6,277.0,0.0
Mexico,2024-04-05,1,Monterrey,San Pedro,7,7,322.3,0.0
Mexico,2024-04-05,1,Monterrey,Cumbres Poniente,6,4,188.7,0.0
Mexico,2024-04-05,1,Monterrey,La Fe,3,3,150.2,0.0
Mexico,2024-04-05,1,Monterrey,MTY_Guadalupe,4,5,269.0,0.0
Mexico,2024-04-05,1,Monterrey,Independencia,3,5,257.9,0.0
Mexico,2024-04-05,1,Monterrey,Tec,6,5,253.5,0.0
Mexico,2024-04-05,2,Monterrey,Centro,5,3,153.2,0.0
Mexico,2024-04-05,2,Monterrey,Mitras Centro,3,1,59.2,0.0
Mexico,2024-04-05,2,Monterrey,Apodaca Centro,5,6,305.7,0.0
Mexico,2024-04-05,2,Monterrey,Escobedo,6,4,234.6,0.0
Mexico,2024-04-05,2,Monterrey,Carretera Nacional,7,6,288.5,0.0
Mexico,2024-04-05,2,Monterrey,MTY_Apodaca_Huinalá,6,8,470.6,0.0
Mexico,2024-04-05,2,Monterrey,San Nicolás,5,7,320.0,0.0
Mexico,2024-04-05,2,Monterrey,Santa Catarina,3,3,176.1,0.0
Mexico,2024-04-05,2,Monterrey,San Pedro,11,8,379.5,0.0
Mexico,2024-04-05,2,Monterrey,Cumbres Poniente,12,10,479.3,0.0
Mexico,2024-04-05,2,Monterrey,La Fe,8,5,233.9,0.0
Mexico,2024-04-05,2,Monterrey,MTY_Guadalupe,3,3,155.5,0.0
Mexico,2024-04-05,2,Monterrey,Independencia,7,6,299.6,0.0
Mexico,2024-04-05,2,Monterrey,Tec,3,2,90.6,0.0
Mexico,2024-04-05,3,Monterrey,Centro,1,3,139.9,2.5
Mexico,2024-04-05,3,Monterrey,Mitras Centro,1,6,342.8,2.5
Mexico,2024-04-05,3,Monterrey,Apodaca Centro,5,5,295.6,2.5
Mexico,2024-04-05,3,Monterrey,Escobedo,1,5,261.1,2.5
Mexico,2024-04-05,3,Monterrey,Carretera Nacional,1,3,170.7,2.5
Mexico,2024-04-05,3,Monterrey,MTY_Apodaca_Huinalá,2,4,229.3,2.5
Mexico,2024-04-05,3,Monterrey,San Nicolás,1,2,98.0,2.5
Mexico,2024-04-05,3,Monterrey,Santa Catarina,8,8,364.0,2.5
Mexico,2024-04-05,3,Monterrey,San Pedro,4,6,301.1,2.5
Mexico,2024-04-05,3,Monterrey,Cumbres Poniente,1,4,184.8,2.5
Mexico,2024-04-05,3,Monterrey,La Fe,1,3,178.7,2.5
Mexico,2024-04-05,3,Monterrey,MTY_Guadalupe,3,8,382.2,2.5
Mexico,2024-04-05,3,Monterrey,Independencia,2,4,216.9,2.5
Mexico,2024-04-05,3,Monterrey,Tec,3,6,273.0,2.5
Mexico,2024-04-05,4,Monterrey,Centro,1,3,158.1,0.0
Mexico,2024-04-05,4,Monterrey,Mitras Centro,10,7,347.1,0.0
Mexico,2024-04-05,4,Monterrey,Apodaca Centro,2,4,186.8,0.0
Mexico,2024-04-05,4,Monterrey,Escobedo,10,8,450.2,0.0
Mexico,2024-04-05,4,Monterrey,Carretera Nacional,9,8,379.5,0.0
Mexico,2024-04-05,4,Monterrey,MTY_Apodaca_Huinalá,1,2,113.7,0.0
Mexico,2024-04-05,4,Monterrey,San Nicolás,9,7,404.0,0.0
Mexico,2024-04-05,4,Monterrey,Santa Catarina,8,5,289.7,0.0
Mexico,2024-04-05,4,Monterrey,San Pedro,6,4,202.0,0.0
Mexico,2024-04-05,4,Monterrey,Cumbres Poniente,8,6,285.7,0.0
Mexico,2024-04-05,4,Monterrey,La Fe,6,4,209.8,0.0
Mexico,2024-04-05,4,Monterrey,MTY_Guadalupe,10,9,429.4,0.0
Mexico,2024-04-05,4,Monterrey,Independencia,7,8,459.7,0.0
Mexico,2024-04-05,4,Monterrey,Tec,4,1,47.2,0.0
Mexico,2024-04-05,5,Monterrey,Centro,6,3,136.4,0.0
Mexico,2024-04-05,5,Monterrey,Mitras Centro,4,6,303.0,0.0
Mexico,2024-04-05,5,Monterrey,Apodaca Centro,1,3,162.6,0.0
Mexico,2024-04-05,5,Monterrey,Escobedo,6,7,315.3,0.0
Mexico,2024-04-05,5,Monterrey,Carretera Nacional,8,6,277.2,0.0
Mexico,2024-04-05,5,Monterrey,MTY_Apodaca_Huinalá,4,2,94.0,0.0
Mexico,2024-04-05,5,Monterrey,San Nicolás,7,8,450.8,0.0
Mexico,2024-04-05,5,Monterrey,Santa Catarina,9,7,378.0,0.0
Mexico,2024-04-05,5,Monterrey,San Pedro,7,6,312.3,0.0
Mexico,2024-04-05,5,Monterrey,Cumbres Poniente,8,5,293.2,0.0
Mexico,2024-04-05,5,Monterrey,La Fe,7,4,184.8,0.0
Mexico,2024-04-05,5,Monterrey,MTY_Guadalupe,9,8,381.6,0.0
Mexico,2024-04-05,5,Monterrey,Independencia,4,6,349.7,0.0
Mexico,2024-04-05,5,Monterrey,Tec,7,4,213.6,0.0
Mexico,2024-04-05,6,Monterrey,Centro,5,5,236.4,0.0
Mexico,2024-04-05,6,Monterrey,Mitras Centro,2,4,238.5,0.0
Mexico,2024-04-05,6,Monterrey,Apodaca Centro,12,9,480.3,0.0
Mexico,2024-04-05,6,Monterrey,Escobedo,4,3,163.9,0.0
Mexico,2024-04-05,6,Monterrey,Carretera Nacional,9,6,339.8,0.0
Mexico,2024-04-05,6,Monterrey,MTY_Apodaca_Huinalá,5,3,162.4,0.0
Mexico,2024-04-05,6,Monterrey,San Nicolás,10,9,537.7,0.0
Mexico,2024-04-05,6,Monterrey,Santa Catarina,1,3,175.9,0.0
Mexico,2024-04-05,6,Monterrey,San Pedro,5,2,102.5,0.0
Mexico,2024-04-05,6,Monterrey,Cumbres Poniente,5,2,96.8,0.0
Mexico,2024-04-05,6,Monterrey,La Fe,4,5,244.9,0.0
Mexico,2024-04-05,6,Monterrey,MTY_Guadalupe,8,5,277.7,0.0
Mexico,2024-04-05,6,Monterrey,Independencia,2,4,213.4,0.0
Mexico,2024-04-05,6,Monterrey,Tec,1,2,95.2,0.0
Mexico,2024-04-05,7,Monterrey,Centro,1,3,165.7,0.0
Mexico,2024-04-05,7,Monterrey,Mitras Centro,2,3,173.1,0.0
Mexico,2024-04-05,7,Monterrey,Apodaca Centro,7,6,326.3,0.0
Mexico,2024-04-05,7,Monterrey,Escobedo,6,4,203.9,0.0
Mexico,2024-04-05,7,Monterrey,Carretera Nacional,9,8,418.8,0.0
Mexico,2024-04-05,7,Monterrey,MTY_Apodaca_Huinalá,4,4,213.2,0.0
Mexico,2024-04-05,7,Monterrey,San Nicolás,3,5,258.4,0.0
Mexico,2024-04-05,7,Monterrey,Santa Catarina,5,3,145.9,0.0
Mexico,2024-04-05,7,Monterrey,San Pedro,6,3,167.7,0.0
Mexico,2024-04-05,7,Monterrey,Cumbres Poniente,6,8,382.5,0.0
Mexico,2024-04-05,7,Monterrey,La Fe,5,3,176.8,0.0
Mexico,2024-04-05,7,Monterrey,MTY_Guadalupe,6,5,288.8,0.0
Mexico,2024-04-05,7,Monterrey,Independencia,14,13,690.7,0.0
Mexico,2024-04-05,7,Monterrey,Tec,7,5,260.5,0.0
Mexico,2024-04-05,8,Monterrey,Centro,7,6,322.3,0.0
Mexico,2024-04-05,8,Monterrey,Mitras Centro,7,6,335.4,0.0
Mexico,2024-04-05,8,Monterrey,Apodaca Centro,1,3,135.9,0.0
Mexico,2024-04-05,8,Monterrey,Escobedo,4,3,165.0,0.0
Mexico,2024-04-05,8,Monterrey,Carretera Nacional,6,4,220.8,0.0
Mexico,2024-04-05,8,Monterrey,MTY_Apodaca_Huinalá,4,5,252.0,0.0
Mexico,2024-04-05,8,Monterrey,San Nicolás,5,5,271.8,0.0
Mexico,2024-04-05,8,Monterrey,Santa Catarina,5,7,389.9,0.0
Mexico,2024-04-05,8,Monterrey,San Pedro,6,3,174.7,0.0
Mexico,2024-04-05,8,Monterrey,Cumbres Poniente,6,6,343.9,0.0
Mexico,2024-04-05,8,Monterrey,La Fe,7,5,248.2,0.0
Mexico,2024-04-05,8,Monterrey,MTY_Guadalupe,4,5,266.6,0.0
Mexico,2024-04-05,8,Monterrey,Independencia,2,4,227.2,0.0
Mexico,2024-04-05,8,Monterrey,Tec,6,5,268.5,0.0
Mexico,2024-04-05,9,Monterrey,Centro,8,5,255.2,0.0
Mexico,2024-04-05,9,Monterrey,Mitras Centro,6,7,370.8,0.0
Mexico,2024-04-05,9,Monterrey,Apodaca Centro,6,4,227.2,0.0
Mexico,2024-04-05,9,Monterrey,Escobedo,10,7,362.0,0.0
Mexico,2024-04-05,9,Monterrey,Carretera Nacional,6,5,299.8,0.0
Mexico,2024-04-05,9,Monterrey,MTY_Apodaca_Huinalá,5,7,351.4,0.0
Mexico,2024-04-05,9,Monterrey,San Nicolás,4,2,116.0,0.0
Mexico,2024-04-05,9,Monterrey,Santa Catarina,4,6,306.0,0.0
Mexico,2024-04-05,9,Monterrey,San Pedro,6,7,343.3,0.0
Mexico,2024-04-05,9,Monterrey,Cumbres Poniente,7,6,344.3,0.0
Mexico,2024-04-05,9,Monterrey,La Fe,7,4,208.8,0.0
Mexico,2024-04-05,9,Monterrey,MTY_Guadalupe,7,6,283.7,0.0
Mexico,2024-04-05,9,Monterrey,Independencia,4,5,259.2,0.0
Mexico,2024-04-05,9,Monterrey,Tec,7,9,405.1,0.0
Mexico,2024-04-05,10,Monterrey,Centro,7,4,202.2,0.0
Mexico,2024-04-05,10,Monterrey,Mitras Centro,5,2,90.6,0.0
Mexico,2024-04-05,10,Monterrey,Apodaca Centro,1,2,93.1,0.0
Mexico,2024-04-05,10,Monterrey,Escobedo,8,5,257.7,0.0
Mexico,2024-04-05,10,Monterrey,Carretera Nacional,3,3,168.6,0.0
Mexico,2024-04-05,10,Monterrey,MTY_Apodaca_Huinalá,2,3,172.6,0.0
Mexico,2024-04-05,10,Monterrey,San Nicolás,1,3,145.6,0.0
Mexico,2024-04-05,10,Monterrey,Santa Catarina,4,4,227.4,0.0
Mexico,2024-04-05,10,Monterrey,San Pedro,1,3,154.4,0.0
Mexico,2024-04-05,10,Monterrey,Cumbres Poniente,3,4,190.0,0.0
Mexico,2024-04-05,10,Monterrey,La Fe,7,6,318.1,0.0
Mexico,2024-04-05,10,Monterrey,MTY_Guadalupe,8,6,348.1,0.0
Mexico,2024-04-05,10,Monterrey,Independencia,7,4,205.7,0.0
Mexico,2024-04-05,10,Monterrey,Tec,4,4,184.0,0.0
Mexico,2024-04-05,11,Monterrey,Centro,8,5,255.1,0.0
Mexico,2024-04-05,11,Monterrey,Mitras Centro,5,6,280.6,0.0
Mexico,2024-04-05,11,Monterrey,Apodaca Centro,1,3,158.6,0.0
Mexico,2024-04-05,11,Monterrey,Escobedo,4,4,197.8,0.0
Mexico,2024-04-05,11,Monterrey,Carretera Nacional,7,9,496.5,0.0
Mexico,2024-04-05,11,Monterrey,MTY_Apodaca_Huinalá,6,3,170.0,0.0
Mexico,2024-04-05,11,Monterrey,San Nicolás,8,7,374.2,0.0
Mexico,2024-04-05,11,Monterrey,Santa Catarina,10,7,406.2,0.0
Mexico,2024-04-05,11,Monterrey,San Pedro,6,5,290.6,0.0
Mexico,2024-04-05,11,Monterrey,Cumbres Poniente,4,3,178.3,0.0
Mexico,2024-04-05,11,Monterrey,La Fe,9,7,386.7,0.0
Mexico,2024-04-05,11,Monterrey,MTY_Guadalupe,7,8,385.7,0.0
Mexico,2024-04-05,11,Monterrey,Independencia,10,9,429.4,0.0
Mexico,2024-04-05,11,Monterrey,Tec,8,9,438.1,0.0
Mexico,2024-04-05,12,Monterrey,Centro,4,3,145.0,0.0
Mexico,2024-04-05,12,Monterrey,Mitras Centro,8,6,292.3,0.0
Mexico,2024-04-05,12,Monterrey,Apodaca Centro,3,4,198.5,0.0
Mexico,2024-04-05,12,Monterrey,Escobedo,2,2,95.8,0.0
Mexico,2024-04-05,12,Monterrey,Carretera Nacional,11,8,371.5,0.0
Mexico,2024-04-05,12,Monterrey,MTY_Apodaca_Huinalá,9,6,282.3,0.0
Mexico,2024-04-05,12,Monterrey,San Nicolás,6,7,368.4,0.0
Mexico,2024-04-05,12,Monterrey,Santa Catarina,4,6,272.3,0.0
Mexico,2024-04-05,12,Monterrey,San Pedro,4,6,287.6,0.0
Mexico,2024-04-05,12,Monterrey,Cumbres Poniente,6,5,287.4,0.0
Mexico,2024-04-05,12,Monterrey,La Fe,5,4,219.1,0.0
Mexico,2024-04-05,12,Monterrey,MTY_Guadalupe,2,4,191.2,0.0
Mexico,2024-04-05,12,Monterrey,Independencia,9,6,313.4,0.0
Mexico,2024-04-05,12,Monterrey,Tec,8,5,275.1,0.0
Mexico,2024-04-05,13,Monterrey,Centro,9,6,356.3,0.0
Mexico,2024-04-05,13,Monterrey,Mitras Centro,11,12,653.9,0.0
Mexico,2024-04-05,13,Monterrey,Apodaca Centro,12,14,701.2,0.0
Mexico,2024-04-05,13,Monterrey,Escobedo,15,13,623.3,0.0
Mexico,2024-04-05,13,Monterrey,Carretera Nacional,13,12,677.5,0.0
Mexico,2024-04-05,13,Monterrey,MTY_Apodaca_Huinalá,8,5,264.4,0.0
Mexico,2024-04-05,13,Monterrey,San Nicolás,16,17,781.3,0.0
Mexico,2024-04-05,13,Monterrey,Santa Catarina,6,6,323.6,0.0
Mexico,2024-04-05,13,Monterrey,San Pedro,11,11,537.3,0.0
Mexico,2024-04-05,13,Monterrey,Cumbres Poniente,13,11,528.3,0.0
Mexico,2024-04-05,13,Monterrey,La Fe,8,9,460.1,0.0
Mexico,2024-04-05,13,Monterrey,MTY_Guadalupe,9,11,647.6,0.0
Mexico,2024-04-05,13,Monterrey,Independencia,17,14,671.9,0.0
Mexico,2024-04-05,13,Monterrey,Tec,8,10,536.2,0.0
Mexico,2024-04-05,14,Monterrey,Centro,10,11,561.3,0.5
Mexico,2024-04-05,14,Monterrey,Mitras Centro,15,13,610.1,0.5
Mexico,2024-04-05,14,Monterrey,Apodaca Centro,13,14,771.8,0.5
Mexico,2024-04-05,14,Monterrey,Escobedo,10,10,569.0,0.5
Mexico,2024-04-05,14,Monterrey,Carretera Nacional,6,8,451.6,0.5
Mexico,2024-04-05,14,Monterrey,MTY_Apodaca_Huinalá,13,10,592.4,0.5
Mexico,2024-04-05,14,Monterrey,San Nicolás,6,8,411.9,0.5
Mexico,2024-04-05,14,Monterrey,Santa Catarina,12,13,731.9,0.5
Mexico,2024-04-05,14,Monterrey,San Pedro,9,10,559.0,0.5
Mexico,2024-04-05,14,Monterrey,Cumbres Poniente,12,12,621.0,0.5
Mexico,2024-04-05,14,Monterrey,La Fe,11,10,462.2,0.5
Mexico,2024-04-05,14,Monterrey,MTY_Guadalupe,12,9,486.0,0.5
Mexico,2024-04-05,14,Monterrey,Independencia,10,10,546.7,0.5
Mexico,2024-04-05,14,Monterrey,Tec,6,7,404.8,0.5
Mexico,2024-04-05,15,Monterrey,Centro,3,4,187.7,0.0
Mexico,2024-04-05,15,Monterrey,Mitras Centro,9,7,403.4,0.0
Mexico,2024-04-05,15,Monterrey,Apodaca Centro,4,1,57.1,0.0
Mexico,2024-04-05,15,Monterrey,Escobedo,5,4,216.6,0.0
Mexico,2024-04-05,15,Monterrey,Carretera Nacional,6,4,204.9,0.0
Mexico,2024-04-05,15,Monterrey,MTY_Apodaca_Huinalá,5,4,202.3,0.0
Mexico,2024-04-05,15,Monterrey,San Nicolás,4,5,261.1,0.0
Mexico,2024-04-05,15,Monterrey,Santa Catarina,2,0,0.0,0.0
Mexico,2024-04-05,15,Monterrey,San Pedro,4,4,234.4,0.0
Mexico,2024-04-05,15,Monterrey,Cumbres Poniente,5,5,289.4,0.0
Mexico,2024-04-05,15,Monterrey,La Fe,10,7,354.8,0.0
Mexico,2024-04-05,15,Monterrey,MTY_Guadalupe,2,4,236.8,0.0
Mexico,2024-04-05,15,Monterrey,Independencia,10,9,453.2,0.0
Mexico,2024-04-05,15,Monterrey,Tec,2,2,107.1,0.0
Mexico,2024-04-05,16,Monterrey,Centro,4,4,221.9,0.0
Mexico,2024-04-05,16,Monterrey,Mitras Centro,4,4,236.9,0.0
Mexico,2024-04-05,16,Monterrey,Apodaca Centro,9,10,454.7,0.0
Mexico,2024-04-05,16,Monterrey,Escobedo,3,3,155.7,0.0
Mexico,2024-04-05,16,Monterrey,Carretera Nacional,2,4,180.1,0.0
Mexico,2024-04-05,16,Monterrey,MTY_Apodaca_Huinalá,10,11,571.1,0.0
Mexico,2024-04-05,16,Monterrey,San Nicolás,8,6,342.2,0.0
Mexico,2024-04-05,16,Monterrey,Santa Catarina,10,7,390.7,0.0
Mexico,2024-04-05,16,Monterrey,San Pedro,6,3,145.1,0.0
Mexico,2024-04-05,16,Monterrey,Cumbres Poniente,6,6,294.6,0.0
Mexico,2024-04-05,16,Monterrey,La Fe,7,6,312.3,0.0
Mexico,2024-04-05,16,Monterrey,MTY_Guadalupe,7,7,415.6,0.0
Mexico,2024-04-05,16,Monterrey,Independencia,1,1,59.8,0.0
Mexico,2024-04-05,16,Monterrey,Tec,5,5,272.6,0.0
Mexico,2024-04-05,17,Monterrey,Centro,10,8,412.7,0.0
Mexico,2024-04-05,17,Monterrey,Mitras Centro,7,4,218.5,0.0
Mexico,2024-04-05,17,Monterrey,Apodaca Centro,9,10,553.2,0.0
Mexico,2024-04-05,17,Monterrey,Escobedo,3,5,260.2,0.0
Mexico,2024-04-05,17,Monterrey,Carretera Nacional,4,3,168.3,0.0
Mexico,2024-04-05,17,Monterrey,MTY_Apodaca_Huinalá,6,5,275.4,0.0
Mexico,2024-04-05,17,Monterrey,San Nicolás,8,6,275.8,0.0
Mexico,2024-04-05,17,Monterrey,Santa Catarina,4,5,266.6,0.0
Mexico,2024-04-05,17,Monterrey,San Pedro,9,6,304.4,0.0
Mexico,2024-04-05,17,Monterrey,Cumbres Poniente,8,7,380.3,0.0
Mexico,2024-04-05,17,Monterrey,La Fe,3,4,193.6,0.0
Mexico,2024-04-05,17,Monterrey,MTY_Guadalupe,10,7,329.9,0.0
Mexico,2024-04-05,17,Monterrey,Independencia,2,4,183.1,0.0
Mexico,2024-04-05,17,Monterrey,Tec,7,4,221.8,0.0
Mexico,2024-04-05,18,Monterrey,Centro,1,2,99.0,0.0
Mexico,2024-04-05,18,Monterrey,Mitras Centro,4,4,212.6,0.0
Mexico,2024-04-05,18,Monterrey,Apodaca Centro,1,2,95.1,0.0
Mexico,2024-04-05,18,Monterrey,Escobedo,8,5,269.7,0.0
Mexico,2024-04-05,18,Monterrey,Carretera Nacional,6,3,160.7,0.0
Mexico,2024-04-05,18,Monterrey,MTY_Apodaca_Huinalá,1,3,159.6,0.0
Mexico,2024-04-05,18,Monterrey,San Nicolás,6,4,236.0,0.0
Mexico,2024-04-05,18,Monterrey,Santa Catarina,3,2,109.9,0.0
Mexico,2024-04-05,18,Monterrey,San Pedro,4,3,171.8,0.0
Mexico,2024-04-05,18,Monterrey,Cumbres Poniente,3,4,183.2,0.0
Mexico,2024-04-05,18,Monterrey,La Fe,5,3,149.3,0.0
Mexico,2024-04-05,18,Monterrey,MTY_Guadalupe,1,3,172.5,0.0
Mexico,2024-04-05,18,Monterrey,Independencia,4,3,159.7,0.0
Mexico,2024-04-05,18,Monterrey,Tec,2,1,49.4,0.0
Mexico,2024-04-05,19,Monterrey,Centro,8,8,473.4,0.5
Mexico,2024-04-05,19,Monterrey,Mitras Centro,15,13,709.8,0.5
Mexico,2024-04-05,19,Monterrey,Apodaca Centro,9,11,633.1,0.5
Mexico,2024-04-05,19,Monterrey,Escobedo,11,12,623.4,0.5
Mexico,2024-04-05,19,Monterrey,Carretera Nacional,6,6,306.3,0.5
Mexico,2024-04-05,19,Monterrey,MTY_Apodaca_Huinalá,12,9,502.1,0.5
Mexico,2024-04-05,19,Monterrey,San Nicolás,13,13,769.5,0.5
Mexico,2024-04-05,19,Monterrey,Santa Catarina,9,6,335.2,0.5
Mexico,2024-04-05,19,Monterrey,San Pedro,10,9,423.0,0.5
Mexico,2024-04-05,19,Monterrey,Cumbres Poniente,12,13,668.6,0.5
Mexico,2024-04-05,19,Monterrey,La Fe,13,13,727.2,0.5
Mexico,2024-04-05,19,Monterrey,MTY_Guadalupe,15,16,824.2,0.5
Mexico,2024-04-05,19,Monterrey,Independencia,9,6,337.0,0.5
Mexico,2024-04-05,19,Monterrey,Tec,11,10,507.5,0.5
Mexico,2024-04-05,20,Monterrey,Centro,8,9,443.1,0.0
Mexico,2024-04-05,20,Monterrey,Mitras Centro,11,10,515.4,0.0
Mexico,2024-04-05,20,Monterrey,Apodaca Centro,13,11,596.0,0.0
Mexico,2024-04-05,20,Monterrey,Escobedo,12,13,719.2,0.0
Mexico,2024-04-05,20,Monterrey,Carretera Nacional,6,8,476.5,0.0
Mexico,2024-04-05,20,Monterrey,MTY_Apodaca_Huinalá,9,9,518.3,0.0
Mexico,2024-04-05,20,Monterrey,San Nicolás,14,11,641.8,0.0
Mexico,2024-04-05,20,Monterrey,Santa Catarina,13,14,717.5,0.0
Mexico,2024-04-05,20,Monterrey,San Pedro,2,4,185.3,0.0
Mexico,2024-04-05,20,Monterrey,Cumbres Poniente,12,12,676.4,0.0
Mexico,2024-04-05,20,Monterrey,La Fe,9,10,488.5,0.0
Mexico,2024-04-05,20,Monterrey,MTY_Guadalupe,11,9,454.3,0.0
Mexico,2024-04-05,20,Monterrey,Independencia,6,5,252.7,0.0
Mexico,2024-04-05,20,Monterrey,Tec,7,9,537.2,0.0
Mexico,2024-04-05,21,Monterrey,Centro,12,13,649.8,0.0
Mexico,2024-04-05,21,Monterrey,Mitras Centro,18,15,797.6,0.0
Mexico,2024-04-05,21,Monterrey,Apodaca Centro,10,7,373.2,0.0
Mexico,2024-04-05,21,Monterrey,Escobedo,12,12,610.8,0.0
Mexico,2024-04-05,21,Monterrey,Carretera Nacional,11,13,662.9,0.0
Mexico,2024-04-05,21,Monterrey,MTY_Apodaca_Huinalá,8,9,480.7,0.0
Mexico,2024-04-05,21,Monterrey,San Nicolás,4,6,305.3,0.0
Mexico,2024-04-05,21,Monterrey,Santa Catarina,10,8,376.0,0.0
Mexico,2024-04-05,21,Monterrey,San Pedro,12,12,550.5,0.0
Mexico,2024-04-05,21,Monterrey,Cumbres Poniente,10,9,460.0,0.0
Mexico,2024-04-05,21,Monterrey,La Fe,12,11,559.2,0.0
Mexico,2024-04-05,21,Monterrey,MTY_Guadalupe,11,10,510.4,0.0
Mexico,2024-04-05,21,Monterrey,Independencia,10,8,473.2,0.0
Mexico,2024-04-05,21,Monterrey,Tec,10,12,614.8,0.0
Mexico,2024-04-05,22,Monterrey,Centro,6,3,155.6,0.0
Mexico,2024-04-05,22,Monterrey,Mitras Centro,9,6,284.4,0.0
Mexico,2024-04-05,22,Monterrey,Apodaca Centro,1,2,117.9,0.0
Mexico,2024-04-05,22,Monterrey,Escobedo,7,5,289.1,0.0
Mexico,2024-04-05,22,Monterrey,Carretera Nacional,1,2,111.4,0.0
Mexico,2024-04-05,22,Monterrey,MTY_Apodaca_Huinalá,4,5,231.3,0.0
Mexico,2024-04-05,22,Monterrey,San Nicolás,9,8,372.2,0.0
Mexico,2024-04-05,22,Monterrey,Santa Catarina,5,3,177.5,0.0
Mexico,2024-04-05,22,Monterrey,San Pedro,12,10,512.1,0.0
Mexico,2024-04-05,22,Monterrey,Cumbres Poniente,6,5,239.1,0.0
Mexico,2024-04-05,22,Monterrey,La Fe,8,5,236.4,0.0
Mexico,2024-04-05,22,Monterrey,MTY_Guadalupe,7,7,368.6,0.0
Mexico,2024-04-05,22,Monterrey,Independencia,4,6,343.1,0.0
Mexico,2024-04-05,22,Monterrey,Tec,6,4,203.1,0.0
Mexico,2024-04-05,23,Monterrey,Centro,8,6,345.5,0.0
Mexico,2024-04-05,23,Monterrey,Mitras Centro,5,7,343.8,0.0
Mexico,2024-04-05,23,Monterrey,Apodaca Centro,4,1,46.1,0.0
Mexico,2024-04-05,23,Monterrey,Escobedo,10,9,498.7,0.0
Mexico,2024-04-05,23,Monterrey,Carretera Nacional,6,7,357.3,0.0
Mexico,2024-04-05,23,Monterrey,MTY_Apodaca_Huinalá,5,2,105.0,0.0
Mexico,2024-04-05,23,Monterrey,San Nicolás,4,4,202.3,0.0
Mexico,2024-04-05,23,Monterrey,Santa Catarina,8,10,582.6,0.0
Mexico,2024-04-05,23,Monterrey,San Pedro,5,5,265.1,0.0
Mexico,2024-04-05,23,Monterrey,Cumbres Poniente,4,3,147.7,0.0
Mexico,2024-04-05,23,Monterrey,La Fe,3,4,196.8,0.0
Mexico,2024-04-05,23,Monterrey,MTY_Guadalupe,9,8,416.2,0.0
Mexico,2024-04-05,23,Monterrey,Independencia,4,6,323.9,0.0
Mexico,2024-04-05,23,Monterrey,Tec,2,4,219.1,0.0
Mexico,2024-04-06,0,Monterrey,Centro,8,6,306.9,0.0
Mexico,2024-04-06,0,Monterrey,Mitras Centro,7,5,277.4,0.0
Mexico,2024-04-06,0,Monterrey,Apodaca Centro,11,12,550.9,0.0
Mexico,2024-04-06,0,Monterrey,Escobedo,8,9,473.7,0.0
Mexico,2024-04-06,0,Monterrey,Carretera Nacional,8,7,317.3,0.0
Mexico,2024-04-06,0,Monterrey,MTY_Apodaca_Huinalá,2,2,119.6,0.0
Mexico,2024-04-06,0,Monterrey,San Nicolás,15,12,655.5,0.0
Mexico,2024-04-06,0,Monterrey,Santa Catarina,5,6,330.6,0.0
Mexico,2024-04-06,0,Monterrey,San Pedro,15,12,574.9,0.0
Mexico,2024-04-06,0,Monterrey,Cumbres Poniente,11,9,513.8,0.0
Mexico,2024-04-06,0,Monterrey,La Fe,11,9,510.1,0.0
Mexico,2024-04-06,0,Monterrey,MTY_Guadalupe,1,2,116.6,0.0
Mexico,2024-04-06,0,Monterrey,Independencia,15,12,604.2,0.0
Mexico,2024-04-06,0,Monterrey,Tec,10,8,435.4,0.0
Mexico,2024-04-06,1,Monterrey,Centro,15,12,669.3,0.0
Mexico,2024-04-06,1,Monterrey,Mitras Centro,4,6,314.9,0.0
Mexico,2024-04-06,1,Monterrey,Apodaca Centro,5,6,317.4,0.0
Mexico,2024-04-06,1,Monterrey,Escobedo,9,7,378.3,0.0
Mexico,2024-04-06,1,Monterrey,Carretera Nacional,11,12,621.1,0.0
Mexico,2024-04-06,1,Monterrey,MTY_Apodaca_Huinalá,17,15,868.4,0.0
Mexico,2024-04-06,1,Monterrey,San Nicolás,8,8,461.3,0.0
Mexico,2024-04-06,1,Monterrey,Santa Catarina,7,5,288.5,0.0
Mexico,2024-04-06,1,Monterrey,San Pedro,5,7,386.3,0.0
Mexico,2024-04-06,1,Monterrey,Cumbres Poniente,10,9,482.3,0.0
Mexico,2024-04-06,1,Monterrey,La Fe,6,6,284.0,0.0
Mexico,2024-04-06,1,Monterrey,MTY_Guadalupe,2,3,177.2,0.0
Mexico,2024-04-06,1,Monterrey,Independencia,9,9,420.6,0.0
Mexico,2024-04-06,1,Monterrey,Tec,13,11,655.8,0.0
Mexico,2024-04-06,2,Monterrey,Centro,8,8,365.9,0.0
Mexico,2024-04-06,2,Monterrey,Mitras Centro,11,8,371.5,0.0
Mexico,2024-04-06,2,Monterrey,Apodaca Centro,10,11,497.9,0.0
Mexico,2024-04-06,2,Monterrey,Escobedo,5,5,249.9,0.0
Mexico,2024-04-06,2,Monterrey,Carretera Nacional,8,10,550.7,0.0
Mexico,2024-04-06,2,Monterrey,MTY_Apodaca_Huinalá,4,6,321.0,0.0
Mexico,2024-04-06,2,Monterrey,San Nicolás,5,7,350.7,0.0
Mexico,2024-04-06,2,Monterrey,Santa Catarina,7,4,227.8,0.0
Mexico,2024-04-06,2,Monterrey,San Pedro,11,8,479.5,0.0
Mexico,2024-04-06,2,Monterrey,Cumbres Poniente,13,11,590.5,0.0
Mexico,2024-04-06,2,Monterrey,La Fe,10,8,372.3,0.0
Mexico,2024-04-06,2,Monterrey,MTY_Guadalupe,6,8,448.4,0.0
Mexico,2024-04-06,2,Monterrey,Independencia,9,10,544.2,0.0
Mexico,2024-04-06,2,Monterrey,Tec,8,10,549.7,0.0
Mexico,2024-04-06,3,Monterrey,Centro,7,4,211.1,0.0
Mexico,2024-04-06,3,Monterrey,Mitras Centro,12,9,484.5,0.0
Mexico,2024-04-06,3,Monterrey,Apodaca Centro,9,8,477.1,0.0
Mexico,2024-04-06,3,Monterrey,Escobedo,11,12,558.3,0.0
Mexico,2024-04-06,3,Monterrey,Carretera Nacional,4,4,202.8,0.0
Mexico,2024-04-06,3,Monterrey,MTY_Apodaca_Huinalá,5,7,364.7,0.0
Mexico,2024-04-06,3,Monterrey,San Nicolás,12,9,416.1,0.0
Mexico,2024-04-06,3,Monterrey,Santa Catarina,8,5,284.8,0.0
Mexico,2024-04-06,3,Monterrey,San Pedro,10,11,625.6,0.0
Mexico,2024-04-06,3,Monterrey,Cumbres Poniente,9,6,336.7,0.0
Mexico,2024-04-06,3,Monterrey,La Fe,11,11,641.5,0.0
Mexico,2024-04-06,3,Monterrey,MTY_Guadalupe,11,11,572.3,0.0
Mexico,2024-04-06,3,Monterrey,Independencia,11,9,461.7,0.0
Mexico,2024-04-06,3,Monterrey,Tec,6,5,245.4,0.0
Mexico,2024-04-06,4,Monterrey,Centro,7,4,237.4,0.0
Mexico,2024-04-06,4,Monterrey,Mitras Centro,8,6,346.1,0.0
Mexico,2024-04-06,4,Monterrey,Apodaca Centro,6,5,239.6,0.0
Mexico,2024-04-06,4,Monterrey,Escobedo,12,9,463.3,0.0
Mexico,2024-04-06,4,Monterrey,Carretera Nacional,6,6,274.5,0.0
Mexico,2024-04-06,4,Monterrey,MTY_Apodaca_Huinalá,8,9,417.4,0.0
Mexico,2024-04-06,4,Monterrey,San Nicolás,7,7,413.8,0.0
Mexico,2024-04-06,4,Monterrey,Santa Catarina,9,10,531.1,0.0
Mexico,2024-04-06,4,Monterrey,San Pedro,5,5,291.0,0.0
Mexico,2024-04-06,4,Monterrey,Cumbres Poniente,3,5,276.8,0.0
Mexico,2024-04-06,4,Monterrey,La Fe,14,12,641.2,0.0
Mexico,2024-04-06,4,Monterrey,MTY_Guadalupe,7,9,405.8,0.0
Mexico,2024-04-06,4,Monterrey,Independencia,9,8,403.0,0.0
Mexico,2024-04-06,4,Monterrey,Tec,16,13,717.6,0.0
Mexico,2024-04-06,5,Monterrey,Centro,5,6,304.9,0.0
Mexico,2024-04-06,5,Monterrey,Mitras Centro,6,3,152.7,0.0
Mexico,2024-04-06,5,Monterrey,Apodaca Centro,7,6,359.3,0.0
Mexico,2024-04-06,5,Monterrey,Escobedo,11,8,439.8,0.0
Mexico,2024-04-06,5,Monterrey,Carretera Nacional,12,11,641.9,0.0
Mexico,2024-04-06,5,Monterrey,MTY_Apodaca_Huinalá,11,11,546.7,0.0
Mexico,2024-04-06,5,Monterrey,San Nicolás,8,6,325.5,0.0
Mexico,2024-04-06,5,Monterrey,Santa Catarina,7,6,282.1,0.0
Mexico,2024-04-06,5,Monterrey,San Pedro,18,15,704.3,0.0
Mexico,2024-04-06,5,Monterrey,Cumbres Poniente,6,6,321.5,0.0
Mexico,2024-04-06,5,Monterrey,La Fe,8,6,288.8,0.0
Mexico,2024-04-06,5,Monterrey,MTY_Guadalupe,11,8,412.6,0.0
Mexico,2024-04-06,5,Monterrey,Independencia,15,12,587.0,0.0
Mexico,2024-04-06,5,Monterrey,Tec,3,5,279.1,0.0
Mexico,2024-04-06,6,Monterrey,Centro,7,5,268.1,0.0
Mexico,2024-04-06,6,Monterrey,Mitras Centro,8,5,238.0,0.0
Mexico,2024-04-06,6,Monterrey,Apodaca Centro,9,7,358.2,0.0
Mexico,2024-04-06,6,Monterrey,Escobedo,6,7,339.5,0.0
Mexico,2024-04-06,6,Monterrey,Carretera Nacional,6,6,310.1,0.0
Mexico,2024-04-06,6,Monterrey,MTY_Apodaca_Huinalá,9,6,304.2,0.0
Mexico,2024-04-06,6,Monterrey,San Nicolás,9,7,341.5,0.0
Mexico,2024-04-06,6,Monterrey,Santa Catarina,13,10,471.0,0.0
Mexico,2024-04-06,6,Monterrey,San Pedro,8,5,235.6,0.0
Mexico,2024-04-06,6,Monterrey,Cumbres Poniente,9,7,327.8,0.0
Mexico,2024-04-06,6,Monterrey,La Fe,2,4,216.8,0.0
Mexico,2024-04-06,6,Monterrey,MTY_Guadalupe,2,2,112.0,0.0
Mexico,2024-04-06,6,Monterrey,Independencia,4,6,293.3,0.0
Mexico,2024-04-06,6,Monterrey,Tec,14,11,548.1,0.0
Mexico,2024-04-06,7,Monterrey,Centro,14,13,638.9,0.0
Mexico,2024-04-06,7,Monterrey,Mitras Centro,8,9,429.1,0.0
Mexico,2024-04-06,7,Monterrey,Apodaca Centro,12,9,463.1,0.0
Mexico,2024-04-06,7,Monterrey,Escobedo,10,9,463.7,0.0
Mexico,2024-04-06,7,Monterrey,Carretera Nacional,9,6,279.8,0.0
Mexico,2024-04-06,7,Monterrey,MTY_Apodaca_Huinalá,12,9,474.2,0.0
Mexico,2024-04-06,7,Monterrey,San Nicolás,10,7,378.0,0.0
Mexico,2024-04-06,7,Monterrey,Santa Catarina,9,6,306.1,0.0
Mexico,2024-04-06,7,Monterrey,San Pedro,5,7,331.2,0.0
Mexico,2024-04-06,7,Monterrey,Cumbres Poniente,12,9,468.2,0.0
Mexico,2024-04-06,7,Monterrey,La Fe,9,9,501.2,0.0
Mexico,2024-04-06,7,Monterrey,MTY_Guadalupe,8,10,569.2,0.0
Mexico,2024-04-06,7,Monterrey,Independencia,3,5,274.5,0.0
Mexico,2024-04-06,7,Monterrey,Tec,10,8,383.6,0.0
Mexico,2024-04-06,8,Monterrey,Centro,8,10,577.4,0.5
Mexico,2024-04-06,8,Monterrey,Mitras Centro,6,7,341.1,0.5
Mexico,2024-04-06,8,Monterrey,Apodaca Centro,2,4,207.1,0.5
Mexico,2024-04-06,8,Monterrey,Escobedo,9,8,444.7,0.5
Mexico,2024-04-06,8,Monterrey,Carretera Nacional,11,9,447.1,0.5
Mexico,2024-04-06,8,Monterrey,MTY_Apodaca_Huinalá,10,8,383.9,0.5
Mexico,2024-04-06,8,Monterrey,San Nicolás,9,6,348.1,0.5
Mexico,2024-04-06,8,Monterrey,Santa Catarina,3,5,279.6,0.5
Mexico,2024-04-06,8,Monterrey,San Pedro,8,7,317.6,0.5
Mexico,2024-04-06,8,Monterrey,Cumbres Poniente,6,8,476.9,0.5
Mexico,2024-04-06,8,Monterrey,La Fe,2,3,174.5,0.5
Mexico,2024-04-06,8,Monterrey,MTY_Guadalupe,11,8,461.6,0.5
Mexico,2024-04-06,8,Monterrey,Independencia,9,8,390.6,0.5
Mexico,2024-04-06,8,Monterrey,Tec,7,7,371.4,0.5
Mexico,2024-04-06,9,Monterrey,Centro,17,16,889.2,0.0
Mexico,2024-04-06,9,Monterrey,Mitras Centro,11,8,427.3,0.0
Mexico,2024-04-06,9,Monterrey,Apodaca Centro,14,13,757.1,0.0
Mexico,2024-04-06,9,Monterrey,Escobedo,8,7,332.8,0.0
Mexico,2024-04-06,9,Monterrey,Carretera Nacional,5,5,251.4,0.0
Mexico,2024-04-06,9,Monterrey,MTY_Apodaca_Huinalá,12,9,476.0,0.0
Mexico,2024-04-06,9,Monterrey,San Nicolás,7,8,443.1,0.0
Mexico,2024-04-06,9,Monterrey,Santa Catarina,12,10,548.1,0.0
Mexico,2024-04-06,9,Monterrey,San Pedro,6,4,196.9,0.0
Mexico,2024-04-06,9,Monterrey,Cumbres Poniente,9,8,396.0,0.0
Mexico,2024-04-06,9,Monterrey,La Fe,6,5,277.8,0.0
Mexico,2024-04-06,9,Monterrey,MTY_Guadalupe,9,9,517.5,0.0
Mexico,2024-04-06,9,Monterrey,Independencia,15,12,582.4,0.0
Mexico,2024-04-06,9,Monterrey,Tec,14,12,631.6,0.0
Mexico,2024-04-06,10,Monterrey,Centro,10,11,529.6,0.0
Mexico,2024-04-06,10,Monterrey,Mitras Centro,7,7,344.1,0.0
Mexico,2024-04-06,10,Monterrey,Apodaca Centro,6,8,392.6,0.0
Mexico,2024-04-06,10,Monterrey,Escobedo,8,6,330.7,0.0
Mexico,2024-04-06,10,Monterrey,Carretera Nacional,9,8,460.3,0.0
Mexico,2024-04-06,10,Monterrey,MTY_Apodaca_Huinalá,6,3,149.6,0.0
Mexico,2024-04-06,10,Monterrey,San Nicolás,7,9,423.6,0.0
Mexico,2024-04-06,10,Monterrey,Santa Catarina,10,9,480.3,0.0
Mexico,2024-04-06,10,Monterrey,San Pedro,7,8,438.3,0.0
Mexico,2024-04-06,10,Monterrey,Cumbres Poniente,13,11,648.8,0.0
Mexico,2024-04-06,10,Monterrey,La Fe,5,7,408.2,0.0
Mexico,2024-04-06,10,Monterrey,MTY_Guadalupe,7,8,459.9,0.0
Mexico,2024-04-06,10,Monterrey,Independencia,8,9,517.4,0.0
Mexico,2024-04-06,10,Monterrey,Tec,7,6,315.2,0.0
Mexico,2024-04-06,11,Monterrey,Centro,4,5,290.4,0.5
Mexico,2024-04-06,11,Monterrey,Mitras Centro,10,7,315.3,0.5
Mexico,2024-04-06,11,Monterrey,Apodaca Centro,12,13,669.1,0.5
Mexico,2024-04-06,11,Monterrey,Escobedo,9,6,319.8,0.5
Mexico,2024-04-06,11,Monterrey,Carretera Nacional,16,15,702.4,0.5
Mexico,2024-04-06,11,Monterrey,MTY_Apodaca_Huinalá,5,5,277.7,0.5
Mexico,2024-04-06,11,Monterrey,San Nicolás,7,8,391.5,0.5
Mexico,2024-04-06,11,Monterrey,Santa Catarina,10,10,559.4,0.5
Mexico,2024-04-06,11,Monterrey,San Pedro,3,4,214.6,0.5
Mexico,2024-04-06,11,Monterrey,Cumbres Poniente,9,8,395.0,0.5
Mexico,2024-04-06,11,Monterrey,La Fe,2,4,192.5,0.5
Mexico,2024-04-06,11,Monterrey,MTY_Guadalupe,5,7,317.8,0.5
Mexico,2024-04-06,11,Monterrey,Independencia,4,5,289.9,0.5
Mexico,2024-04-06,11,Monterrey,Tec,6,7,342.9,0.5
Mexico,2024-04-06,12,Monterrey,Centro,9,8,437.6,0.0
Mexico,2024-04-06,12,Monterrey,Mitras Centro,7,9,479.2,0.0
Mexico,2024-04-06,12,Monterrey,Apodaca Centro,5,7,388.6,0.0
Mexico,2024-04-06,12,Monterrey,Escobedo,5,6,358.6,0.0
Mexico,2024-04-06,12,Monterrey,Carretera Nacional,8,5,290.5,0.0
Mexico,2024-04-06,12,Monterrey,MTY_Apodaca_Huinalá,9,7,371.5,0.0
Mexico,2024-04-06,12,Monterrey,San Nicolás,10,8,448.5,0.0
Mexico,2024-04-06,12,Monterrey,Santa Catarina,11,10,567.1,0.0
Mexico,2024-04-06,12,Monterrey,San Pedro,6,7,352.7,0.0
Mexico,2024-04-06,12,Monterrey,Cumbres Poniente,5,7,363.0,0.0
Mexico,2024-04-06,12,Monterrey,La Fe,4,6,351.8,0.0
Mexico,2024-04-06,12,Monterrey,MTY_Guadalupe,15,14,637.0,0.0
Mexico,2024-04-06,12,Monterrey,Independencia,8,7,419.8,0.0
Mexico,2024-04-06,12,Monterrey,Tec,10,8,440.9,0.0
Mexico,2024-04-06,13,Monterrey,Centro,13,12,655.9,0.0
Mexico,2024-04-06,13,Monterrey,Mitras Centro,14,14,739.1,0.0
Mexico,2024-04-06,13,Monterrey,Apodaca Centro,17,15,675.3,0.0
Mexico,2024-04-06,13,Monterrey,Escobedo,15,14,747.0,0.0
Mexico,2024-04-06,13,Monterrey,Carretera Nacional,15,15,866.9,0.0
Mexico,2024-04-06,13,Monterrey,MTY_Apodaca_Huinalá,11,10,553.2,0.0
Mexico,2024-04-06,13,Monterrey,San Nicolás,12,13,634.6,0.0
Mexico,2024-04-06,13,Monterrey,Santa Catarina,15,16,809.6,0.0
Mexico,2024-04-06,13,Monterrey,San Pedro,17,18,940.1,0.0
Mexico,2024-04-06,13,Monterrey,Cumbres Poniente,14,15,742.8,0.0
Mexico,2024-04-06,13,Monterrey,La Fe,12,10,520.0,0.0
Mexico,2024-04-06,13,Monterrey,MTY_Guadalupe,11,13,592.8,0.0
Mexico,2024-04-06,13,Monterrey,Independencia,15,16,833.4,0.0
Mexico,2024-04-06,13,Monterrey,Tec,15,13,629.2,0.0
Mexico,2024-04-06,14,Monterrey,Centro,15,16,854.4,0.0
Mexico,2024-04-06,14,Monterrey,Mitras Centro,19,16,934.6,0.0
Mexico,2024-04-06,14,Monterrey,Apodaca Centro,11,11,529.9,0.0
Mexico,2024-04-06,14,Monterrey,Escobedo,13,14,818.8,0.0
Mexico,2024-04-06,14,Monterrey,Carretera Nacional,9,7,338.3,0.0
Mexico,2024-04-06,14,Monterrey,MTY_Apodaca_Huinalá,20,17,790.4,0.0
Mexico,2024-04-06,14,Monterrey,San Nicolás,22,19,1079.9,0.0
Mexico,2024-04-06,14,Monterrey,Santa Catarina,16,15,705.5,0.0
Mexico,2024-04-06,14,Monterrey,San Pedro,12,12,589.0,0.0
Mexico,2024-04-06,14,Monterrey,Cumbres Poniente,5,7,413.5,0.0
Mexico,2024-04-06,14,Monterrey,La Fe,15,14,772.5,0.0
Mexico,2024-04-06,14,Monterrey,MTY_Guadalupe,15,16,858.5,0.0
Mexico,2024-04-06,14,Monterrey,Independencia,15,15,718.4,0.0
Mexico,2024-04-06,14,Monterrey,Tec,12,14,650.1,0.0
Mexico,2024-04-06,15,Monterrey,Centro,9,8,382.9,0.0
Mexico,2024-04-06,15,Monterrey,Mitras Centro,11,12,678.3,0.0
Mexico,2024-04-06,15,Monterrey,Apodaca Centro,12,11,590.9,0.0
Mexico,2024-04-06,15,Monterrey,Escobedo,10,8,411.8,0.0
Mexico,2024-04-06,15,Monterrey,Carretera Nacional,8,9,421.4,0.0
Mexico,2024-04-06,15,Monterrey,MTY_Apodaca_Huinalá,10,7,408.6,0.0
Mexico,2024-04-06,15,Monterrey,San Nicolás,6,6,344.8,0.0
Mexico,2024-04-06,15,Monterrey,Santa Catarina,6,7,328.1,0.0
Mexico,2024-04-06,15,Monterrey,San Pedro,8,8,421.1,0.0
Mexico,2024-04-06,15,Monterrey,Cumbres Poniente,8,8,434.2,0.0
Mexico,2024-04-06,15,Monterrey,La Fe,11,8,409.6,0.0
Mexico,2024-04-06,15,Monterrey,MTY_Guadalupe,8,7,386.7,0.0
Mexico,2024-04-06,15,Monterrey,Independencia,10,10,528.1,0.0
Mexico,2024-04-06,15,Monterrey,Tec,10,9,419.7,0.0
Mexico,2024-04-06,16,Monterrey,Centro,11,8,382.2,0.0
Mexico,2024-04-06,16,Monterrey,Mitras Centro,2,4,184.2,0.0
Mexico,2024-04-06,16,Monterrey,Apodaca Centro,11,9,493.0,0.0
Mexico,2024-04-06,16,Monterrey,Escobedo,5,7,397.6,0.0
Mexico,2024-04-06,16,Monterrey,Carretera Nacional,10,9,465.2,0.0
Mexico,2024-04-06,16,Monterrey,MTY_Apodaca_Huinalá,8,8,383.4,0.0
Mexico,2024-04-06,16,Monterrey,San Nicolás,6,4,195.5,0.0
Mexico,2024-04-06,16,Monterrey,Santa Catarina,7,4,219.6,0.0
Mexico,2024-04-06,16,Monterrey,San Pedro,4,4,205.5,0.0
Mexico,2024-04-06,16,Monterrey,Cumbres Poniente,6,7,322.8,0.0
Mexico,2024-04-06,16,Monterrey,La Fe,12,9,482.8,0.0
Mexico,2024-04-06,16,Monterrey,MTY_Guadalupe,11,10,464.9,0.0
Mexico,2024-04-06,16,Monterrey,Independencia,7,9,463.3,0.0
Mexico,2024-04-06,16,Monterrey,Tec,11,9,479.1,0.0
Mexico,2024-04-06,17,Monterrey,Centro,7,6,316.3,0.0
Mexico,2024-04-06,17,Monterrey,Mitras Centro,12,11,592.8,0.0
Mexico,2024-04-06,17,Monterrey,Apodaca Centro,8,7,391.0,0.0
Mexico,2024-04-06,17,Monterrey,Escobedo,6,5,261.3,0.0
Mexico,2024-04-06,17,Monterrey,Carretera Nacional,9,10,487.4,0.0
Mexico,2024-04-06,17,Monterrey,MTY_Apodaca_Huinalá,10,8,416.1,0.0
Mexico,2024-04-06,17,Monterrey,San Nicolás,6,5,279.7,0.0
Mexico,2024-04-06,17,Monterrey,Santa Catarina,8,5,243.6,0.0
Mexico,2024-04-06,17,Monterrey,San Pedro,5,5,251.2,0.0
Mexico,2024-04-06,17,Monterrey,Cumbres Poniente,8,8,464.7,0.0
Mexico,2024-04-06,17,Monterrey,La Fe,8,7,324.7,0.0
Mexico,2024-04-06,17,Monterrey,MTY_Guadalupe,8,7,318.2,0.0
Mexico,2024-04-06,17,Monterrey,Independencia,8,8,477.5,0.0
Mexico,2024-04-06,17,Monterrey,Tec,7,8,418.7,0.0
Mexico,2024-04-06,18,Monterrey,Centro,3,5,268.0,0.0
Mexico,2024-04-06,18,Monterrey,Mitras Centro,6,7,415.7,0.0
Mexico,2024-04-06,18,Monterrey,Apodaca Centro,3,5,289.3,0.0
Mexico,2024-04-06,18,Monterrey,Escobedo,12,14,834.9,0.0
Mexico,2024-04-06,18,Monterrey,Carretera Nacional,10,10,476.3,0.0
Mexico,2024-04-06,18,Monterrey,MTY_Apodaca_Huinalá,11,11,584.2,0.0
Mexico,2024-04-06,18,Monterrey,San Nicolás,7,6,308.0,0.0
Mexico,2024-04-06,18,Monterrey,Santa Catarina,4,5,267.7,0.0
Mexico,2024-04-06,18,Monterrey,San Pedro,10,11,525.1,0.0
Mexico,2024-04-06,18,Monterrey,Cumbres Poniente,5,5,273.7,0.0
Mexico,2024-04-06,18,Monterrey,La Fe,4,5,291.4,0.0
Mexico,2024-04-06,18,Monterrey,MTY_Guadalupe,11,9,425.0,0.0
Mexico,2024-04-06,18,Monterrey,Independencia,6,7,329.5,0.0
Mexico,2024-04-06,18,Monterrey,Tec,6,7,409.3,0.0
Mexico,2024-04-06,19,Monterrey,Centro,14,15,708.8,0.0
Mexico,2024-04-06,19,Monterrey,Mitras Centro,13,12,665.3,0.0
Mexico,2024-04-06,19,Monterrey,Apodaca Centro,5,7,342.2,0.0
Mexico,2024-04-06,19,Monterrey,Escobedo,14,14,807.1,0.0
Mexico,2024-04-06,19,Monterrey,Carretera Nacional,7,7,396.4,0.0
Mexico,2024-04-06,19,Monterrey,MTY_Apodaca_Huinalá,14,12,667.2,0.0
Mexico,2024-04-06,19,Monterrey,San Nicolás,19,16,800.5,0.0
Mexico,2024-04-06,19,Monterrey,Santa Catarina,15,12,708.4,0.0
Mexico,2024-04-06,19,Monterrey,San Pedro,13,14,804.2,0.0
Mexico,2024-04-06,19,Monterrey,Cumbres Poniente,18,15,849.5,0.0
Mexico,2024-04-06,19,Monterrey,La Fe,18,17,925.8,0.0
Mexico,2024-04-06,19,Monterrey,MTY_Guadalupe,15,13,776.8,0.0
Mexico,2024-04-06,19,Monterrey,Independencia,8,10,514.5,0.0
Mexico,2024-04-06,19,Monterrey,Tec,12,13,608.8,0.0
Mexico,2024-04-06,20,Monterrey,Centro,16,15,699.8,0.0
Mexico,2024-04-06,20,Monterrey,Mitras Centro,16,14,761.9,0.0
Mexico,2024-04-06,20,Monterrey,Apodaca Centro,19,16,871.7,0.0
Mexico,2024-04-06,20,Monterrey,Escobedo,16,14,733.5,0.0
Mexico,2024-04-06,20,Monterrey,Carretera Nacional,15,14,778.5,0.0
Mexico,2024-04-06,20,Monterrey,MTY_Apodaca_Huinalá,18,18,979.7,0.0
Mexico,2024-04-06,20,Monterrey,San Nicolás,4,4,206.5,0.0
Mexico,2024-04-06,20,Monterrey,Santa Catarina,14,15,874.4,0.0
Mexico,2024-04-06,20,Monterrey,San Pedro,9,10,502.3,0.0
Mexico,2024-04-06,20,Monterrey,Cumbres Poniente,12,12,712.2,0.0
Mexico,2024-04-06,20,Monterrey,La Fe,21,18,856.2,0.0
Mexico,2024-04-06,20,Monterrey,MTY_Guadalupe,19,18,862.7,0.0
Mexico,2024-04-06,20,Monterrey,Independencia,10,8,480.0,0.0
Mexico,2024-04-06,20,Monterrey,Tec,14,11,501.6,0.0
Mexico,2024-04-06,21,Monterrey,Centro,10,11,591.5,2.5
Mexico,2024-04-06,21,Monterrey,Mitras Centro,7,10,457.4,2.5
Mexico,2024-04-06,21,Monterrey,Apodaca Centro,10,13,687.2,2.5
Mexico,2024-04-06,21,Monterrey,Escobedo,5,10,534.3,2.5
Mexico,2024-04-06,21,Monterrey,Carretera Nacional,5,6,334.6,2.5
Mexico,2024-04-06,21,Monterrey,MTY_Apodaca_Huinalá,7,8,464.4,2.5
Mexico,2024-04-06,21,Monterrey,San Nicolás,13,16,868.0,2.5
Mexico,2024-04-06,21,Monterrey,Santa Catarina,8,11,568.5,2.5
Mexico,2024-04-06,21,Monterrey,San Pedro,7,11,643.9,2.5
Mexico,2024-04-06,21,Monterrey,Cumbres Poniente,15,18,1077.3,2.5
Mexico,2024-04-06,21,Monterrey,La Fe,11,11,512.1,2.5
Mexico,2024-04-06,21,Monterrey,MTY_Guadalupe,6,10,483.1,2.5
Mexico,2024-04-06,21,Monterrey,Independencia,7,9,406.7,2.5
Mexico,2024-04-06,21,Monterrey,Tec,14,16,770.1,2.5
Mexico,2024-04-06,22,Monterrey,Centro,6,8,436.6,0.0
Mexico,2024-04-06,22,Monterrey,Mitras Centro,11,11,588.5,0.0
Mexico,2024-04-06,22,Monterrey,Apodaca Centro,7,9,466.9,0.0
Mexico,2024-04-06,22,Monterrey,Escobedo,10,9,524.3,0.0
Mexico,2024-04-06,22,Monterrey,Carretera Nacional,5,6,313.4,0.0
Mexico,2024-04-06,22,Monterrey,MTY_Apodaca_Huinalá,6,7,404.0,0.0
Mexico,2024-04-06,22,Monterrey,San Nicolás,7,9,439.2,0.0
Mexico,2024-04-06,22,Monterrey,Santa Catarina,14,12,543.7,0.0
Mexico,2024-04-06,22,Monterrey,San Pedro,11,8,460.0,0.0
Mexico,2024-04-06,22,Monterrey,Cumbres Poniente,7,6,286.6,0.0
Mexico,2024-04-06,22,Monterrey,La Fe,12,14,707.9,0.0
Mexico,2024-04-06,22,Monterrey,MTY_Guadalupe,12,12,576.5,0.0
Mexico,2024-04-06,22,Monterrey,Independencia,7,8,453.6,0.0
Mexico,2024-04-06,22,Monterrey,Tec,8,5,237.6,0.0
Mexico,2024-04-06,23,Monterrey,Centro,8,9,529.5,0.0
Mexico,2024-04-06,23,Monterrey,Mitras Centro,9,8,366.7,0.0
Mexico,2024-04-06,23,Monterrey,Apodaca Centro,3,5,292.1,0.0
Mexico,2024-04-06,23,Monterrey,Escobedo,8,6,332.9,0.0
Mexico,2024-04-06,23,Monterrey,Carretera Nacional,4,6,318.7,0.0
Mexico,2024-04-06,23,Monterrey,MTY_Apodaca_Huinalá,2,4,200.2,0.0
Mexico,2024-04-06,23,Monterrey,San Nicolás,16,14,758.0,0.0
Mexico,2024-04-06,23,Monterrey,Santa Catarina,5,4,203.9,0.0
Mexico,2024-04-06,23,Monterrey,San Pedro,18,18,914.1,0.0
Mexico,2024-04-06,23,Monterrey,Cumbres Poniente,8,10,478.0,0.0
Mexico,2024-04-06,23,Monterrey,La Fe,11,9,451.3,0.0
Mexico,2024-04-06,23,Monterrey,MTY_Guadalupe,6,5,258.5,0.0
Mexico,2024-04-06,23,Monterrey,Independencia,6,4,196.7,0.0
Mexico,2024-04-06,23,Monterrey,Tec,11,11,648.6,0.0
Mexico,2024-04-07,0,Monterrey,Centro,9,11,615.4,0.0
Mexico,2024-04-07,0,Monterrey,Mitras Centro,12,10,493.5,0.0
Mexico,2024-04-07,0,Monterrey,Apodaca Centro,8,7,392.5,0.0
Mexico,2024-04-07,0,Monterrey,Escobedo,3,5,240.0,0.0
Mexico,2024-04-07,0,Monterrey,Carretera Nacional,8,10,584.4,0.0
Mexico,2024-04-07,0,Monterrey,MTY_Apodaca_Huinalá,5,7,336.5,0.0
Mexico,2024-04-07,0,Monterrey,San Nicolás,6,5,295.7,0.0
Mexico,2024-04-07,0,Monterrey,Santa Catarina,14,11,589.4,0.0
Mexico,2024-04-07,0,Monterrey,San Pedro,3,3,140.7,0.0
Mexico,2024-04-07,0,Monterrey,Cumbres Poniente,8,10,593.8,0.0
Mexico,2024-04-07,0,Monterrey,La Fe,13,10,557.3,0.0
Mexico,2024-04-07,0,Monterrey,MTY_Guadalupe,11,11,634.0,0.0
Mexico,2024-04-07,0,Monterrey,Independencia,14,11,658.4,0.0
Mexico,2024-04-07,0,Monterrey,Tec,14,13,740.3,0.0
Mexico,2024-04-07,1,Monterrey,Centro,12,11,657.4,0.0
Mexico,2024-04-07,1,Monterrey,Mitras Centro,8,9,419.0,0.0
Mexico,2024-04-07,1,Monterrey,Apodaca Centro,9,11,572.9,0.0
Mexico,2024-04-07,1,Monterrey,Escobedo,8,6,275.9,0.0
Mexico,2024-04-07,1,Monterrey,Carretera Nacional,9,8,376.8,0.0
Mexico,2024-04-07,1,Monterrey,MTY_Apodaca_Huinalá,6,4,194.4,0.0
Mexico,2024-04-07,1,Monterrey,San Nicolás,2,4,202.5,0.0
Mexico,2024-04-07,1,Monterrey,Santa Catarina,5,6,276.9,0.0
Mexico,2024-04-07,1,Monterrey,San Pedro,7,6,282.2,0.0
Mexico,2024-04-07,1,Monterrey,Cumbres Poniente,12,9,467.9,0.0
Mexico,2024-04-07,1,Monterrey,La Fe,6,5,260.6,0.0
Mexico,2024-04-07,1,Monterrey,MTY_Guadalupe,7,9,485.6,0.0
Mexico,2024-04-07,1,Monterrey,Independencia,4,5,296.3,0.0
Mexico,2024-04-07,1,Monterrey,Tec,11,13,764.9,0.0
Mexico,2024-04-07,2,Monterrey,Centro,2,3,140.1,0.0
Mexico,2024-04-07,2,Monterrey,Mitras Centro,13,10,517.4,0.0
Mexico,2024-04-07,2,Monterrey,Apodaca Centro,3,4,203.2,0.0
Mexico,2024-04-07,2,Monterrey,Escobedo,12,11,622.8,0.0
Mexico,2024-04-07,2,Monterrey,Carretera Nacional,5,5,298.4,0.0
Mexico,2024-04-07,2,Monterrey,MTY_Apodaca_Huinalá,10,7,324.4,0.0
Mexico,2024-04-07,2,Monterrey,San Nicolás,1,1,47.9,0.0
Mexico,2024-04-07,2,Monterrey,Santa Catarina,11,9,513.8,0.0
Mexico,2024-04-07,2,Monterrey,San Pedro,9,8,365.7,0.0
Mexico,2024-04-07,2,Monterrey,Cumbres Poniente,7,8,475.4,0.0
Mexico,2024-04-07,2,Monterrey,La Fe,13,13,685.8,0.0
Mexico,2024-04-07,2,Monterrey,MTY_Guadalupe,16,13,599.4,0.0
Mexico,2024-04-07,2,Monterrey,Independencia,13,11,649.5,0.0
Mexico,2024-04-07,2,Monterrey,Tec,17,17,1017.3,0.0
Mexico,2024-04-07,3,Monterrey,Centro,9,7,372.0,0.0
Mexico,2024-04-07,3,Monterrey,Mitras Centro,8,5,281.8,0.0
Mexico,2024-04-07,3,Monterrey,Apodaca Centro,6,8,393.2,0.0
Mexico,2024-04-07,3,Monterrey,Escobedo,9,7,323.0,0.0
Mexico,2024-04-07,3,Monterrey,Carretera Nacional,6,3,179.5,0.0
Mexico,2024-04-07,3,Monterrey,MTY_Apodaca_Huinalá,8,5,273.3,0.0
Mexico,2024-04-07,3,Monterrey,San Nicolás,12,9,538.2,0.0
Mexico,2024-04-07,3,Monterrey,Santa Catarina,8,10,576.3,0.0
Mexico,2024-04-07,3,Monterrey,San Pedro,8,8,446.0,0.0
Mexico,2024-04-07,3,Monterrey,Cumbres Poniente,4,5,294.0,0.0
Mexico,2024-04-07,3,Monterrey,La Fe,9,10,476.6,0.0
Mexico,2024-04-07,3,Monterrey,MTY_Guadalupe,5,5,251.1,0.0
Mexico,2024-04-07,3,Monterrey,Independencia,7,6,325.7,0.0
Mexico,2024-04-07,3,Monterrey,Tec,8,5,269.7,0.0
Mexico,2024-04-07,4,Monterrey,Centro,6,5,277.2,0.0
Mexico,2024-04-07,4,Monterrey,Mitras Centro,7,7,374.5,0.0
Mexico,2024-04-07,4,Monterrey,Apodaca Centro,5,6,352.8,0.0
Mexico,2024-04-07,4,Monterrey,Escobedo,12,14,647.3,0.0
Mexico,2024-04-07,4,Monterrey,Carretera Nacional,11,11,584.2,0.0
Mexico,2024-04-07,4,Monterrey,MTY_Apodaca_Huinalá,13,10,504.7,0.0
Mexico,2024-04-07,4,Monterrey,San Nicolás,11,12,607.4,0.0
Mexico,2024-04-07,4,Monterrey,Santa Catarina,7,6,290.6,0.0
Mexico,2024-04-07,4,Monterrey,San Pedro,11,9,493.3,0.0
Mexico,2024-04-07,4,Monterrey,Cumbres Poniente,8,9,437.7,0.0
Mexico,2024-04-07,4,Monterrey,La Fe,11,10,482.9,0.0
Mexico,2024-04-07,4,Monterrey,MTY_Guadalupe,8,6,336.1,0.0
Mexico,2024-04-07,4,Monterrey,Independencia,8,7,393.9,0.0
Mexico,2024-04-07,4,Monterrey,Tec,7,6,280.0,0.0
Mexico,2024-04-07,5,Monterrey,Centro,12,9,513.5,0.0
Mexico,2024-04-07,5,Monterrey,Mitras Centro,2,3,165.9,0.0
Mexico,2024-04-07,5,Monterrey,Apodaca Centro,13,12,706.8,0.0
Mexico,2024-04-07,5,Monterrey,Escobedo,12,10,511.1,0.0
Mexico,2024-04-07,5,Monterrey,Carretera Nacional,4,6,288.4,0.0
Mexico,2024-04-07,5,Monterrey,MTY_Apodaca_Huinalá,5,7,396.3,0.0
Mexico,2024-04-07,5,Monterrey,San Nicolás,7,8,413.7,0.0
Mexico,2024-04-07,5,Monterrey,Santa Catarina,15,12,704.7,0.0
Mexico,2024-04-07,5,Monterrey,San Pedro,6,3,179.4,0.0
Mexico,2024-04-07,5,Monterrey,Cumbres Poniente,9,9,486.7,0.0
Mexico,2024-04-07,5,Monterrey,La Fe,2,4,236.3,0.0
Mexico,2024-04-07,5,Monterrey,MTY_Guadalupe,9,8,462.6,0.0
Mexico,2024-04-07,5,Monterrey,Independencia,1,0,0.0,0.0
Mexico,2024-04-07,5,Monterrey,Tec,6,6,274.6,0.0
Mexico,2024-04-07,6,Monterrey,Centro,13,11,552.5,0.0
Mexico,2024-04-07,6,Monterrey,Mitras Centro,6,8,414.8,0.0
Mexico,2024-04-07,6,Monterrey,Apodaca Centro,11,8,401.8,0.0
Mexico,2024-04-07,6,Monterrey,Escobedo,8,10,584.7,0.0
Mexico,2024-04-07,6,Monterrey,Carretera Nacional,6,8,407.2,0.0
Mexico,2024-04-07,6,Monterrey,MTY_Apodaca_Huinalá,10,10,580.6,0.0
Mexico,2024-04-07,6,Monterrey,San Nicolás,8,7,415.8,0.0
Mexico,2024-04-07,6,Monterrey,Santa Catarina,14,11,555.1,0.0
Mexico,2024-04-07,6,Monterrey,San Pedro,12,10,469.1,0.0
Mexico,2024-04-07,6,Monterrey,Cumbres Poniente,14,11,500.4,0.0
Mexico,2024-04-07,6,Monterrey,La Fe,6,7,404.3,0.0
Mexico,2024-04-07,6,Monterrey,MTY_Guadalupe,3,5,267.3,0.0
Mexico,2024-04-07,6,Monterrey,Independencia,7,6,284.7,0.0
Mexico,2024-04-07,6,Monterrey,Tec,13,11,608.5,0.0
Mexico,2024-04-07,7,Monterrey,Centro,7,9,423.6,0.0
Mexico,2024-04-07,7,Monterrey,Mitras Centro,8,7,340.9,0.0
Mexico,2024-04-07,7,Monterrey,Apodaca Centro,15,13,756.5,0.0
Mexico,2024-04-07,7,Monterrey,Escobedo,4,5,235.7,0.0
Mexico,2024-04-07,7,Monterrey,Carretera Nacional,12,9,440.0,0.0
Mexico,2024-04-07,7,Monterrey,MTY_Apodaca_Huinalá,8,9,416.4,0.0
Mexico,2024-04-07,7,Monterrey,San Nicolás,8,7,353.0,0.0
Mexico,2024-04-07,7,Monterrey,Santa Catarina,8,5,263.4,0.0
Mexico,2024-04-07,7,Monterrey,San Pedro,16,13,686.7,0.0
Mexico,2024-04-07,7,Monterrey,Cumbres Poniente,11,12,545.3,0.0
Mexico,2024-04-07,7,Monterrey,La Fe,9,6,330.6,0.0
Mexico,2024-04-07,7,Monterrey,MTY_Guadalupe,9,6,314.1,0.0
Mexico,2024-04-07,7,Monterrey,Independencia,11,10,562.5,0.0
Mexico,2024-04-07,7,Monterrey,Tec,10,7,392.3,0.0
Mexico,2024-04-07,8,Monterrey,Centro,11,9,452.8,0.0
Mexico,2024-04-07,8,Monterrey,Mitras Centro,4,5,257.7,0.0
Mexico,2024-04-07,8,Monterrey,Apodaca Centro,6,7,407.6,0.0
Mexico,2024-04-07,8,Monterrey,Escobedo,9,7,419.0,0.0
Mexico,2024-04-07,8,Monterrey,Carretera Nacional,15,17,807.9,0.0
Mexico,2024-04-07,8,Monterrey,MTY_Apodaca_Huinalá,13,11,551.3,0.0
Mexico,2024-04-07,8,Monterrey,San Nicolás,11,9,433.0,0.0
Mexico,2024-04-07,8,Monterrey,Santa Catarina,6,7,414.2,0.0
Mexico,2024-04-07,8,Monterrey,San Pedro,5,7,331.6,0.0
Mexico,2024-04-07,8,Monterrey,Cumbres Poniente,10,8,390.3,0.0
Mexico,2024-04-07,8,Monterrey,La Fe,13,11,539.1,0.0
Mexico,2024-04-07,8,Monterrey,MTY_Guadalupe,12,9,442.9,0.0
Mexico,2024-04-07,8,Monterrey,Independencia,9,7,418.9,0.0
Mexico,2024-04-07,8,Monterrey,Tec,10,9,539.3,0.0
Mexico,2024-04-07,9,Monterrey,Centro,10,9,421.7,0.0
Mexico,2024-04-07,9,Monterrey,Mitras Centro,12,11,520.1,0.0
Mexico,2024-04-07,9,Monterrey,Apodaca Centro,4,5,272.9,0.0
Mexico,2024-04-07,9,Monterrey,Escobedo,11,11,562.9,0.0
Mexico,2024-04-07,9,Monterrey,Carretera Nacional,5,5,281.2,0.0
Mexico,2024-04-07,9,Monterrey,MTY_Apodaca_Huinalá,10,8,400.5,0.0
Mexico,2024-04-07,9,Monterrey,San Nicolás,10,9,501.6,0.0
Mexico,2024-04-07,9,Monterrey,Santa Catarina,11,13,762.1,0.0
Mexico,2024-04-07,9,Monterrey,San Pedro,8,9,461.1,0.0
Mexico,2024-04-07,9,Monterrey,Cumbres Poniente,6,6,314.6,0.0
Mexico,2024-04-07,9,Monterrey,La Fe,9,6,287.8,0.0
Mexico,2024-04-07,9,Monterrey,MTY_Guadalupe,10,7,346.7,0.0
Mexico,2024-04-07,9,Monterrey,Independencia,6,5,248.6,0.0
Mexico,2024-04-07,9,Monterrey,Tec,8,6,350.1,0.0
Mexico,2024-04-07,10,Monterrey,Centro,5,7,354.3,0.0
Mexico,2024-04-07,10,Monterrey,Mitras Centro,7,5,249.8,0.0
Mexico,2024-04-07,10,Monterrey,Apodaca Centro,6,7,327.8,0.0
Mexico,2024-04-07,10,Monterrey,Escobedo,12,9,488.3,0.0
Mexico,2024-04-07,10,Monterrey,Carretera Nacional,10,8,400.6,0.0
Mexico,2024-04-07,10,Monterrey,MTY_Apodaca_Huinalá,6,7,389.4,0.0
Mexico,2024-04-07,10,Monterrey,San Nicolás,12,12,551.5,0.0
Mexico,2024-04-07,10,Monterrey,Santa Catarina,12,13,615.6,0.0
Mexico,2024-04-07,10,Monterrey,San Pedro,10,9,502.0,0.0
Mexico,2024-04-07,10,Monterrey,Cumbres Poniente,8,7,388.2,0.0
Mexico,2024-04-07,10,Monterrey,La Fe,6,5,255.0,0.0
Mexico,2024-04-07,10,Monterrey,MTY_Guadalupe,3,3,161.0,0.0
Mexico,2024-04-07,10,Monterrey,Independencia,5,6,328.3,0.0
Mexico,2024-04-07,10,Monterrey,Tec,4,6,278.7,0.0
Mexico,2024-04-07,11,Monterrey,Centro,9,8,425.4,0.0
Mexico,2024-04-07,11,Monterrey,Mitras Centro,12,9,529.8,0.0
Mexico,2024-04-07,11,Monterrey,Apodaca Centro,10,10,582.6,0.0
Mexico,2024-04-07,11,Monterrey,Escobedo,8,7,317.8,0.0
Mexico,2024-04-07,11,Monterrey,Carretera Nacional,6,8,375.6,0.0
Mexico,2024-04-07,11,Monterrey,MTY_Apodaca_Huinalá,6,5,272.1,0.0
Mexico,2024-04-07,11,Monterrey,San Nicolás,1,0,0.0,0.0
Mexico,2024-04-07,11,Monterrey,Santa Catarina,1,2,105.7,0.0
Mexico,2024-04-07,11,Monterrey,San Pedro,11,11,539.4,0.0
Mexico,2024-04-07,11,Monterrey,Cumbres Poniente,7,4,189.8,0.0
Mexico,2024-04-07,11,Monterrey,La Fe,8,7,355.2,0.0
Mexico,2024-04-07,11,Monterrey,MTY_Guadalupe,8,5,297.3,0.0
Mexico,2024-04-07,11,Monterrey,Independencia,9,8,390.9,0.0
Mexico,2024-04-07,11,Monterrey,Tec,8,8,418.0,0.0
Mexico,2024-04-07,12,Monterrey,Centro,8,7,369.1,0.0
Mexico,2024-04-07,12,Monterrey,Mitras Centro,13,11,536.8,0.0
Mexico,2024-04-07,12,Monterrey,Apodaca Centro,10,10,471.8,0.0
Mexico,2024-04-07,12,Monterrey,Escobedo,15,12,712.2,0.0
Mexico,2024-04-07,12,Monterrey,Carretera Nacional,9,11,613.4,0.0
Mexico,2024-04-07,12,Monterrey,MTY_Apodaca_Huinalá,8,10,527.1,0.0
Mexico,2024-04-07,12,Monterrey,San Nicolás,8,10,589.1,0.0
Mexico,2024-04-07,12,Monterrey,Santa Catarina,10,8,456.4,0.0
Mexico,2024-04-07,12,Monterrey,San Pedro,11,9,478.6,0.0
Mexico,2024-04-07,12,Monterrey,Cumbres Poniente,14,11,536.0,0.0
Mexico,2024-04-07,12,Monterrey,La Fe,11,8,470.7,0.0
Mexico,2024-04-07,12,Monterrey,MTY_Guadalupe,10,11,656.5,0.0
Mexico,2024-04-07,12,Monterrey,Independencia,6,7,366.9,0.0
Mexico,2024-04-07,12,Monterrey,Tec,9,10,493.1,0.0
Mexico,2024-04-07,13,Monterrey,Centro,9,11,610.5,0.0
Mexico,2024-04-07,13,Monterrey,Mitras Centro,15,15,791.5,0.0
Mexico,2024-04-07,13,Monterrey,Apodaca Centro,13,13,649.8,0.0
Mexico,2024-04-07,13,Monterrey,Escobedo,9,6,306.9,0.0
Mexico,2024-04-07,13,Monterrey,Carretera Nacional,13,12,545.6,0.0
Mexico,2024-04-07,13,Monterrey,MTY_Apodaca_Huinalá,9,8,467.9,0.0
Mexico,2024-04-07,13,Monterrey,San Nicolás,11,10,550.8,0.0
Mexico,2024-04-07,13,Monterrey,Santa Catarina,17,14,769.1,0.0
Mexico,2024-04-07,13,Monterrey,San Pedro,11,11,542.9,0.0
Mexico,2024-04-07,13,Monterrey,Cumbres Poniente,10,12,667.1,0.0
Mexico,2024-04-07,13,Monterrey,La Fe,13,10,582.0,0.0
Mexico,2024-04-07,13,Monterrey,MTY_Guadalupe,17,18,890.2,0.0
Mexico,2024-04-07,13,Monterrey,Independencia,11,10,452.4,0.0
Mexico,2024-04-07,13,Monterrey,Tec,18,17,971.6,0.0
Mexico,2024-04-07,14,Monterrey,Centro,13,12,717.8,0.0
Mexico,2024-04-07,14,Monterrey,Mitras Centro,14,16,849.5,0.0
Mexico,2024-04-07,14,Monterrey,Apodaca Centro,15,14,701.7,0.0
Mexico,2024-04-07,14,Monterrey,Escobedo,15,14,769.0,0.0
Mexico,2024-04-07,14,Monterrey,Carretera Nacional,9,6,346.2,0.0
Mexico,2024-04-07,14,Monterrey,MTY_Apodaca_Huinalá,9,9,465.6,0.0
Mexico,2024-04-07,14,Monterrey,San Nicolás,14,11,572.5,0.0
Mexico,2024-04-07,14,Monterrey,Santa Catarina,20,18,1067.2,0.0
Mexico,2024-04-07,14,Monterrey,San Pedro,9,9,414.6,0.0
Mexico,2024-04-07,14,Monterrey,Cumbres Poniente,18,18,1032.1,0.0
Mexico,2024-04-07,14,Monterrey,La Fe,14,15,838.6,0.0
Mexico,2024-04-07,14,Monterrey,MTY_Guadalupe,12,12,716.2,0.0
Mexico,2024-04-07,14,Monterrey,Independencia,13,10,543.3,0.0
Mexico,2024-04-07,14,Monterrey,Tec,10,11,556.9,0.0
Mexico,2024-04-07,15,Monterrey,Centro,11,8,369.5,0.0
Mexico,2024-04-07,15,Monterrey,Mitras Centro,11,8,369.5,0.0
Mexico,2024-04-07,15,Monterrey,Apodaca Centro,14,11,610.0,0.0
Mexico,2024-04-07,15,Monterrey,Escobedo,13,10,571.6,0.0
Mexico,2024-04-07,15,Monterrey,Carretera Nacional,8,6,278.0,0.0
Mexico,2024-04-07,15,Monterrey,MTY_Apodaca_Huinalá,10,9,521.9,0.0
Mexico,2024-04-07,15,Monterrey,San Nicolás,12,11,558.9,0.0
Mexico,2024-04-07,15,Monterrey,Santa Catarina,7,8,460.2,0.0
Mexico,2024-04-07,15,Monterrey,San Pedro,10,8,422.8,0.0
Mexico,2024-04-07,15,Monterrey,Cumbres Poniente,5,7,331.9,0.0
Mexico,2024-04-07,15,Monterrey,La Fe,9,8,440.8,0.0
Mexico,2024-04-07,15,Monterrey,MTY_Guadalupe,13,11,614.9,0.0
Mexico,2024-04-07,15,Monterrey,Independencia,11,10,488.5,0.0
Mexico,2024-04-07,15,Monterrey,Tec,9,11,501.4,0.0
Mexico,2024-04-07,16,Monterrey,Centro,4,5,287.2,0.0
Mexico,2024-04-07,16,Monterrey,Mitras Centro,11,9,435.1,0.0
Mexico,2024-04-07,16,Monterrey,Apodaca Centro,7,9,433.0,0.0
Mexico,2024-04-07,16,Monterrey,Escobedo,8,7,381.8,0.0
Mexico,2024-04-07,16,Monterrey,Carretera Nacional,14,11,511.8,0.0
Mexico,2024-04-07,16,Monterrey,MTY_Apodaca_Huinalá,3,4,234.9,0.0
Mexico,2024-04-07,16,Monterrey,San Nicolás,11,8,408.1,0.0
Mexico,2024-04-07,16,Monterrey,Santa Catarina,10,9,433.7,0.0
Mexico,2024-04-07,16,Monterrey,San Pedro,5,3,137.4,0.0
Mexico,2024-04-07,16,Monterrey,Cumbres Poniente,3,5,284.3,0.0
Mexico,2024-04-07,16,Monterrey,La Fe,12,11,497.7,0.0
Mexico,2024-04-07,16,Monterrey,MTY_Guadalupe,6,3,162.6,0.0
Mexico,2024-04-07,16,Monterrey,Independencia,7,7,378.3,0.0
Mexico,2024-04-07,16,Monterrey,Tec,8,6,289.4,0.0
Mexico,2024-04-07,17,Monterrey,Centro,10,8,419.0,0.0
Mexico,2024-04-07,17,Monterrey,Mitras Centro,5,7,416.8,0.0
Mexico,2024-04-07,17,Monterrey,Apodaca Centro,11,11,634.1,0.0
Mexico,2024-04-07,17,Monterrey,Escobedo,6,8,407.0,0.0
Mexico,2024-04-07,17,Monterrey,Carretera Nacional,13,11,639.4,0.0
Mexico,2024-04-07,17,Monterrey,MTY_Apodaca_Huinalá,8,8,452.1,0.0
Mexico,2024-04-07,17,Monterrey,San Nicolás,14,12,540.6,0.0
Mexico,2024-04-07,17,Monterrey,Santa Catarina,6,7,335.0,0.0
Mexico,2024-04-07,17,Monterrey,San Pedro,10,7,391.9,0.0
Mexico,2024-04-07,17,Monterrey,Cumbres Poniente,10,12,624.5,0.0
Mexico,2024-04-07,17,Monterrey,La Fe,8,8,476.0,0.0
Mexico,2024-04-07,17,Monterrey,MTY_Guadalupe,9,6,294.2,0.0
Mexico,2024-04-07,17,Monterrey,Independencia,10,11,526.3,0.0
Mexico,2024-04-07,17,Monterrey,Tec,4,6,304.2,0.0
Mexico,2024-04-07,18,Monterrey,Centro,10,9,460.4,0.0
Mexico,2024-04-07,18,Monterrey,Mitras Centro,10,9,529.5,0.0
Mexico,2024-04-07,18,Monterrey,Apodaca Centro,3,5,278.0,0.0
Mexico,2024-04-07,18,Monterrey,Escobedo,11,12,626.3,0.0
Mexico,2024-04-07,18,Monterrey,Carretera Nacional,8,7,371.8,0.0
Mexico,2024-04-07,18,Monterrey,MTY_Apodaca_Huinalá,7,6,315.2,0.0
Mexico,2024-04-07,18,Monterrey,San Nicolás,7,8,397.5,0.0
Mexico,2024-04-07,18,Monterrey,Santa Catarina,12,9,425.1,0.0
Mexico,2024-04-07,18,Monterrey,San Pedro,9,9,456.3,0.0
Mexico,2024-04-07,18,Monterrey,Cumbres Poniente,12,13,612.3,0.0
Mexico,2024-04-07,18,Monterrey,La Fe,10,11,609.7,0.0
Mexico,2024-04-07,18,Monterrey,MTY_Guadalupe,16,14,738.9,0.0
Mexico,2024-04-07,18,Monterrey,Independencia,11,12,542.3,0.0
Mexico,2024-04-07,18,Monterrey,Tec,11,10,584.8,0.0
Mexico,2024-04-07,19,Monterrey,Centro,9,8,413.8,0.0
Mexico,2024-04-07,19,Monterrey,Mitras Centro,22,23,1162.3,0.0
Mexico,2024-04-07,19,Monterrey,Apodaca Centro,11,8,433.8,0.0
Mexico,2024-04-07,19,Monterrey,Escobedo,18,18,1065.7,0.0
Mexico,2024-04-07,19,Monterrey,Carretera Nacional,19,18,871.9,0.0
Mexico,2024-04-07,19,Monterrey,MTY_Apodaca_Huinalá,10,9,409.0,0.0
Mexico,2024-04-07,19,Monterrey,San Nicolás,12,11,623.1,0.0
Mexico,2024-04-07,19,Monterrey,Santa Catarina,9,11,519.2,0.0
Mexico,2024-04-07,19,Monterrey,San Pedro,14,16,738.0,0.0
Mexico,2024-04-07,19,Monterrey,Cumbres Poniente,15,13,708.4,0.0
Mexico,2024-04-07,19,Monterrey,La Fe,9,11,555.9,0.0
Mexico,2024-04-07,19,Monterrey,MTY_Guadalupe,18,15,728.3,0.0
Mexico,2024-04-07,19,Monterrey,Independencia,9,10,454.9,0.0
Mexico,2024-04-07,19,Monterrey,Tec,16,13,723.4,0.0
Mexico,2024-04-07,20,Monterrey,Centro,11,9,467.4,0.0
Mexico,2024-04-07,20,Monterrey,Mitras Centro,13,14,725.0,0.0
Mexico,2024-04-07,20,Monterrey,Apodaca Centro,10,7,401.4,0.0
Mexico,2024-04-07,20,Monterrey,Escobedo,13,10,465.7,0.0
Mexico,2024-04-07,20,Monterrey,Carretera Nacional,10,7,419.5,0.0
Mexico,2024-04-07,20,Monterrey,MTY_Apodaca_Huinalá,14,11,632.8,0.0
Mexico,2024-04-07,20,Monterrey,San Nicolás,12,9,414.9,0.0
Mexico,2024-04-07,20,Monterrey,Santa Catarina,11,12,628.3,0.0
Mexico,2024-04-07,20,Monterrey,San Pedro,6,8,378.2,0.0
Mexico,2024-04-07,20,Monterrey,Cumbres Poniente,15,16,890.7,0.0
Mexico,2024-04-07,20,Monterrey,La Fe,16,15,807.7,0.0
Mexico,2024-04-07,20,Monterrey,MTY_Guadalupe,18,18,885.8,0.0
Mexico,2024-04-07,20,Monterrey,Independencia,15,13,653.5,0.0
Mexico,2024-04-07,20,Monterrey,Tec,19,21,1166.3,0.0
Mexico,2024-04-07,21,Monterrey,Centro,12,10,581.7,0.0
Mexico,2024-04-07,21,Monterrey,Mitras Centro,20,17,968.1,0.0
Mexico,2024-04-07,21,Monterrey,Apodaca Centro,15,16,815.6,0.0
Mexico,2024-04-07,21,Monterrey,Escobedo,20,20,1120.7,0.0
Mexico,2024-04-07,21,Monterrey,Carretera Nacional,5,7,403.0,0.0
Mexico,2024-04-07,21,Monterrey,MTY_Apodaca_Huinalá,14,13,651.9,0.0
Mexico,2024-04-07,21,Monterrey,San Nicolás,10,11,510.7,0.0
Mexico,2024-04-07,21,Monterrey,Santa Catarina,14,12,707.6,0.0
Mexico,2024-04-07,21,Monterrey,San Pedro,11,9,428.8,0.0
Mexico,2024-04-07,21,Monterrey,Cumbres Poniente,7,9,429.4,0.0
Mexico,2024-04-07,21,Monterrey,La Fe,14,13,717.5,0.0
Mexico,2024-04-07,21,Monterrey,MTY_Guadalupe,13,12,614.0,0.0
Mexico,2024-04-07,21,Monterrey,Independencia,18,17,1006.1,0.0
Mexico,2024-04-07,21,Monterrey,Tec,11,10,494.1,0.0
Mexico,2024-04-07,22,Monterrey,Centro,5,6,336.6,0.0
Mexico,2024-04-07,22,Monterrey,Mitras Centro,9,10,477.8,0.0
Mexico,2024-04-07,22,Monterrey,Apodaca Centro,4,6,301.5,0.0
Mexico,2024-04-07,22,Monterrey,Escobedo,11,11,499.1,0.0
Mexico,2024-04-07,22,Monterrey,Carretera Nacional,9,11,605.8,0.0
Mexico,2024-04-07,22,Monterrey,MTY_Apodaca_Huinalá,10,10,485.2,0.0
Mexico,2024-04-07,22,Monterrey,San Nicolás,8,6,303.9,0.0
Mexico,2024-04-07,22,Monterrey,Santa Catarina,9,7,372.3,0.0
Mexico,2024-04-07,22,Monterrey,San Pedro,6,5,272.0,0.0
Mexico,2024-04-07,22,Monterrey,Cumbres Poniente,9,10,591.4,0.0
Mexico,2024-04-07,22,Monterrey,La Fe,7,5,273.0,0.0
Mexico,2024-04-07,22,Monterrey,MTY_Guadalupe,5,5,268.4,0.0
Mexico,2024-04-07,22,Monterrey,Independencia,9,8,398.2,0.0
Mexico,2024-04-07,22,Monterrey,Tec,10,11,592.0,0.0
Mexico,2024-04-07,23,Monterrey,Centro,11,8,362.2,0.0
Mexico,2024-04-07,23,Monterrey,Mitras Centro,6,8,462.2,0.0
Mexico,2024-04-07,23,Monterrey,Apodaca Centro,6,7,355.0,0.0
Mexico,2024-04-07,23,Monterrey,Escobedo,8,5,290.9,0.0
Mexico,2024-04-07,23,Monterrey,Carretera Nacional,10,9,486.2,0.0
Mexico,2024-04-07,23,Monterrey,MTY_Apodaca_Huinalá,9,8,412.1,0.0
Mexico,2024-04-07,23,Monterrey,San Nicolás,7,7,330.6,0.0
Mexico,2024-04-07,23,Monterrey,Santa Catarina,6,7,330.6,0.0
Mexico,2024-04-07,23,Monterrey,San Pedro,8,8,362.2,0.0
Mexico,2024-04-07,23,Monterrey,Cumbres Poniente,18,15,786.3,0.0
Mexico,2024-04-07,23,Monterrey,La Fe,3,5,247.2,0.0
Mexico,2024-04-07,23,Monterrey,MTY_Guadalupe,12,11,598.3,0.0
Mexico,2024-04-07,23,Monterrey,Independencia,14,11,646.1,0.0
Mexico,2024-04-07,23,Monterrey,Tec,10,10,513.8,0.0
Mexico,2024-04-08,0,Monterrey,Centro,7,7,395.6,0.0
Mexico,2024-04-08,0,Monterrey,Mitras Centro,6,6,304.2,0.0
Mexico,2024-04-08,0,Monterrey,Apodaca Centro,1,3,176.0,0.0
Mexico,2024-04-08,0,Monterrey,Escobedo,7,5,268.0,0.0
Mexico,2024-04-08,0,Monterrey,Carretera Nacional,6,4,198.2,0.0
Mexico,2024-04-08,0,Monterrey,MTY_Apodaca_Huinalá,8,7,347.9,0.0
Mexico,2024-04-08,0,Monterrey,San Nicolás,3,3,175.0,0.0
Mexico,2024-04-08,0,Monterrey,Santa Catarina,9,7,395.1,0.0
Mexico,2024-04-08,0,Monterrey,San Pedro,7,7,358.1,0.0
Mexico,2024-04-08,0,Monterrey,Cumbres Poniente,9,8,460.1,0.0
Mexico,2024-04-08,0,Monterrey,La Fe,8,5,280.0,0.0
Mexico,2024-04-08,0,Monterrey,MTY_Guadalupe,3,5,291.0,0.0
Mexico,2024-04-08,0,Monterrey,Independencia,7,4,220.9,0.0
Mexico,2024-04-08,0,Monterrey,Tec,10,7,407.6,0.0
Mexico,2024-04-08,1,Monterrey,Centro,3,5,299.1,0.5
Mexico,2024-04-08,1,Monterrey,Mitras Centro,6,5,275.3,0.5
Mexico,2024-04-08,1,Monterrey,Apodaca Centro,8,7,326.7,0.5
Mexico,2024-04-08,1,Monterrey,Escobedo,5,5,266.3,0.5
Mexico,2024-04-08,1,Monterrey,Carretera Nacional,6,3,145.2,0.5
Mexico,2024-04-08,1,Monterrey,MTY_Apodaca_Huinalá,4,1,45.8,0.5
Mexico,2024-04-08,1,Monterrey,San Nicolás,6,6,331.2,0.5
Mexico,2024-04-08,1,Monterrey,Santa Catarina,6,3,179.3,0.5
Mexico,2024-04-08,1,Monterrey,San Pedro,4,2,99.0,0.5
Mexico,2024-04-08,1,Monterrey,Cumbres Poniente,1,3,143.4,0.5
Mexico,2024-04-08,1,Monterrey,La Fe,6,6,285.5,0.5
Mexico,2024-04-08,1,Monterrey,MTY_Guadalupe,6,4,208.8,0.5
Mexico,2024-04-08,1,Monterrey,Independencia,8,6,340.9,0.5
Mexico,2024-04-08,1,Monterrey,Tec,6,4,210.7,0.5
Mexico,2024-04-08,2,Monterrey,Centro,3,3,136.9,0.0
Mexico,2024-04-08,2,Monterrey,Mitras Centro,5,5,255.3,0.0
Mexico,2024-04-08,2,Monterrey,Apodaca Centro,5,3,155.3,0.0
Mexico,2024-04-08,2,Monterrey,Escobedo,5,4,180.8,0.0
Mexico,2024-04-08,2,Monterrey,Carretera Nacional,5,6,315.4,0.0
Mexico,2024-04-08,2,Monterrey,MTY_Apodaca_Huinalá,7,6,338.8,0.0
Mexico,2024-04-08,2,Monterrey,San Nicolás,8,6,291.5,0.0
Mexico,2024-04-08,2,Monterrey,Santa Catarina,2,4,219.5,0.0
Mexico,2024-04-08,2,Monterrey,San Pedro,6,7,372.1,0.0
Mexico,2024-04-08,2,Monterrey,Cumbres Poniente,9,10,458.9,0.0
Mexico,2024-04-08,2,Monterrey,La Fe,3,5,234.6,0.0
Mexico,2024-04-08,2,Monterrey,MTY_Guadalupe,1,2,108.3,0.0
Mexico,2024-04-08,2,Monterrey,Independencia,1,1,49.8,0.0
Mexico,2024-04-08,2,Monterrey,Tec,12,10,451.7,0.0
Mexico,2024-04-08,3,Monterrey,Centro,6,3,158.6,0.0
Mexico,2024-04-08,3,Monterrey,Mitras Centro,5,3,159.1,0.0
Mexico,2024-04-08,3,Monterrey,Apodaca Centro,1,2,99.3,0.0
Mexico,2024-04-08,3,Monterrey,Escobedo,5,5,229.2,0.0
Mexico,2024-04-08,3,Monterrey,Carretera Nacional,6,5,231.3,0.0
Mexico,2024-04-08,3,Monterrey,MTY_Apodaca_Huinalá,5,3,172.4,0.0
Mexico,2024-04-08,3,Monterrey,San Nicolás,6,6,323.9,0.0
Mexico,2024-04-08,3,Monterrey,Santa Catarina,3,5,263.1,0.0
Mexico,2024-04-08,3,Monterrey,San Pedro,1,2,103.6,0.0
Mexico,2024-04-08,3,Monterrey,Cumbres Poniente,6,6,315.5,0.0
Mexico,2024-04-08,3,Monterrey,La Fe,4,3,164.9,0.0
Mexico,2024-04-08,3,Monterrey,MTY_Guadalupe,3,3,177.7,0.0
Mexico,2024-04-08,3,Monterrey,Independencia,8,6,321.2,0.0
Mexico,2024-04-08,3,Monterrey,Tec,3,3,162.0,0.0
Mexico,2024-04-08,4,Monterrey,Centro,6,6,359.5,0.0
Mexico,2024-04-08,4,Monterrey,Mitras Centro,6,4,226.4,0.0
Mexico,2024-04-08,4,Monterrey,Apodaca Centro,7,8,476.1,0.0
Mexico,2024-04-08,4,Monterrey,Escobedo,7,6,318.6,0.0
Mexico,2024-04-08,4,Monterrey,Carretera Nacional,6,6,359.9,0.0
Mexico,2024-04-08,4,Monterrey,MTY_Apodaca_Huinalá,4,6,298.2,0.0
Mexico,2024-04-08,4,Monterrey,San Nicolás,8,5,235.9,0.0
Mexico,2024-04-08,4,Monterrey,Santa Catarina,10,7,339.6,0.0
Mexico,2024-04-08,4,Monterrey,San Pedro,7,5,228.8,0.0
Mexico,2024-04-08,4,Monterrey,Cumbres Poniente,7,7,413.1,0.0
Mexico,2024-04-08,4,Monterrey,La Fe,4,4,230.2,0.0
Mexico,2024-04-08,4,Monterrey,MTY_Guadalupe,8,7,388.7,0.0
Mexico,2024-04-08,4,Monterrey,Independencia,3,4,197.7,0.0
Mexico,2024-04-08,4,Monterrey,Tec,3,3,151.0,0.0
Mexico,2024-04-08,5,Monterrey,Centro,8,6,271.0,0.0
Mexico,2024-04-08,5,Monterrey,Mitras Centro,5,4,203.2,0.0
Mexico,2024-04-08,5,Monterrey,Apodaca Centro,1,2,105.9,0.0
Mexico,2024-04-08,5,Monterrey,Escobedo,7,8,433.0,0.0
Mexico,2024-04-08,5,Monterrey,Carretera Nacional,9,6,302.7,0.0
Mexico,2024-04-08,5,Monterrey,MTY_Apodaca_Huinalá,4,4,213.0,0.0
Mexico,2024-04-08,5,Monterrey,San Nicolás,10,10,483.6,0.0
Mexico,2024-04-08,5,Monterrey,Santa Catarina,6,6,345.5,0.0
Mexico,2024-04-08,5,Monterrey,San Pedro,5,7,379.2,0.0
Mexico,2024-04-08,5,Monterrey,Cumbres Poniente,16,13,761.2,0.0
Mexico,2024-04-08,5,Monterrey,La Fe,5,5,278.0,0.0
Mexico,2024-04-08,5,Monterrey,MTY_Guadalupe,5,6,337.1,0.0
Mexico,2024-04-08,5,Monterrey,Independencia,8,8,459.0,0.0
Mexico,2024-04-08,5,Monterrey,Tec,5,6,300.3,0.0
Mexico,2024-04-08,6,Monterrey,Centro,8,6,289.7,0.0
Mexico,2024-04-08,6,Monterrey,Mitras Centro,9,10,563.2,0.0
Mexico,2024-04-08,6,Monterrey,Apodaca Centro,9,8,426.4,0.0
Mexico,2024-04-08,6,Monterrey,Escobedo,2,3,169.7,0.0
Mexico,2024-04-08,6,Monterrey,Carretera Nacional,3,4,199.9,0.0
Mexico,2024-04-08,6,Monterrey,MTY_Apodaca_Huinalá,12,10,574.5,0.0
Mexico,2024-04-08,6,Monterrey,San Nicolás,2,4,186.0,0.0
Mexico,2024-04-08,6,Monterrey,Santa Catarina,10,11,609.2,0.0
Mexico,2024-04-08,6,Monterrey,San Pedro,13,10,482.0,0.0
Mexico,2024-04-08,6,Monterrey,Cumbres Poniente,6,5,244.6,0.0
Mexico,2024-04-08,6,Monterrey,La Fe,1,2,98.4,0.0
Mexico,2024-04-08,6,Monterrey,MTY_Guadalupe,12,11,605.4,0.0
Mexico,2024-04-08,6,Monterrey,Independencia,1,2,97.5,0.0
Mexico,2024-04-08,6,Monterrey,Tec,9,11,535.1,0.0
Mexico,2024-04-08,7,Monterrey,Centro,4,3,159.2,0.0
Mexico,2024-04-08,7,Monterrey,Mitras Centro,3,4,194.1,0.0
Mexico,2024-04-08,7,Monterrey,Apodaca Centro,2,3,143.6,0.0
Mexico,2024-04-08,7,Monterrey,Escobedo,6,6,270.5,0.0
Mexico,2024-04-08,7,Monterrey,Carretera Nacional,7,8,367.7,0.0
Mexico,2024-04-08,7,Monterrey,MTY_Apodaca_Huinalá,8,9,529.5,0.0
Mexico,2024-04-08,7,Monterrey,San Nicolás,1,1,59.2,0.0
Mexico,2024-04-08,7,Monterrey,Santa Catarina,5,5,273.3,0.0
Mexico,2024-04-08,7,Monterrey,San Pedro,7,7,393.0,0.0
Mexico,2024-04-08,7,Monterrey,Cumbres Poniente,7,5,255.9,0.0
Mexico,2024-04-08,7,Monterrey,La Fe,6,7,410.8,0.0
Mexico,2024-04-08,7,Monterrey,MTY_Guadalupe,5,2,103.1,0.0
Mexico,2024-04-08,7,Monterrey,Independencia,8,6,322.6,0.0
Mexico,2024-04-08,7,Monterrey,Tec,3,4,231.1,0.0
Mexico,2024-04-08,8,Monterrey,Centro,6,4,181.5,0.0
Mexico,2024-04-08,8,Monterrey,Mitras Centro,9,6,328.0,0.0
Mexico,2024-04-08,8,Monterrey,Apodaca Centro,3,2,105.7,0.0
Mexico,2024-04-08,8,Monterrey,Escobedo,7,5,234.3,0.0
Mexico,2024-04-08,8,Monterrey,Carretera Nacional,4,2,105.8,0.0
Mexico,2024-04-08,8,Monterrey,MTY_Apodaca_Huinalá,4,3,173.1,0.0
Mexico,2024-04-08,8,Monterrey,San Nicolás,6,5,276.2,0.0
Mexico,2024-04-08,8,Monterrey,Santa Catarina,7,4,180.7,0.0
Mexico,2024-04-08,8,Monterrey,San Pedro,3,1,51.3,0.0
Mexico,2024-04-08,8,Monterrey,Cumbres Poniente,4,3,143.7,0.0
Mexico,2024-04-08,8,Monterrey,La Fe,1,3,135.1,0.0
Mexico,2024-04-08,8,Monterrey,MTY_Guadalupe,8,9,509.4,0.0
Mexico,2024-04-08,8,Monterrey,Independencia,10,8,360.5,0.0
Mexico,2024-04-08,8,Monterrey,Tec,6,6,275.4,0.0
Mexico,2024-04-08,9,Monterrey,Centro,2,4,191.3,0.0
Mexico,2024-04-08,9,Monterrey,Mitras Centro,3,3,175.9,0.0
Mexico,2024-04-08,9,Monterrey,Apodaca Centro,6,6,289.4,0.0
Mexico,2024-04-08,9,Monterrey,Escobedo,7,7,409.2,0.0
Mexico,2024-04-08,9,Monterrey,Carretera Nacional,4,3,177.9,0.0
Mexico,2024-04-08,9,Monterrey,MTY_Apodaca_Huinalá,11,8,477.8,0.0
Mexico,2024-04-08,9,Monterrey,San Nicolás,8,6,337.1,0.0
Mexico,2024-04-08,9,Monterrey,Santa Catarina,5,2,114.7,0.0
Mexico,2024-04-08,9,Monterrey,San Pedro,7,7,382.0,0.0
Mexico,2024-04-08,9,Monterrey,Cumbres Poniente,3,5,253.8,0.0
Mexico,2024-04-08,9,Monterrey,La Fe,2,4,209.6,0.0
Mexico,2024-04-08,9,Monterrey,MTY_Guadalupe,9,9,431.7,0.0
Mexico,2024-04-08,9,Monterrey,Independencia,7,4,198.2,0.0
Mexico,2024-04-08,9,Monterrey,Tec,6,5,292.6,0.0
Mexico,2024-04-08,10,Monterrey,Centro,7,4,212.6,0.0
Mexico,2024-04-08,10,Monterrey,Mitras Centro,10,10,559.8,0.0
Mexico,2024-04-08,10,Monterrey,Apodaca Centro,8,7,350.4,0.0
Mexico,2024-04-08,10,Monterrey,Escobedo,6,6,273.2,0.0
Mexico,2024-04-08,10,Monterrey,Carretera Nacional,4,6,284.3,0.0
Mexico,2024-04-08,10,Monterrey,MTY_Apodaca_Huinalá,7,6,355.9,0.0
Mexico,2024-04-08,10,Monterrey,San Nicolás,10,8,469.8,0.0
Mexico,2024-04-08,10,Monterrey,Santa Catarina,6,3,179.8,0.0
Mexico,2024-04-08,10,Monterrey,San Pedro,6,7,390.2,0.0
Mexico,2024-04-08,10,Monterrey,Cumbres Poniente,3,3,140.6,0.0
Mexico,2024-04-08,10,Monterrey,La Fe,5,6,278.9,0.0
Mexico,2024-04-08,10,Monterrey,MTY_Guadalupe,7,4,205.1,0.0
Mexico,2024-04-08,10,Monterrey,Independencia,5,5,269.9,0.0
Mexico,2024-04-08,10,Monterrey,Tec,10,12,644.5,0.0
Mexico,2024-04-08,11,Monterrey,Centro,8,8,379.6,0.0
Mexico,2024-04-08,11,Monterrey,Mitras Centro,1,1,48.3,0.0
Mexico,2024-04-08,11,Monterrey,Apodaca Centro,4,3,143.0,0.0
Mexico,2024-04-08,11,Monterrey,Escobedo,3,3,136.2,0.0
Mexico,2024-04-08,11,Monterrey,Carretera Nacional,1,2,92.3,0.0
Mexico,2024-04-08,11,Monterrey,MTY_Apodaca_Huinalá,6,7,375.5,0.0
Mexico,2024-04-08,11,Monterrey,San Nicolás,8,7,345.0,0.0
Mexico,2024-04-08,11,Monterrey,Santa Catarina,9,6,352.8,0.0
Mexico,2024-04-08,11,Monterrey,San Pedro,5,3,174.5,0.0
Mexico,2024-04-08,11,Monterrey,Cumbres Poniente,4,3,169.8,0.0
Mexico,2024-04-08,11,Monterrey,La Fe,3,3,166.8,0.0
Mexico,2024-04-08,11,Monterrey,MTY_Guadalupe,9,6,319.1,0.0
Mexico,2024-04-08,11,Monterrey,Independencia,7,8,458.3,0.0
Mexico,2024-04-08,11,Monterrey,Tec,1,2,100.5,0.0
Mexico,2024-04-08,12,Monterrey,Centro,6,6,317.3,0.0
Mexico,2024-04-08,12,Monterrey,Mitras Centro,6,3,151.6,0.0
Mexico,2024-04-08,12,Monterrey,Apodaca Centro,9,7,329.4,0.0
Mexico,2024-04-08,12,Monterrey,Escobedo,11,10,566.2,0.0
Mexico,2024-04-08,12,Monterrey,Carretera Nacional,2,4,210.2,0.0
Mexico,2024-04-08,12,Monterrey,MTY_Apodaca_Huinalá,5,6,304.6,0.0
Mexico,2024-04-08,12,Monterrey,San Nicolás,7,5,290.0,0.0
Mexico,2024-04-08,12,Monterrey,Santa Catarina,5,4,231.2,0.0
Mexico,2024-04-08,12,Monterrey,San Pedro,5,7,372.1,0.0
Mexico,2024-04-08,12,Monterrey,Cumbres Poniente,11,9,536.2,0.0
Mexico,2024-04-08,12,Monterrey,La Fe,8,6,288.8,0.0
Mexico,2024-04-08,12,Monterrey,MTY_Guadalupe,7,6,304.7,0.0
Mexico,2024-04-08,12,Monterrey,Independencia,4,1,50.3,0.0
Mexico,2024-04-08,12,Monterrey,Tec,7,4,215.4,0.0
Mexico,2024-04-08,13,Monterrey,Centro,13,12,576.3,0.0
Mexico,2024-04-08,13,Monterrey,Mitras Centro,12,10,532.8,0.0
Mexico,2024-04-08,13,Monterrey,Apodaca Centro,16,13,777.5,0.0
Mexico,2024-04-08,13,Monterrey,Escobedo,14,11,574.5,0.0
Mexico,2024-04-08,13,Monterrey,Carretera Nacional,13,13,606.5,0.0
Mexico,2024-04-08,13,Monterrey,MTY_Apodaca_Huinalá,9,9,431.1,0.0
Mexico,2024-04-08,13,Monterrey,San Nicolás,12,11,565.9,0.0
Mexico,2024-04-08,13,Monterrey,Santa Catarina,14,12,693.9,0.0
Mexico,2024-04-08,13,Monterrey,San Pedro,12,11,609.5,0.0
Mexico,2024-04-08,13,Monterrey,Cumbres Poniente,7,8,466.9,0.0
Mexico,2024-04-08,13,Monterrey,La Fe,14,14,817.3,0.0
Mexico,2024-04-08,13,Monterrey,MTY_Guadalupe,8,9,535.9,0.0
Mexico,2024-04-08,13,Monterrey,Independencia,15,14,807.7,0.0
Mexico,2024-04-08,13,Monterrey,Tec,12,9,441.8,0.0
Mexico,2024-04-08,14,Monterrey,Centro,4,5,278.9,0.0
Mexico,2024-04-08,14,Monterrey,Mitras Centro,8,10,583.1,0.0
Mexico,2024-04-08,14,Monterrey,Apodaca Centro,9,8,398.3,0.0
Mexico,2024-04-08,14,Monterrey,Escobedo,7,8,378.7,0.0
Mexico,2024-04-08,14,Monterrey,Carretera Nacional,4,6,312.6,0.0
Mexico,2024-04-08,14,Monterrey,MTY_Apodaca_Huinalá,12,12,680.3,0.0
Mexico,2024-04-08,14,Monterrey,San Nicolás,18,16,806.1,0.0
Mexico,2024-04-08,14,Monterrey,Santa Catarina,16,15,711.5,0.0
Mexico,2024-04-08,14,Monterrey,San Pedro,7,5,226.6,0.0
Mexico,2024-04-08,14,Monterrey,Cumbres Poniente,7,9,470.0,0.0
Mexico,2024-04-08,14,Monterrey,La Fe,16,15,854.6,0.0
Mexico,2024-04-08,14,Monterrey,MTY_Guadalupe,16,13,742.8,0.0
Mexico,2024-04-08,14,Monterrey,Independencia,9,7,385.8,0.0
Mexico,2024-04-08,14,Monterrey,Tec,15,12,558.0,0.0
Mexico,2024-04-08,15,Monterrey,Centro,2,4,232.2,0.5
Mexico,2024-04-08,15,Monterrey,Mitras Centro,7,4,237.1,0.5
Mexico,2024-04-08,15,Monterrey,Apodaca Centro,4,4,239.4,0.5
Mexico,2024-04-08,15,Monterrey,Escobedo,2,3,174.1,0.5
Mexico,2024-04-08,15,Monterrey,Carretera Nacional,5,3,157.0,0.5
Mexico,2024-04-08,15,Monterrey,MTY_Apodaca_Huinalá,3,4,232.1,0.5
Mexico,2024-04-08,15,Monterrey,San Nicolás,5,7,327.3,0.5
Mexico,2024-04-08,15,Monterrey,Santa Catarina,6,5,255.8,0.5
Mexico,2024-04-08,15,Monterrey,San Pedro,6,3,178.7,0.5
Mexico,2024-04-08,15,Monterrey,Cumbres Poniente,4,5,276.4,0.5
Mexico,2024-04-08,15,Monterrey,La Fe,9,7,349.5,0.5
Mexico,2024-04-08,15,Monterrey,MTY_Guadalupe,3,2,112.5,0.5
Mexico,2024-04-08,15,Monterrey,Independencia,10,7,343.3,0.5
Mexico,2024-04-08,15,Monterrey,Tec,5,2,103.9,0.5
Mexico,2024-04-08,16,Monterrey,Centro,6,4,211.7,0.0
Mexico,2024-04-08,16,Monterrey,Mitras Centro,8,7,326.8,0.0
Mexico,2024-04-08,16,Monterrey,Apodaca Centro,4,2,118.9,0.0
Mexico,2024-04-08,16,Monterrey,Escobedo,1,2,102.5,0.0
Mexico,2024-04-08,16,Monterrey,Carretera Nacional,6,7,360.7,0.0
Mexico,2024-04-08,16,Monterrey,MTY_Apodaca_Huinalá,1,0,0.0,0.0
Mexico,2024-04-08,16,Monterrey,San Nicolás,4,5,243.1,0.0
Mexico,2024-04-08,16,Monterrey,Santa Catarina,11,8,411.2,0.0
Mexico,2024-04-08,16,Monterrey,San Pedro,2,3,142.0,0.0
Mexico,2024-04-08,16,Monterrey,Cumbres Poniente,8,6,355.2,0.0
Mexico,2024-04-08,16,Monterrey,La Fe,4,3,150.9,0.0
Mexico,2024-04-08,16,Monterrey,MTY_Guadalupe,6,4,233.8,0.0
Mexico,2024-04-08,16,Monterrey,Independencia,8,7,408.9,0.0
Mexico,2024-04-08,16,Monterrey,Tec,6,6,294.4,0.0
Mexico,2024-04-08,17,Monterrey,Centro,5,5,251.2,0.0
Mexico,2024-04-08,17,Monterrey,Mitras Centro,8,5,225.7,0.0
Mexico,2024-04-08,17,Monterrey,Apodaca Centro,3,3,147.3,0.0
Mexico,2024-04-08,17,Monterrey,Escobedo,1,1,54.0,0.0
Mexico,2024-04-08,17,Monterrey,Carretera Nacional,8,8,438.5,0.0
Mexico,2024-04-08,17,Monterrey,MTY_Apodaca_Huinalá,2,4,192.7,0.0
Mexico,2024-04-08,17,Monterrey,San Nicolás,1,0,0.0,0.0
Mexico,2024-04-08,17,Monterrey,Santa Catarina,4,5,243.5,0.0
Mexico,2024-04-08,17,Monterrey,San Pedro,7,4,182.6,0.0
Mexico,2024-04-08,17,Monterrey,Cumbres Poniente,6,6,289.5,0.0
Mexico,2024-04-08,17,Monterrey,La Fe,1,2,101.9,0.0
Mexico,2024-04-08,17,Monterrey,MTY_Guadalupe,3,3,139.2,0.0
Mexico,2024-04-08,17,Monterrey,Independencia,4,2,100.1,0.0
Mexico,2024-04-08,17,Monterrey,Tec,8,7,408.0,0.0
Mexico,2024-04-08,18,Monterrey,Centro,8,5,243.5,0.0
Mexico,2024-04-08,18,Monterrey,Mitras Centro,5,4,239.5,0.0
Mexico,2024-04-08,18,Monterrey,Apodaca Centro,5,3,142.3,0.0
Mexico,2024-04-08,18,Monterrey,Escobedo,4,6,323.6,0.0
Mexico,2024-04-08,18,Monterrey,Carretera Nacional,8,5,292.7,0.0
Mexico,2024-04-08,18,Monterrey,MTY_Apodaca_Huinalá,5,3,176.4,0.0
Mexico,2024-04-08,18,Monterrey,San Nicolás,6,5,226.5,0.0
Mexico,2024-04-08,18,Monterrey,Santa Catarina,5,4,225.5,0.0
Mexico,2024-04-08,18,Monterrey,San Pedro,6,8,468.1,0.0
Mexico,2024-04-08,18,Monterrey,Cumbres Poniente,6,3,179.9,0.0
Mexico,2024-04-08,18,Monterrey,La Fe,8,5,233.7,0.0
Mexico,2024-04-08,18,Monterrey,MTY_Guadalupe,6,3,138.1,0.0
Mexico,2024-04-08,18,Monterrey,Independencia,3,5,249.6,0.0
Mexico,2024-04-08,18,Monterrey,Tec,4,5,241.4,0.0
Mexico,2024-04-08,19,Monterrey,Centro,12,13,695.1,0.0
Mexico,2024-04-08,19,Monterrey,Mitras Centro,7,6,322.2,0.0
Mexico,2024-04-08,19,Monterrey,Apodaca Centro,5,3,180.0,0.0
Mexico,2024-04-08,19,Monterrey,Escobedo,4,5,247.5,0.0
Mexico,2024-04-08,19,Monterrey,Carretera Nacional,9,8,454.6,0.0
Mexico,2024-04-08,19,Monterrey,MTY_Apodaca_Huinalá,13,13,599.7,0.0
Mexico,2024-04-08,19,Monterrey,San Nicolás,11,8,411.2,0.0
Mexico,2024-04-08,19,Monterrey,Santa Catarina,6,8,372.9,0.0
Mexico,2024-04-08,19,Monterrey,San Pedro,14,11,572.5,0.0
Mexico,2024-04-08,19,Monterrey,Cumbres Poniente,11,10,567.9,0.0
Mexico,2024-04-08,19,Monterrey,La Fe,7,9,535.3,0.0
Mexico,2024-04-08,19,Monterrey,MTY_Guadalupe,12,13,625.7,0.0
Mexico,2024-04-08,19,Monterrey,Independencia,5,4,236.6,0.0
Mexico,2024-04-08,19,Monterrey,Tec,18,17,926.1,0.0
Mexico,2024-04-08,20,Monterrey,Centro,7,9,521.7,0.0
Mexico,2024-04-08,20,Monterrey,Mitras Centro,9,11,598.4,0.0
Mexico,2024-04-08,20,Monterrey,Apodaca Centro,12,13,777.4,0.0
Mexico,2024-04-08,20,Monterrey,Escobedo,11,8,444.2,0.0
Mexico,2024-04-08,20,Monterrey,Carretera Nacional,11,11,623.1,0.0
Mexico,2024-04-08,20,Monterrey,MTY_Apodaca_Huinalá,15,17,1008.1,0.0
Mexico,2024-04-08,20,Monterrey,San Nicolás,19,18,860.1,0.0
Mexico,2024-04-08,20,Monterrey,Santa Catarina,13,12,711.2,0.0
Mexico,2024-04-08,20,Monterrey,San Pedro,16,14,695.2,0.0
Mexico,2024-04-08,20,Monterrey,Cumbres Poniente,5,4,190.7,0.0
Mexico,2024-04-08,20,Monterrey,La Fe,14,13,779.8,0.0
Mexico,2024-04-08,20,Monterrey,MTY_Guadalupe,13,14,824.2,0.0
Mexico,2024-04-08,20,Monterrey,Independencia,6,7,382.2,0.0
Mexico,2024-04-08,20,Monterrey,Tec,7,7,381.5,0.0
Mexico,2024-04-08,21,Monterrey,Centro,9,7,388.0,0.0
Mexico,2024-04-08,21,Monterrey,Mitras Centro,16,14,794.4,0.0
Mexico,2024-04-08,21,Monterrey,Apodaca Centro,8,9,458.5,0.0
Mexico,2024-04-08,21,Monterrey,Escobedo,9,10,598.3,0.0
Mexico,2024-04-08,21,Monterrey,Carretera Nacional,7,4,183.4,0.0
Mexico,2024-04-08,21,Monterrey,MTY_Apodaca_Huinalá,10,11,498.8,0.0
Mexico,2024-04-08,21,Monterrey,San Nicolás,7,8,412.4,0.0
Mexico,2024-04-08,21,Monterrey,Santa Catarina,11,9,472.1,0.0
Mexico,2024-04-08,21,Monterrey,San Pedro,9,7,389.4,0.0
Mexico,2024-04-08,21,Monterrey,Cumbres Poniente,1,2,90.8,0.0
Mexico,2024-04-08,21,Monterrey,La Fe,10,10,578.5,0.0
Mexico,2024-04-08,21,Monterrey,MTY_Guadalupe,13,13,770.8,0.0
Mexico,2024-04-08,21,Monterrey,Independencia,7,4,234.1,0.0
Mexico,2024-04-08,21,Monterrey,Tec,9,11,624.2,0.0
Mexico,2024-04-08,22,Monterrey,Centro,3,3,150.5,0.0
Mexico,2024-04-08,22,Monterrey,Mitras Centro,11,10,548.0,0.0
Mexico,2024-04-08,22,Monterrey,Apodaca Centro,2,4,229.6,0.0
Mexico,2024-04-08,22,Monterrey,Escobedo,2,2,116.4,0.0
Mexico,2024-04-08,22,Monterrey,Carretera Nacional,3,4,216.3,0.0
Mexico,2024-04-08,22,Monterrey,MTY_Apodaca_Huinalá,7,6,300.0,0.0
Mexico,2024-04-08,22,Monterrey,San Nicolás,4,5,289.9,0.0
Mexico,2024-04-08,22,Monterrey,Santa Catarina,5,3,149.8,0.0
Mexico,2024-04-08,22,Monterrey,San Pedro,6,4,239.8,0.0
Mexico,2024-04-08,22,Monterrey,Cumbres Poniente,8,5,245.9,0.0
Mexico,2024-04-08,22,Monterrey,La Fe,7,6,345.1,0.0
Mexico,2024-04-08,22,Monterrey,MTY_Guadalupe,8,7,343.4,0.0
Mexico,2024-04-08,22,Monterrey,Independencia,4,5,258.5,0.0
Mexico,2024-04-08,22,Monterrey,Tec,8,5,283.6,0.0
Mexico,2024-04-08,23,Monterrey,Centro,8,6,316.9,0.0
Mexico,2024-04-08,23,Monterrey,Mitras Centro,6,6,270.2,0.0
Mexico,2024-04-08,23,Monterrey,Apodaca Centro,6,7,355.4,0.0
Mexico,2024-04-08,23,Monterrey,Escobedo,7,4,216.0,0.0
Mexico,2024-04-08,23,Monterrey,Carretera Nacional,4,3,154.0,0.0
Mexico,2024-04-08,23,Monterrey,MTY_Apodaca_Huinalá,4,5,295.2,0.0
Mexico,2024-04-08,23,Monterrey,San Nicolás,1,1,50.2,0.0
Mexico,2024-04-08,23,Monterrey,Santa Catarina,1,2,103.0,0.0
Mexico,2024-04-08,23,Monterrey,San Pedro,8,7,319.4,0.0
Mexico,2024-04-08,23,Monterrey,Cumbres Poniente,5,5,226.7,0.0
Mexico,2024-04-08,23,Monterrey,La Fe,4,3,145.1,0.0
Mexico,2024-04-08,23,Monterrey,MTY_Guadalupe,10,7,375.5,0.0
Mexico,2024-04-08,23,Monterrey,Independencia,10,7,353.0,0.0
Mexico,2024-04-08,23,Monterrey,Tec,6,6,318.2,0.0
Mexico,2024-04-09,0,Monterrey,Centro,2,1,58.0,0.0
Mexico,2024-04-09,0,Monterrey,Mitras Centro,5,4,197.8,0.0
Mexico,2024-04-09,0,Monterrey,Apodaca Centro,2,3,165.2,0.0
Mexico,2024-04-09,0,Monterrey,Escobedo,3,3,169.8,0.0
Mexico,2024-04-09,0,Monterrey,Carretera Nacional,1,2,110.3,0.0
Mexico,2024-04-09,0,Monterrey,MTY_Apodaca_Huinalá,3,5,247.2,0.0
Mexico,2024-04-09,0,Monterrey,San Nicolás,8,6,282.2,0.0
Mexico,2024-04-09,0,Monterrey,Santa Catarina,2,3,164.9,0.0
Mexico,2024-04-09,0,Monterrey,San Pedro,8,7,339.5,0.0
Mexico,2024-04-09,0,Monterrey,Cumbres Poniente,4,5,230.1,0.0
Mexico,2024-04-09,0,Monterrey,La Fe,2,4,234.0,0.0
Mexico,2024-04-09,0,Monterrey,MTY_Guadalupe,1,3,154.2,0.0
Mexico,2024-04-09,0,Monterrey,Independencia,6,4,211.3,0.0
Mexico,2024-04-09,0,Monterrey,Tec,8,8,479.5,0.0
Mexico,2024-04-09,1,Monterrey,Centro,6,6,322.4,0.0
Mexico,2024-04-09,1,Monterrey,Mitras Centro,5,4,217.7,0.0
Mexico,2024-04-09,1,Monterrey,Apodaca Centro,4,5,286.2,0.0
Mexico,2024-04-09,1,Monterrey,Escobedo,4,1,53.4,0.0
Mexico,2024-04-09,1,Monterrey,Carretera Nacional,4,3,153.2,0.0
Mexico,2024-04-09,1,Monterrey,MTY_Apodaca_Huinalá,2,3,141.7,0.0
Mexico,2024-04-09,1,Monterrey,San Nicolás,7,6,334.1,0.0
Mexico,2024-04-09,1,Monterrey,Santa Catarina,2,1,52.8,0.0
Mexico,2024-04-09,1,Monterrey,San Pedro,4,3,179.1,0.0
Mexico,2024-04-09,1,Monterrey,Cumbres Poniente,3,5,253.1,0.0
Mexico,2024-04-09,1,Monterrey,La Fe,8,6,331.6,0.0
Mexico,2024-04-09,1,Monterrey,MTY_Guadalupe,7,7,331.0,0.0
Mexico,2024-04-09,1,Monterrey,Independencia,7,4,234.3,0.0
Mexico,2024-04-09,1,Monterrey,Tec,4,5,232.0,0.0
Mexico,2024-04-09,2,Monterrey,Centro,4,4,236.9,0.0
Mexico,2024-04-09,2,Monterrey,Mitras Centro,10,8,465.1,0.0
Mexico,2024-04-09,2,Monterrey,Apodaca Centro,2,3,169.4,0.0
Mexico,2024-04-09,2,Monterrey,Escobedo,4,1,55.9,0.0
Mexico,2024-04-09,2,Monterrey,Carretera Nacional,8,6,313.8,0.0
Mexico,2024-04-09,2,Monterrey,MTY_Apodaca_Huinalá,2,4,238.0,0.0
Mexico,2024-04-09,2,Monterrey,San Nicolás,5,5,273.5,0.0
Mexico,2024-04-09,2,Monterrey,Santa Catarina,1,3,140.6,0.0
Mexico,2024-04-09,2,Monterrey,San Pedro,1,2,104.1,0.0
Mexico,2024-04-09,2,Monterrey,Cumbres Poniente,9,8,461.4,0.0
Mexico,2024-04-09,2,Monterrey,La Fe,12,9,507.2,0.0
Mexico,2024-04-09,2,Monterrey,MTY_Guadalupe,10,8,397.4,0.0
Mexico,2024-04-09,2,Monterrey,Independencia,6,3,179.9,0.0
Mexico,2024-04-09,2,Monterrey,Tec,5,2,116.2,0.0
Mexico,2024-04-09,3,Monterrey,Centro,8,7,355.0,0.0
Mexico,2024-04-09,3,Monterrey,Mitras Centro,5,3,161.9,0.0
Mexico,2024-04-09,3,Monterrey,Apodaca Centro,5,7,373.8,0.0
Mexico,2024-04-09,3,Monterrey,Escobedo,10,7,405.9,0.0
Mexico,2024-04-09,3,Monterrey,Carretera Nacional,5,5,260.7,0.0
Mexico,2024-04-09,3,Monterrey,MTY_Apodaca_Huinalá,2,3,172.9,0.0
Mexico,2024-04-09,3,Monterrey,San Nicolás,9,6,288.7,0.0
Mexico,2024-04-09,3,Monterrey,Santa Catarina,3,3,144.8,0.0
Mexico,2024-04-09,3,Monterrey,San Pedro,6,5,261.8,0.0
Mexico,2024-04-09,3,Monterrey,Cumbres Poniente,4,5,286.0,0.0
Mexico,2024-04-09,3,Monterrey,La Fe,3,5,266.9,0.0
Mexico,2024-04-09,3,Monterrey,MTY_Guadalupe,1,0,0.0,0.0
Mexico,2024-04-09,3,Monterrey,Independencia,7,6,347.9,0.0
Mexico,2024-04-09,3,Monterrey,Tec,8,10,510.8,0.0
Mexico,2024-04-09,4,Monterrey,Centro,5,3,148.4,0.0
Mexico,2024-04-09,4,Monterrey,Mitras Centro,5,7,358.2,0.0
Mexico,2024-04-09,4,Monterrey,Apodaca Centro,9,8,411.5,0.0
Mexico,2024-04-09,4,Monterrey,Escobedo,8,6,320.7,0.0
Mexico,2024-04-09,4,Monterrey,Carretera Nacional,2,2,112.2,0.0
Mexico,2024-04-09,4,Monterrey,MTY_Apodaca_Huinalá,8,5,230.1,0.0
Mexico,2024-04-09,4,Monterrey,San Nicolás,2,2,102.0,0.0
Mexico,2024-04-09,4,Monterrey,Santa Catarina,6,5,276.9,0.0
Mexico,2024-04-09,4,Monterrey,San Pedro,2,4,236.1,0.0
Mexico,2024-04-09,4,Monterrey,Cumbres Poniente,5,7,379.5,0.0
Mexico,2024-04-09,4,Monterrey,La Fe,7,7,349.9,0.0
Mexico,2024-04-09,4,Monterrey,MTY_Guadalupe,11,10,473.2,0.0
Mexico,2024-04-09,4,Monterrey,Independencia,6,7,369.2,0.0
Mexico,2024-04-09,4,Monterrey,Tec,5,5,264.0,0.0
Mexico,2024-04-09,5,Monterrey,Centro,7,7,417.0,2.5
Mexico,2024-04-09,5,Monterrey,Mitras Centro,1,4,221.5,2.5
Mexico,2024-04-09,5,Monterrey,Apodaca Centro,1,4,213.8,2.5
Mexico,2024-04-09,5,Monterrey,Escobedo,1,3,169.6,2.5
Mexico,2024-04-09,5,Monterrey,Carretera Nacional,3,7,369.7,2.5
Mexico,2024-04-09,5,Monterrey,MTY_Apodaca_Huinalá,2,3,173.5,2.5
Mexico,2024-04-09,5,Monterrey,San Nicolás,2,5,296.0,2.5
Mexico,2024-04-09,5,Monterrey,Santa Catarina,1,1,58.6,2.5
Mexico,2024-04-09,5,Monterrey,San Pedro,4,5,276.4,2.5
Mexico,2024-04-09,5,Monterrey,Cumbres Poniente,3,5,292.3,2.5
Mexico,2024-04-09,5,Monterrey,La Fe,2,3,148.9,2.5
Mexico,2024-04-09,5,Monterrey,MTY_Guadalupe,1,2,100.3,2.5
Mexico,2024-04-09,5,Monterrey,Independencia,3,6,348.3,2.5
Mexico,2024-04-09,5,Monterrey,Tec,1,4,235.1,2.5
Mexico,2024-04-09,6,Monterrey,Centro,5,7,364.4,0.0
Mexico,2024-04-09,6,Monterrey,Mitras Centro,4,6,326.5,0.0
Mexico,2024-04-09,6,Monterrey,Apodaca Centro,3,2,113.3,0.0
Mexico,2024-04-09,6,Monterrey,Escobedo,4,6,293.3,0.0
Mexico,2024-04-09,6,Monterrey,Carretera Nacional,3,2,104.0,0.0
Mexico,2024-04-09,6,Monterrey,MTY_Apodaca_Huinalá,6,6,324.4,0.0
Mexico,2024-04-09,6,Monterrey,San Nicolás,9,8,422.6,0.0
Mexico,2024-04-09,6,Monterrey,Santa Catarina,4,3,135.6,0.0
Mexico,2024-04-09,6,Monterrey,San Pedro,8,5,242.6,0.0
Mexico,2024-04-09,6,Monterrey,Cumbres Poniente,7,9,450.4,0.0
Mexico,2024-04-09,6,Monterrey,La Fe,4,5,283.7,0.0
Mexico,2024-04-09,6,Monterrey,MTY_Guadalupe,1,2,105.3,0.0
Mexico,2024-04-09,6,Monterrey,Independencia,6,4,182.6,0.0
Mexico,2024-04-09,6,Monterrey,Tec,2,4,239.8,0.0
Mexico,2024-04-09,7,Monterrey,Centro,3,1,47.0,0.0
Mexico,2024-04-09,7,Monterrey,Mitras Centro,9,7,351.5,0.0
Mexico,2024-04-09,7,Monterrey,Apodaca Centro,10,10,526.2,0.0
Mexico,2024-04-09,7,Monterrey,Escobedo,1,1,56.6,0.0
Mexico,2024-04-09,7,Monterrey,Carretera Nacional,6,6,335.0,0.0
Mexico,2024-04-09,7,Monterrey,MTY_Apodaca_Huinalá,1,1,46.8,0.0
Mexico,2024-04-09,7,Monterrey,San Nicolás,1,3,167.5,0.0
Mexico,2024-04-09,7,Monterrey,Santa Catarina,1,1,53.7,0.0
Mexico,2024-04-09,7,Monterrey,San Pedro,9,8,462.1,0.0
Mexico,2024-04-09,7,Monterrey,Cumbres Poniente,3,5,248.4,0.0
Mexico,2024-04-09,7,Monterrey,La Fe,7,5,225.8,0.0
Mexico,2024-04-09,7,Monterrey,MTY_Guadalupe,4,4,209.9,0.0
Mexico,2024-04-09,7,Monterrey,Independencia,7,4,200.3,0.0
Mexico,2024-04-09,7,Monterrey,Tec,3,5,263.3,0.0
Mexico,2024-04-09,8,Monterrey,Centro,3,6,322.4,2.5
Mexico,2024-04-09,8,Monterrey,Mitras Centro,3,4,219.1,2.5
Mexico,2024-04-09,8,Monterrey,Apodaca Centro,1,3,171.0,2.5
Mexico,2024-04-09,8,Monterrey,Escobedo,1,1,57.7,2.5
Mexico,2024-04-09,8,Monterrey,Carretera Nacional,2,5,248.3,2.5
Mexico,2024-04-09,8,Monterrey,MTY_Apodaca_Huinalá,1,4,222.9,2.5
Mexico,2024-04-09,8,Monterrey,San Nicolás,1,3,170.9,2.5
Mexico,2024-04-09,8,Monterrey,Santa Catarina,3,3,164.9,2.5
Mexico,2024-04-09,8,Monterrey,San Pedro,3,7,394.8,2.5
Mexico,2024-04-09,8,Monterrey,Cumbres Poniente,2,3,155.8,2.5
Mexico,2024-04-09,8,Monterrey,La Fe,3,4,204.3,2.5
Mexico,2024-04-09,8,Monterrey,MTY_Guadalupe,6,6,297.6,2.5
Mexico,2024-04-09,8,Monterrey,Independencia,6,6,359.8,2.5
Mexico,2024-04-09,8,Monterrey,Tec,5,6,306.6,2.5
Mexico,2024-04-09,9,Monterrey,Centro,9,6,359.9,0.0
Mexico,2024-04-09,9,Monterrey,Mitras Centro,1,2,115.2,0.0
Mexico,2024-04-09,9,Monterrey,Apodaca Centro,1,1,58.7,0.0
Mexico,2024-04-09,9,Monterrey,Escobedo,8,5,231.3,0.0
Mexico,2024-04-09,9,Monterrey,Carretera Nacional,6,4,208.5,0.0
Mexico,2024-04-09,9,Monterrey,MTY_Apodaca_Huinalá,1,2,115.1,0.0
Mexico,2024-04-09,9,Monterrey,San Nicolás,6,3,154.4,0.0
Mexico,2024-04-09,9,Monterrey,Santa Catarina,10,10,498.8,0.0
Mexico,2024-04-09,9,Monterrey,San Pedro,1,3,141.3,0.0
Mexico,2024-04-09,9,Monterrey,Cumbres Poniente,5,3,156.8,0.0
Mexico,2024-04-09,9,Monterrey,La Fe,2,4,186.9,0.0
Mexico,2024-04-09,9,Monterrey,MTY_Guadalupe,14,11,610.7,0.0
Mexico,2024-04-09,9,Monterrey,Independencia,7,4,202.6,0.0
Mexico,2024-04-09,9,Monterrey,Tec,5,5,241.5,0.0
Mexico,2024-04-09,10,Monterrey,Centro,4,6,271.6,0.0
Mexico,2024-04-09,10,Monterrey,Mitras Centro,1,3,175.8,0.0
Mexico,2024-04-09,10,Monterrey,Apodaca Centro,3,5,238.6,0.0
Mexico,2024-04-09,10,Monterrey,Escobedo,7,7,326.6,0.0
Mexico,2024-04-09,10,Monterrey,Carretera Nacional,12,10,574.0,0.0
Mexico,2024-04-09,10,Monterrey,MTY_Apodaca_Huinalá,3,0,0.0,0.0
Mexico,2024-04-09,10,Monterrey,San Nicolás,5,5,237.8,0.0
Mexico,2024-04-09,10,Monterrey,Santa Catarina,5,4,218.8,0.0
Mexico,2024-04-09,10,Monterrey,San Pedro,7,4,184.8,0.0
Mexico,2024-04-09,10,Monterrey,Cumbres Poniente,4,5,261.8,0.0
Mexico,2024-04-09,10,Monterrey,La Fe,8,7,401.0,0.0
Mexico,2024-04-09,10,Monterrey,MTY_Guadalupe,11,8,390.9,0.0
Mexico,2024-04-09,10,Monterrey,Independencia,3,3,166.9,0.0
Mexico,2024-04-09,10,Monterrey,Tec,3,5,270.6,0.0
Mexico,2024-04-09,11,Monterrey,Centro,6,3,155.1,0.0
Mexico,2024-04-09,11,Monterrey,Mitras Centro,10,7,334.3,0.0
Mexico,2024-04-09,11,Monterrey,Apodaca Centro,3,2,96.6,0.0
Mexico,2024-04-09,11,Monterrey,Escobedo,4,5,274.1,0.0
Mexico,2024-04-09,11,Monterrey,Carretera Nacional,8,9,529.8,0.0
Mexico,2024-04-09,11,Monterrey,MTY_Apodaca_Huinalá,7,5,289.6,0.0
Mexico,2024-04-09,11,Monterrey,San Nicolás,4,3,137.8,0.0
Mexico,2024-04-09,11,Monterrey,Santa Catarina,3,5,287.1,0.0
Mexico,2024-04-09,11,Monterrey,San Pedro,8,7,416.5,0.0
Mexico,2024-04-09,11,Monterrey,Cumbres Poniente,2,3,176.2,0.0
Mexico,2024-04-09,11,Monterrey,La Fe,7,4,236.9,0.0
Mexico,2024-04-09,11,Monterrey,MTY_Guadalupe,7,4,233.0,0.0
Mexico,2024-04-09,11,Monterrey,Independencia,4,4,200.5,0.0
Mexico,2024-04-09,11,Monterrey,Tec,4,3,165.4,0.0
Mexico,2024-04-09,12,Monterrey,Centro,9,7,343.0,0.0
Mexico,2024-04-09,12,Monterrey,Mitras Centro,4,6,291.0,0.0
Mexico,2024-04-09,12,Monterrey,Apodaca Centro,6,7,395.5,0.0
Mexico,2024-04-09,12,Monterrey,Escobedo,5,2,91.6,0.0
Mexico,2024-04-09,12,Monterrey,Carretera Nacional,13,10,491.1,0.0
Mexico,2024-04-09,12,Monterrey,MTY_Apodaca_Huinalá,8,6,285.8,0.0
Mexico,2024-04-09,12,Monterrey,San Nicolás,9,6,339.0,0.0
Mexico,2024-04-09,12,Monterrey,Santa Catarina,5,3,160.7,0.0
Mexico,2024-04-09,12,Monterrey,San Pedro,5,3,152.8,0.0
Mexico,2024-04-09,12,Monterrey,Cumbres Poniente,6,5,260.7,0.0
Mexico,2024-04-09,12,Monterrey,La Fe,8,5,283.5,0.0
Mexico,2024-04-09,12,Monterrey,MTY_Guadalupe,6,4,221.6,0.0
Mexico,2024-04-09,12,Monterrey,Independencia,9,7,362.1,0.0
Mexico,2024-04-09,12,Monterrey,Tec,3,1,56.2,0.0
Mexico,2024-04-09,13,Monterrey,Centro,9,7,359.3,0.0
Mexico,2024-04-09,13,Monterrey,Mitras Centro,8,7,373.6,0.0
Mexico,2024-04-09,13,Monterrey,Apodaca Centro,11,11,543.0,0.0
Mexico,2024-04-09,13,Monterrey,Escobedo,14,13,636.8,0.0
Mexico,2024-04-09,13,Monterrey,Carretera Nacional,9,10,538.2,0.0
Mexico,2024-04-09,13,Monterrey,MTY_Apodaca_Huinalá,13,11,565.9,0.0
Mexico,2024-04-09,13,Monterrey,San Nicolás,8,10,465.6,0.0
Mexico,2024-04-09,13,Monterrey,Santa Catarina,7,6,334.7,0.0
Mexico,2024-04-09,13,Monterrey,San Pedro,11,9,487.1,0.0
Mexico,2024-04-09,13,Monterrey,Cumbres Poniente,12,11,497.3,0.0
Mexico,2024-04-09,13,Monterrey,La Fe,8,8,422.8,0.0
Mexico,2024-04-09,13,Monterrey,MTY_Guadalupe,7,7,320.4,0.0
Mexico,2024-04-09,13,Monterrey,Independencia,8,8,368.4,0.0
Mexico,2024-04-09,13,Monterrey,Tec,12,12,627.9,0.0
Mexico,2024-04-09,14,Monterrey,Centro,15,13,739.4,0.0
Mexico,2024-04-09,14,Monterrey,Mitras Centro,14,13,715.2,0.0
Mexico,2024-04-09,14,Monterrey,Apodaca Centro,7,4,186.7,0.0
Mexico,2024-04-09,14,Monterrey,Escobedo,6,8,468.0,0.0
Mexico,2024-04-09,14,Monterrey,Carretera Nacional,8,9,429.4,0.0
Mexico,2024-04-09,14,Monterrey,MTY_Apodaca_Huinalá,10,8,409.0,0.0
Mexico,2024-04-09,14,Monterrey,San Nicolás,8,7,364.2,0.0
Mexico,2024-04-09,14,Monterrey,Santa Catarina,8,5,272.8,0.0
Mexico,2024-04-09,14,Monterrey,San Pedro,19,18,1009.9,0.0
Mexico,2024-04-09,14,Monterrey,Cumbres Poniente,13,13,707.3,0.0
Mexico,2024-04-09,14,Monterrey,La Fe,8,6,356.0,0.0
Mexico,2024-04-09,14,Monterrey,MTY_Guadalupe,11,9,533.5,0.0
Mexico,2024-04-09,14,Monterrey,Independencia,16,14,658.5,0.0
Mexico,2024-04-09,14,Monterrey,Tec,10,10,554.3,0.0
Mexico,2024-04-09,15,Monterrey,Centro,7,5,258.0,0.0
Mexico,2024-04-09,15,Monterrey,Mitras Centro,1,3,168.8,0.0
Mexico,2024-04-09,15,Monterrey,Apodaca Centro,2,4,227.7,0.0
Mexico,2024-04-09,15,Monterrey,Escobedo,2,4,233.2,0.0
Mexico,2024-04-09,15,Monterrey,Carretera Nacional,1,0,0.0,0.0
Mexico,2024-04-09,15,Monterrey,MTY_Apodaca_Huinalá,5,6,339.4,0.0
Mexico,2024-04-09,15,Monterrey,San Nicolás,3,2,94.1,0.0
Mexico,2024-04-09,15,Monterrey,Santa Catarina,2,4,234.5,0.0
Mexico,2024-04-09,15,Monterrey,San Pedro,7,6,356.6,0.0
Mexico,2024-04-09,15,Monterrey,Cumbres Poniente,4,6,333.1,0.0
Mexico,2024-04-09,15,Monterrey,La Fe,1,2,116.6,0.0
Mexico,2024-04-09,15,Monterrey,MTY_Guadalupe,6,3,153.9,0.0
Mexico,2024-04-09,15,Monterrey,Independencia,10,9,437.6,0.0
Mexico,2024-04-09,15,Monterrey,Tec,5,7,398.4,0.0
Mexico,2024-04-09,16,Monterrey,Centro,6,8,442.8,0.0
Mexico,2024-04-09,16,Monterrey,Mitras Centro,1,0,0.0,0.0
Mexico,2024-04-09,16,Monterrey,Apodaca Centro,7,7,370.5,0.0
Mexico,2024-04-09,16,Monterrey,Escobedo,6,8,406.8,0.0
Mexico,2024-04-09,16,Monterrey,Carretera Nacional,5,4,188.6,0.0
Mexico,2024-04-09,16,Monterrey,MTY_Apodaca_Huinalá,4,3,169.3,0.0
Mexico,2024-04-09,16,Monterrey,San Nicolás,3,4,235.2,0.0
Mexico,2024-04-09,16,Monterrey,Santa Catarina,4,5,294.0,0.0
Mexico,2024-04-09,16,Monterrey,San Pedro,8,5,239.9,0.0
Mexico,2024-04-09,16,Monterrey,Cumbres Poniente,1,0,0.0,0.0
Mexico,2024-04-09,16,Monterrey,La Fe,5,5,264.5,0.0
Mexico,2024-04-09,16,Monterrey,MTY_Guadalupe,5,6,292.6,0.0
Mexico,2024-04-09,16,Monterrey,Independencia,8,8,415.2,0.0
Mexico,2024-04-09,16,Monterrey,Tec,8,7,399.3,0.0
Mexico,2024-04-09,17,Monterrey,Centro,4,6,288.3,0.5
Mexico,2024-04-09,17,Monterrey,Mitras Centro,4,2,118.9,0.5
Mexico,2024-04-09,17,Monterrey,Apodaca Centro,4,4,201.0,0.5
Mexico,2024-04-09,17,Monterrey,Escobedo,4,4,222.9,0.5
Mexico,2024-04-09,17,Monterrey,Carretera Nacional,7,5,283.1,0.5
Mexico,2024-04-09,17,Monterrey,MTY_Apodaca_Huinalá,7,8,443.8,0.5
Mexico,2024-04-09,17,Monterrey,San Nicolás,4,4,196.8,0.5
Mexico,2024-04-09,17,Monterrey,Santa Catarina,4,5,229.0,0.5
Mexico,2024-04-09,17,Monterrey,San Pedro,7,5,291.9,0.5
Mexico,2024-04-09,17,Monterrey,Cumbres Poniente,5,6,309.2,0.5
Mexico,2024-04-09,17,Monterrey,La Fe,1,2,96.9,0.5
Mexico,2024-04-09,17,Monterrey,MTY_Guadalupe,2,4,216.7,0.5
Mexico,2024-04-09,17,Monterrey,Independencia,5,3,152.6,0.5
Mexico,2024-04-09,17,Monterrey,Tec,5,5,257.3,0.5
Mexico,2024-04-09,18,Monterrey,Centro,5,4,224.5,0.0
Mexico,2024-04-09,18,Monterrey,Mitras Centro,7,5,242.3,0.0
Mexico,2024-04-09,18,Monterrey,Apodaca Centro,6,5,240.3,0.0
Mexico,2024-04-09,18,Monterrey,Escobedo,12,9,521.3,0.0
Mexico,2024-04-09,18,Monterrey,Carretera Nacional,4,2,120.0,0.0
Mexico,2024-04-09,18,Monterrey,MTY_Apodaca_Huinalá,1,3,169.3,0.0
Mexico,2024-04-09,18,Monterrey,San Nicolás,2,3,171.8,0.0
Mexico,2024-04-09,18,Monterrey,Santa Catarina,7,9,445.2,0.0
Mexico,2024-04-09,18,Monterrey,San Pedro,13,12,542.4,0.0
Mexico,2024-04-09,18,Monterrey,Cumbres Poniente,10,7,398.3,0.0
Mexico,2024-04-09,18,Monterrey,La Fe,3,5,273.5,0.0
Mexico,2024-04-09,18,Monterrey,MTY_Guadalupe,5,4,223.3,0.0
Mexico,2024-04-09,18,Monterrey,Independencia,4,5,272.6,0.0
Mexico,2024-04-09,18,Monterrey,Tec,4,2,115.0,0.0
Mexico,2024-04-09,19,Monterrey,Centro,7,8,452.5,0.0
Mexico,2024-04-09,19,Monterrey,Mitras Centro,14,15,684.2,0.0
Mexico,2024-04-09,19,Monterrey,Apodaca Centro,11,9,467.1,0.0
Mexico,2024-04-09,19,Monterrey,Escobedo,14,11,505.0,0.0
Mexico,2024-04-09,19,Monterrey,Carretera Nacional,14,15,847.0,0.0
Mexico,2024-04-09,19,Monterrey,MTY_Apodaca_Huinalá,15,12,608.5,0.0
Mexico,2024-04-09,19,Monterrey,San Nicolás,8,9,484.0,0.0
Mexico,2024-04-09,19,Monterrey,Santa Catarina,8,10,582.6,0.0
Mexico,2024-04-09,19,Monterrey,San Pedro,12,10,523.4,0.0
Mexico,2024-04-09,19,Monterrey,Cumbres Poniente,16,13,743.6,0.0
Mexico,2024-04-09,19,Monterrey,La Fe,8,7,361.2,0.0
Mexico,2024-04-09,19,Monterrey,MTY_Guadalupe,6,7,335.7,0.0
Mexico,2024-04-09,19,Monterrey,Independencia,14,11,495.9,0.0
Mexico,2024-04-09,19,Monterrey,Tec,11,10,578.5,0.0
Mexico,2024-04-09,20,Monterrey,Centro,6,7,417.5,0.0
Mexico,2024-04-09,20,Monterrey,Mitras Centro,9,11,583.8,0.0
Mexico,2024-04-09,20,Monterrey,Apodaca Centro,10,7,338.5,0.0
Mexico,2024-04-09,20,Monterrey,Escobedo,11,12,634.8,0.0
Mexico,2024-04-09,20,Monterrey,Carretera Nacional,12,13,761.0,0.0
Mexico,2024-04-09,20,Monterrey,MTY_Apodaca_Huinalá,13,11,632.5,0.0
Mexico,2024-04-09,20,Monterrey,San Nicolás,8,8,385.7,0.0
Mexico,2024-04-09,20,Monterrey,Santa Catarina,13,11,595.6,0.0
Mexico,2024-04-09,20,Monterrey,San Pedro,11,11,573.6,0.0
Mexico,2024-04-09,20,Monterrey,Cumbres Poniente,11,8,393.9,0.0
Mexico,2024-04-09,20,Monterrey,La Fe,7,8,444.3,0.0
Mexico,2024-04-09,20,Monterrey,MTY_Guadalupe,9,11,644.2,0.0
Mexico,2024-04-09,20,Monterrey,Independencia,9,7,379.7,0.0
Mexico,2024-04-09,20,Monterrey,Tec,6,7,359.1,0.0
Mexico,2024-04-09,21,Monterrey,Centro,9,11,587.8,0.0
Mexico,2024-04-09,21,Monterrey,Mitras Centro,6,6,300.4,0.0
Mexico,2024-04-09,21,Monterrey,Apodaca Centro,20,18,989.2,0.0
Mexico,2024-04-09,21,Monterrey,Escobedo,10,8,386.7,0.0
Mexico,2024-04-09,21,Monterrey,Carretera Nacional,10,10,551.7,0.0
Mexico,2024-04-09,21,Monterrey,MTY_Apodaca_Huinalá,9,7,398.5,0.0
Mexico,2024-04-09,21,Monterrey,San Nicolás,18,15,822.4,0.0
Mexico,2024-04-09,21,Monterrey,Santa Catarina,9,7,406.1,0.0
Mexico,2024-04-09,21,Monterrey,San Pedro,6,8,389.7,0.0
Mexico,2024-04-09,21,Monterrey,Cumbres Poniente,14,14,827.6,0.0
Mexico,2024-04-09,21,Monterrey,La Fe,11,12,605.7,0.0
Mexico,2024-04-09,21,Monterrey,MTY_Guadalupe,13,10,563.6,0.0
Mexico,2024-04-09,21,Monterrey,Independencia,6,7,390.1,0.0
Mexico,2024-04-09,21,Monterrey,Tec,9,11,618.6,0.0
Mexico,2024-04-09,22,Monterrey,Centro,10,9,499.6,0.0
Mexico,2024-04-09,22,Monterrey,Mitras Centro,6,3,173.4,0.0
Mexico,2024-04-09,22,Monterrey,Apodaca Centro,12,9,534.7,0.0
Mexico,2024-04-09,22,Monterrey,Escobedo,5,7,373.0,0.0
Mexico,2024-04-09,22,Monterrey,Carretera Nacional,3,2,98.7,0.0
Mexico,2024-04-09,22,Monterrey,MTY_Apodaca_Huinalá,12,10,564.0,0.0
Mexico,2024-04-09,22,Monterrey,San Nicolás,6,5,298.4,0.0
Mexico,2024-04-09,22,Monterrey,Santa Catarina,4,5,233.2,0.0
Mexico,2024-04-09,22,Monterrey,San Pedro,7,6,304.4,0.0
Mexico,2024-04-09,22,Monterrey,Cumbres Poniente,1,2,105.1,0.0
Mexico,2024-04-09,22,Monterrey,La Fe,1,2,101.9,0.0
Mexico,2024-04-09,22,Monterrey,MTY_Guadalupe,9,6,278.6,0.0
Mexico,2024-04-09,22,Monterrey,Independencia,4,4,190.6,0.0
Mexico,2024-04-09,22,Monterrey,Tec,5,6,280.7,0.0
Mexico,2024-04-09,23,Monterrey,Centro,2,2,100.8,0.0
Mexico,2024-04-09,23,Monterrey,Mitras Centro,9,9,433.2,0.0
Mexico,2024-04-09,23,Monterrey,Apodaca Centro,4,5,267.9,0.0
Mexico,2024-04-09,23,Monterrey,Escobedo,5,5,280.3,0.0
Mexico,2024-04-09,23,Monterrey,Carretera Nacional,7,4,220.5,0.0
Mexico,2024-04-09,23,Monterrey,MTY_Apodaca_Huinalá,7,7,400.2,0.0
Mexico,2024-04-09,23,Monterrey,San Nicolás,6,7,412.6,0.0
Mexico,2024-04-09,23,Monterrey,Santa Catarina,10,7,370.6,0.0
Mexico,2024-04-09,23,Monterrey,San Pedro,8,5,229.1,0.0
Mexico,2024-04-09,23,Monterrey,Cumbres Poniente,5,2,105.4,0.0
Mexico,2024-04-09,23,Monterrey,La Fe,7,4,227.2,0.0
Mexico,2024-04-09,23,Monterrey,MTY_Guadalupe,3,3,155.8,0.0
Mexico,2024-04-09,23,Monterrey,Independencia,4,2,105.5,0.0
Mexico,2024-04-09,23,Monterrey,Tec,9,7,331.4,0.0
Mexico,2024-04-10,0,Monterrey,Centro,5,7,418.2,0.0
Mexico,2024-04-10,0,Monterrey,Mitras Centro,1,1,58.8,0.0
Mexico,2024-04-10,0,Monterrey,Apodaca Centro,3,4,217.5,0.0
Mexico,2024-04-10,0,Monterrey,Escobedo,6,3,169.9,0.0
Mexico,2024-04-10,0,Monterrey,Carretera Nacional,10,7,359.4,0.0
Mexico,2024-04-10,0,Monterrey,MTY_Apodaca_Huinalá,3,5,256.1,0.0
Mexico,2024-04-10,0,Monterrey,San Nicolás,5,4,185.8,0.0
Mexico,2024-04-10,0,Monterrey,Santa Catarina,7,7,347.0,0.0
Mexico,2024-04-10,0,Monterrey,San Pedro,5,3,155.9,0.0
Mexico,2024-04-10,0,Monterrey,Cumbres Poniente,7,5,284.2,0.0
Mexico,2024-04-10,0,Monterrey,La Fe,3,5,280.5,0.0
Mexico,2024-04-10,0,Monterrey,MTY_Guadalupe,3,5,239.3,0.0
Mexico,2024-04-10,0,Monterrey,Independencia,10,7,335.5,0.0
Mexico,2024-04-10,0,Monterrey,Tec,2,3,171.3,0.0
Mexico,2024-04-10,1,Monterrey,Centro,3,3,155.3,0.0
Mexico,2024-04-10,1,Monterrey,Mitras Centro,4,3,179.5,0.0
Mexico,2024-04-10,1,Monterrey,Apodaca Centro,6,7,383.4,0.0
Mexico,2024-04-10,1,Monterrey,Escobedo,10,10,522.8,0.0
Mexico,2024-04-10,1,Monterrey,Carretera Nacional,11,8,425.6,0.0
Mexico,2024-04-10,1,Monterrey,MTY_Apodaca_Huinalá,9,7,391.1,0.0
Mexico,2024-04-10,1,Monterrey,San Nicolás,8,6,354.4,0.0
Mexico,2024-04-10,1,Monterrey,Santa Catarina,6,5,263.4,0.0
Mexico,2024-04-10,1,Monterrey,San Pedro,5,6,322.2,0.0
Mexico,2024-04-10,1,Monterrey,Cumbres Poniente,7,6,305.8,0.0
Mexico,2024-04-10,1,Monterrey,La Fe,3,4,203.2,0.0
Mexico,2024-04-10,1,Monterrey,MTY_Guadalupe,7,5,243.7,0.0
Mexico,2024-04-10,1,Monterrey,Independencia,7,4,226.3,0.0
Mexico,2024-04-10,1,Monterrey,Tec,3,5,229.5,0.0
Mexico,2024-04-10,2,Monterrey,Centro,9,9,512.5,0.0
Mexico,2024-04-10,2,Monterrey,Mitras Centro,4,2,100.3,0.0
Mexico,2024-04-10,2,Monterrey,Apodaca Centro,6,4,230.8,0.0
Mexico,2024-04-10,2,Monterrey,Escobedo,8,5,296.4,0.0
Mexico,2024-04-10,2,Monterrey,Carretera Nacional,6,6,295.9,0.0
Mexico,2024-04-10,2,Monterrey,MTY_Apodaca_Huinalá,8,5,280.0,0.0
Mexico,2024-04-10,2,Monterrey,San Nicolás,4,3,150.2,0.0
Mexico,2024-04-10,2,Monterrey,Santa Catarina,10,8,454.5,0.0
Mexico,2024-04-10,2,Monterrey,San Pedro,3,5,234.0,0.0
Mexico,2024-04-10,2,Monterrey,Cumbres Poniente,5,6,332.0,0.0
Mexico,2024-04-10,2,Monterrey,La Fe,5,4,218.2,0.0
Mexico,2024-04-10,2,Monterrey,MTY_Guadalupe,5,3,141.5,0.0
Mexico,2024-04-10,2,Monterrey,Independencia,2,3,150.9,0.0
Mexico,2024-04-10,2,Monterrey,Tec,4,6,324.7,0.0
Mexico,2024-04-10,3,Monterrey,Centro,4,5,294.2,0.0
Mexico,2024-04-10,3,Monterrey,Mitras Centro,1,0,0.0,0.0
Mexico,2024-04-10,3,Monterrey,Apodaca Centro,4,3,139.2,0.0
Mexico,2024-04-10,3,Monterrey,Escobedo,6,6,305.6,0.0
Mexico,2024-04-10,3,Monterrey,Carretera Nacional,6,6,332.1,0.0
Mexico,2024-04-10,3,Monterrey,MTY_Apodaca_Huinalá,6,7,333.8,0.0
Mexico,2024-04-10,3,Monterrey,San Nicolás,1,1,46.4,0.0
Mexico,2024-04-10,3,Monterrey,Santa Catarina,7,5,294.7,0.0
Mexico,2024-04-10,3,Monterrey,San Pedro,7,6,313.2,0.0
Mexico,2024-04-10,3,Monterrey,Cumbres Poniente,6,3,152.8,0.0
Mexico,2024-04-10,3,Monterrey,La Fe,4,2,102.9,0.0
Mexico,2024-04-10,3,Monterrey,MTY_Guadalupe,8,7,322.3,0.0
Mexico,2024-04-10,3,Monterrey,Independencia,5,6,306.0,0.0
Mexico,2024-04-10,3,Monterrey,Tec,8,7,358.7,0.0
Mexico,2024-04-10,4,Monterrey,Centro,2,4,208.4,0.0
Mexico,2024-04-10,4,Monterrey,Mitras Centro,2,4,193.5,0.0
Mexico,2024-04-10,4,Monterrey,Apodaca Centro,5,5,232.8,0.0
Mexico,2024-04-10,4,Monterrey,Escobedo,1,1,48.3,0.0
Mexico,2024-04-10,4,Monterrey,Carretera Nacional,3,5,234.8,0.0
Mexico,2024-04-10,4,Monterrey,MTY_Apodaca_Huinalá,1,3,164.2,0.0
Mexico,2024-04-10,4,Monterrey,San Nicolás,5,3,160.4,0.0
Mexico,2024-04-10,4,Monterrey,Santa Catarina,3,4,191.2,0.0
Mexico,2024-04-10,4,Monterrey,San Pedro,8,7,414.5,0.0
Mexico,2024-04-10,4,Monterrey,Cumbres Poniente,2,2,117.1,0.0
Mexico,2024-04-10,4,Monterrey,La Fe,7,5,247.4,0.0
Mexico,2024-04-10,4,Monterrey,MTY_Guadalupe,2,4,186.7,0.0
Mexico,2024-04-10,4,Monterrey,Independencia,2,4,224.6,0.0
Mexico,2024-04-10,4,Monterrey,Tec,6,8,433.4,0.0
Mexico,2024-04-10,5,Monterrey,Centro,5,7,358.9,0.0
Mexico,2024-04-10,5,Monterrey,Mitras Centro,6,7,349.8,0.0
Mexico,2024-04-10,5,Monterrey,Apodaca Centro,9,9,501.8,0.0
Mexico,2024-04-10,5,Monterrey,Escobedo,3,2,92.9,0.0
Mexico,2024-04-10,5,Monterrey,Carretera Nacional,1,2,108.6,0.0
Mexico,2024-04-10,5,Monterrey,MTY_Apodaca_Huinalá,6,3,168.6,0.0
Mexico,2024-04-10,5,Monterrey,San Nicolás,7,5,263.3,0.0
Mexico,2024-04-10,5,Monterrey,Santa Catarina,6,6,321.2,0.0
Mexico,2024-04-10,5,Monterrey,San Pedro,8,5,268.5,0.0
Mexico,2024-04-10,5,Monterrey,Cumbres Poniente,7,4,209.3,0.0
Mexico,2024-04-10,5,Monterrey,La Fe,6,4,193.6,0.0
Mexico,2024-04-10,5,Monterrey,MTY_Guadalupe,4,4,207.6,0.0
Mexico,2024-04-10,5,Monterrey,Independencia,3,3,142.0,0.0
Mexico,2024-04-10,5,Monterrey,Tec,5,4,199.6,0.0
Mexico,2024-04-10,6,Monterrey,Centro,9,10,567.6,0.0
Mexico,2024-04-10,6,Monterrey,Mitras Centro,3,4,189.3,0.0
Mexico,2024-04-10,6,Monterrey,Apodaca Centro,4,3,164.8,0.0
Mexico,2024-04-10,6,Monterrey,Escobedo,7,7,350.2,0.0
Mexico,2024-04-10,6,Monterrey,Carretera Nacional,5,6,342.4,0.0
Mexico,2024-04-10,6,Monterrey,MTY_Apodaca_Huinalá,5,3,168.2,0.0
Mexico,2024-04-10,6,Monterrey,San Nicolás,10,9,516.7,0.0
Mexico,2024-04-10,6,Monterrey,Santa Catarina,8,8,360.5,0.0
Mexico,2024-04-10,6,Monterrey,San Pedro,8,8,363.4,0.0
Mexico,2024-04-10,6,Monterrey,Cumbres Poniente,7,4,207.2,0.0
Mexico,2024-04-10,6,Monterrey,La Fe,7,6,318.1,0.0
Mexico,2024-04-10,6,Monterrey,MTY_Guadalupe,9,11,566.1,0.0
Mexico,2024-04-10,6,Monterrey,Independencia,13,10,564.2,0.0
Mexico,2024-04-10,6,Monterrey,Tec,7,6,338.2,0.0
Mexico,2024-04-10,7,Monterrey,Centro,7,8,430.6,0.0
Mexico,2024-04-10,7,Monterrey,Mitras Centro,4,3,145.4,0.0
Mexico,2024-04-10,7,Monterrey,Apodaca Centro,1,3,170.8,0.0
Mexico,2024-04-10,7,Monterrey,Escobedo,6,7,418.2,0.0
Mexico,2024-04-10,7,Monterrey,Carretera Nacional,4,5,263.3,0.0
Mexico,2024-04-10,7,Monterrey,MTY_Apodaca_Huinalá,10,7,374.5,0.0
Mexico,2024-04-10,7,Monterrey,San Nicolás,6,5,259.0,0.0
Mexico,2024-04-10,7,Monterrey,Santa Catarina,5,6,353.0,0.0
Mexico,2024-04-10,7,Monterrey,San Pedro,1,1,46.3,0.0
Mexico,2024-04-10,7,Monterrey,Cumbres Poniente,10,7,399.1,0.0
Mexico,2024-04-10,7,Monterrey,La Fe,2,4,197.6,0.0
Mexico,2024-04-10,7,Monterrey,MTY_Guadalupe,7,7,318.6,0.0
Mexico,2024-04-10,7,Monterrey,Independencia,8,5,285.8,0.0
Mexico,2024-04-10,7,Monterrey,Tec,4,4,212.9,0.0
Mexico,2024-04-10,8,Monterrey,Centro,9,6,303.0,0.0
Mexico,2024-04-10,8,Monterrey,Mitras Centro,6,4,229.5,0.0
Mexico,2024-04-10,8,Monterrey,Apodaca Centro,7,5,249.1,0.0
Mexico,2024-04-10,8,Monterrey,Escobedo,3,5,253.3,0.0
Mexico,2024-04-10,8,Monterrey,Carretera Nacional,4,3,176.4,0.0
Mexico,2024-04-10,8,Monterrey,MTY_Apodaca_Huinalá,6,7,387.9,0.0
Mexico,2024-04-10,8,Monterrey,San Nicolás,7,6,320.2,0.0
Mexico,2024-04-10,8,Monterrey,Santa Catarina,9,7,354.1,0.0
Mexico,2024-04-10,8,Monterrey,San Pedro,9,8,469.9,0.0
Mexico,2024-04-10,8,Monterrey,Cumbres Poniente,6,6,289.7,0.0
Mexico,2024-04-10,8,Monterrey,La Fe,10,8,421.1,0.0
Mexico,2024-04-10,8,Monterrey,MTY_Guadalupe,4,3,140.2,0.0
Mexico,2024-04-10,8,Monterrey,Independencia,4,3,152.1,0.0
Mexico,2024-04-10,8,Monterrey,Tec,12,9,424.6,0.0
Mexico,2024-04-10,9,Monterrey,Centro,5,5,231.0,0.0
Mexico,2024-04-10,9,Monterrey,Mitras Centro,10,7,339.7,0.0
Mexico,2024-04-10,9,Monterrey,Apodaca Centro,9,6,275.6,0.0
Mexico,2024-04-10,9,Monterrey,Escobedo,4,4,207.4,0.0
Mexico,2024-04-10,9,Monterrey,Carretera Nacional,10,8,448.0,0.0
Mexico,2024-04-10,9,Monterrey,MTY_Apodaca_Huinalá,5,3,143.7,0.0
Mexico,2024-04-10,9,Monterrey,San Nicolás,6,7,371.1,0.0
Mexico,2024-04-10,9,Monterrey,Santa Catarina,6,3,145.0,0.0
Mexico,2024-04-10,9,Monterrey,San Pedro,8,6,276.1,0.0
Mexico,2024-04-10,9,Monterrey,Cumbres Poniente,5,3,169.5,0.0
Mexico,2024-04-10,9,Monterrey,La Fe,4,5,268.6,0.0
Mexico,2024-04-10,9,Monterrey,MTY_Guadalupe,5,5,292.5,0.0
Mexico,2024-04-10,9,Monterrey,Independencia,4,4,191.7,0.0
Mexico,2024-04-10,9,Monterrey,Tec,3,4,191.1,0.0
Mexico,2024-04-10,10,Monterrey,Centro,4,4,223.5,0.0
Mexico,2024-04-10,10,Monterrey,Mitras Centro,5,4,230.2,0.0
Mexico,2024-04-10,10,Monterrey,Apodaca Centro,5,4,223.5,0.0
Mexico,2024-04-10,10,Monterrey,Escobedo,11,9,451.2,0.0
Mexico,2024-04-10,10,Monterrey,Carretera Nacional,4,5,299.2,0.0
Mexico,2024-04-10,10,Monterrey,MTY_Apodaca_Huinalá,8,7,321.4,0.0
Mexico,2024-04-10,10,Monterrey,San Nicolás,7,4,238.3,0.0
Mexico,2024-04-10,10,Monterrey,Santa Catarina,2,4,213.2,0.0
Mexico,2024-04-10,10,Monterrey,San Pedro,1,3,172.4,0.0
Mexico,2024-04-10,10,Monterrey,Cumbres Poniente,9,7,319.8,0.0
Mexico,2024-04-10,10,Monterrey,La Fe,4,3,146.5,0.0
Mexico,2024-04-10,10,Monterrey,MTY_Guadalupe,6,3,136.8,0.0
Mexico,2024-04-10,10,Monterrey,Independencia,5,6,356.4,0.0
Mexico,2024-04-10,10,Monterrey,Tec,7,8,412.1,0.0
Mexico,2024-04-10,11,Monterrey,Centro,4,3,144.7,0.0
Mexico,2024-04-10,11,Monterrey,Mitras Centro,9,8,469.1,0.0
Mexico,2024-04-10,11,Monterrey,Apodaca Centro,1,3,151.0,0.0
Mexico,2024-04-10,11,Monterrey,Escobedo,6,4,231.6,0.0
Mexico,2024-04-10,11,Monterrey,Carretera Nacional,1,2,102.9,0.0
Mexico,2024-04-10,11,Monterrey,MTY_Apodaca_Huinalá,7,5,267.8,0.0
Mexico,2024-04-10,11,Monterrey,San Nicolás,10,8,398.3,0.0
Mexico,2024-04-10,11,Monterrey,Santa Catarina,6,3,152.0,0.0
Mexico,2024-04-10,11,Monterrey,San Pedro,7,6,305.7,0.0
Mexico,2024-04-10,11,Monterrey,Cumbres Poniente,4,2,102.6,0.0
Mexico,2024-04-10,11,Monterrey,La Fe,2,2,104.6,0.0
Mexico,2024-04-10,11,Monterrey,MTY_Guadalupe,6,7,420.0,0.0
Mexico,2024-04-10,11,Monterrey,Independencia,4,6,318.9,0.0
Mexico,2024-04-10,11,Monterrey,Tec,1,2,91.0,0.0
Mexico,2024-04-10,12,Monterrey,Centro,8,6,357.1,0.0
Mexico,2024-04-10,12,Monterrey,Mitras Centro,2,2,107.4,0.0
Mexico,2024-04-10,12,Monterrey,Apodaca Centro,5,2,94.9,0.0
Mexico,2024-04-10,12,Monterrey,Escobedo,1,2,107.7,0.0
Mexico,2024-04-10,12,Monterrey,Carretera Nacional,8,5,259.5,0.0
Mexico,2024-04-10,12,Monterrey,MTY_Apodaca_Huinalá,10,7,377.8,0.0
Mexico,2024-04-10,12,Monterrey,San Nicolás,6,5,225.1,0.0
Mexico,2024-04-10,12,Monterrey,Santa Catarina,9,6,320.3,0.0
Mexico,2024-04-10,12,Monterrey,San Pedro,6,6,276.5,0.0
Mexico,2024-04-10,12,Monterrey,Cumbres Poniente,6,6,280.3,0.0
Mexico,2024-04-10,12,Monterrey,La Fe,8,8,395.8,0.0
Mexico,2024-04-10,12,Monterrey,MTY_Guadalupe,6,8,399.9,0.0
Mexico,2024-04-10,12,Monterrey,Independencia,9,7,319.1,0.0
Mexico,2024-04-10,12,Monterrey,Tec,2,1,59.6,0.0
Mexico,2024-04-10,13,Monterrey,Centro,8,10,571.3,0.0
Mexico,2024-04-10,13,Monterrey,Mitras Centro,18,18,1041.4,0.0
Mexico,2024-04-10,13,Monterrey,Apodaca Centro,14,14,764.3,0.0
Mexico,2024-04-10,13,Monterrey,Escobedo,7,9,518.0,0.0
Mexico,2024-04-10,13,Monterrey,Carretera Nacional,23,21,1149.3,0.0
Mexico,2024-04-10,13,Monterrey,MTY_Apodaca_Huinalá,10,11,653.8,0.0
Mexico,2024-04-10,13,Monterrey,San Nicolás,9,9,499.8,0.0
Mexico,2024-04-10,13,Monterrey,Santa Catarina,12,10,472.4,0.0
Mexico,2024-04-10,13,Monterrey,San Pedro,11,10,593.1,0.0
Mexico,2024-04-10,13,Monterrey,Cumbres Poniente,11,11,597.5,0.0
Mexico,2024-04-10,13,Monterrey,La Fe,4,5,237.7,0.0
Mexico,2024-04-10,13,Monterrey,MTY_Guadalupe,8,8,464.4,0.0
Mexico,2024-04-10,13,Monterrey,Independencia,8,9,432.0,0.0
Mexico,2024-04-10,13,Monterrey,Tec,10,9,515.3,0.0
Mexico,2024-04-10,14,Monterrey,Centro,7,7,414.9,0.0
Mexico,2024-04-10,14,Monterrey,Mitras Centro,13,11,614.7,0.0
Mexico,2024-04-10,14,Monterrey,Apodaca Centro,8,8,423.3,0.0
Mexico,2024-04-10,14,Monterrey,Escobedo,8,10,557.5,0.0
Mexico,2024-04-10,14,Monterrey,Carretera Nacional,10,9,431.8,0.0
Mexico,2024-04-10,14,Monterrey,MTY_Apodaca_Huinalá,10,10,592.5,0.0
Mexico,2024-04-10,14,Monterrey,San Nicolás,6,5,257.2,0.0
Mexico,2024-04-10,14,Monterrey,Santa Catarina,11,11,613.2,0.0
Mexico,2024-04-10,14,Monterrey,San Pedro,6,6,342.5,0.0
Mexico,2024-04-10,14,Monterrey,Cumbres Poniente,12,10,460.4,0.0
Mexico,2024-04-10,14,Monterrey,La Fe,11,11,569.3,0.0
Mexico,2024-04-10,14,Monterrey,MTY_Guadalupe,8,10,533.7,0.0
Mexico,2024-04-10,14,Monterrey,Independencia,11,8,427.7,0.0
Mexico,2024-04-10,14,Monterrey,Tec,12,9,446.2,0.0
Mexico,2024-04-10,15,Monterrey,Centro,10,7,418.1,0.0
Mexico,2024-04-10,15,Monterrey,Mitras Centro,5,5,257.8,0.0
Mexico,2024-04-10,15,Monterrey,Apodaca Centro,7,4,236.1,0.0
Mexico,2024-04-10,15,Monterrey,Escobedo,4,5,297.5,0.0
Mexico,2024-04-10,15,Monterrey,Carretera Nacional,1,1,49.7,0.0
Mexico,2024-04-10,15,Monterrey,MTY_Apodaca_Huinalá,7,6,337.8,0.0
Mexico,2024-04-10,15,Monterrey,San Nicolás,5,2,103.2,0.0
Mexico,2024-04-10,15,Monterrey,Santa Catarina,7,6,308.4,0.0
Mexico,2024-04-10,15,Monterrey,San Pedro,3,4,215.5,0.0
Mexico,2024-04-10,15,Monterrey,Cumbres Poniente,8,6,301.2,0.0
Mexico,2024-04-10,15,Monterrey,La Fe,3,5,294.7,0.0
Mexico,2024-04-10,15,Monterrey,MTY_Guadalupe,3,3,139.7,0.0
Mexico,2024-04-10,15,Monterrey,Independencia,2,4,218.6,0.0
Mexico,2024-04-10,15,Monterrey,Tec,6,8,430.5,0.0
Mexico,2024-04-10,16,Monterrey,Centro,4,4,215.2,0.0
Mexico,2024-04-10,16,Monterrey,Mitras Centro,7,7,383.9,0.0
Mexico,2024-04-10,16,Monterrey,Apodaca Centro,1,1,57.1,0.0
Mexico,2024-04-10,16,Monterrey,Escobedo,7,7,322.9,0.0
Mexico,2024-04-10,16,Monterrey,Carretera Nacional,11,8,363.7,0.0
Mexico,2024-04-10,16,Monterrey,MTY_Apodaca_Huinalá,4,2,100.9,0.0
Mexico,2024-04-10,16,Monterrey,San Nicolás,2,3,151.4,0.0
Mexico,2024-04-10,16,Monterrey,Santa Catarina,4,3,161.4,0.0
Mexico,2024-04-10,16,Monterrey,San Pedro,9,6,342.9,0.0
Mexico,2024-04-10,16,Monterrey,Cumbres Poniente,8,6,308.9,0.0
Mexico,2024-04-10,16,Monterrey,La Fe,1,1,53.1,0.0
Mexico,2024-04-10,16,Monterrey,MTY_Guadalupe,3,5,276.0,0.0
Mexico,2024-04-10,16,Monterrey,Independencia,10,7,338.4,0.0
Mexico,2024-04-10,16,Monterrey,Tec,7,8,432.1,0.0
Mexico,2024-04-10,17,Monterrey,Centro,11,11,598.7,0.0
Mexico,2024-04-10,17,Monterrey,Mitras Centro,7,6,311.6,0.0
Mexico,2024-04-10,17,Monterrey,Apodaca Centro,4,3,160.4,0.0
Mexico,2024-04-10,17,Monterrey,Escobedo,10,7,357.2,0.0
Mexico,2024-04-10,17,Monterrey,Carretera Nacional,4,3,141.9,0.0
Mexico,2024-04-10,17,Monterrey,MTY_Apodaca_Huinalá,9,8,473.4,0.0
Mexico,2024-04-10,17,Monterrey,San Nicolás,4,2,119.4,0.0
Mexico,2024-04-10,17,Monterrey,Santa Catarina,3,3,154.8,0.0
Mexico,2024-04-10,17,Monterrey,San Pedro,4,5,246.6,0.0
Mexico,2024-04-10,17,Monterrey,Cumbres Poniente,5,3,148.6,0.0
Mexico,2024-04-10,17,Monterrey,La Fe,6,4,227.4,0.0
Mexico,2024-04-10,17,Monterrey,MTY_Guadalupe,7,5,232.5,0.0
Mexico,2024-04-10,17,Monterrey,Independencia,4,4,210.9,0.0
Mexico,2024-04-10,17,Monterrey,Tec,8,8,421.7,0.0
Mexico,2024-04-10,18,Monterrey,Centro,12,10,589.0,0.5
Mexico,2024-04-10,18,Monterrey,Mitras Centro,5,3,171.5,0.5
Mexico,2024-04-10,18,Monterrey,Apodaca Centro,3,4,238.3,0.5
Mexico,2024-04-10,18,Monterrey,Escobedo,4,6,285.6,0.5
Mexico,2024-04-10,18,Monterrey,Carretera Nacional,8,5,264.2,0.5
Mexico,2024-04-10,18,Monterrey,MTY_Apodaca_Huinalá,10,7,405.7,0.5
Mexico,2024-04-10,18,Monterrey,San Nicolás,2,2,115.3,0.5
Mexico,2024-04-10,18,Monterrey,Santa Catarina,7,9,447.4,0.5
Mexico,2024-04-10,18,Monterrey,San Pedro,5,7,330.0,0.5
Mexico,2024-04-10,18,Monterrey,Cumbres Poniente,9,10,531.6,0.5
Mexico,2024-04-10,18,Monterrey,La Fe,5,7,406.3,0.5
Mexico,2024-04-10,18,Monterrey,MTY_Guadalupe,4,2,104.3,0.5
Mexico,2024-04-10,18,Monterrey,Independencia,4,6,305.6,0.5
Mexico,2024-04-10,18,Monterrey,Tec,5,4,211.3,0.5
Mexico,2024-04-10,19,Monterrey,Centro,7,11,541.8,2.5
Mexico,2024-04-10,19,Monterrey,Mitras Centro,9,13,703.9,2.5
Mexico,2024-04-10,19,Monterrey,Apodaca Centro,8,11,610.5,2.5
Mexico,2024-04-10,19,Monterrey,Escobedo,18,19,912.2,2.5
Mexico,2024-04-10,19,Monterrey,Carretera Nacional,3,6,297.7,2.5
Mexico,2024-04-10,19,Monterrey,MTY_Apodaca_Huinalá,9,10,512.0,2.5
Mexico,2024-04-10,19,Monterrey,San Nicolás,6,7,389.6,2.5
Mexico,2024-04-10,19,Monterrey,Santa Catarina,9,13,685.5,2.5
Mexico,2024-04-10,19,Monterrey,San Pedro,4,6,335.9,2.5
Mexico,2024-04-10,19,Monterrey,Cumbres Poniente,10,10,579.6,2.5
Mexico,2024-04-10,19,Monterrey,La Fe,8,13,623.9,2.5
Mexico,2024-04-10,19,Monterrey,MTY_Guadalupe,6,8,458.6,2.5
Mexico,2024-04-10,19,Monterrey,Independencia,7,10,487.7,2.5
Mexico,2024-04-10,19,Monterrey,Tec,7,7,363.7,2.5
Mexico,2024-04-10,20,Monterrey,Centro,17,15,818.1,0.0
Mexico,2024-04-10,20,Monterrey,Mitras Centro,17,14,804.6,0.0
Mexico,2024-04-10,20,Monterrey,Apodaca Centro,11,13,716.5,0.0
Mexico,2024-04-10,20,Monterrey,Escobedo,4,4,215.5,0.0
Mexico,2024-04-10,20,Monterrey,Carretera Nacional,7,9,520.3,0.0
Mexico,2024-04-10,20,Monterrey,MTY_Apodaca_Huinalá,14,11,584.9,0.0
Mexico,2024-04-10,20,Monterrey,San Nicolás,12,12,705.6,0.0
Mexico,2024-04-10,20,Monterrey,Santa Catarina,10,10,453.6,0.0
Mexico,2024-04-10,20,Monterrey,San Pedro,12,10,483.4,0.0
Mexico,2024-04-10,20,Monterrey,Cumbres Poniente,15,12,677.9,0.0
Mexico,2024-04-10,20,Monterrey,La Fe,6,8,420.4,0.0
Mexico,2024-04-10,20,Monterrey,MTY_Guadalupe,10,8,404.1,0.0
Mexico,2024-04-10,20,Monterrey,Independencia,12,13,763.2,0.0
Mexico,2024-04-10,20,Monterrey,Tec,18,15,749.7,0.0
Mexico,2024-04-10,21,Monterrey,Centro,13,13,708.7,0.0
Mexico,2024-04-10,21,Monterrey,Mitras Centro,3,5,235.1,0.0
Mexico,2024-04-10,21,Monterrey,Apodaca Centro,2,3,144.8,0.0
Mexico,2024-04-10,21,Monterrey,Escobedo,15,13,585.4,0.0
Mexico,2024-04-10,21,Monterrey,Carretera Nacional,11,8,372.6,0.0
Mexico,2024-04-10,21,Monterrey,MTY_Apodaca_Huinalá,11,11,553.4,0.0
Mexico,2024-04-10,21,Monterrey,San Nicolás,7,6,339.4,0.0
Mexico,2024-04-10,21,Monterrey,Santa Catarina,6,5,297.6,0.0
Mexico,2024-04-10,21,Monterrey,San Pedro,10,11,542.8,0.0
Mexico,2024-04-10,21,Monterrey,Cumbres Poniente,14,11,587.2,0.0
Mexico,2024-04-10,21,Monterrey,La Fe,4,5,226.5,0.0
Mexico,2024-04-10,21,Monterrey,MTY_Guadalupe,8,7,408.7,0.0
Mexico,2024-04-10,21,Monterrey,Independencia,7,7,321.6,0.0
Mexico,2024-04-10,21,Monterrey,Tec,12,10,571.5,0.0
Mexico,2024-04-10,22,Monterrey,Centro,1,2,98.4,0.0
Mexico,2024-04-10,22,Monterrey,Mitras Centro,2,4,213.5,0.0
Mexico,2024-04-10,22,Monterrey,Apodaca Centro,8,5,283.6,0.0
Mexico,2024-04-10,22,Monterrey,Escobedo,7,7,415.6,0.0
Mexico,2024-04-10,22,Monterrey,Carretera Nacional,3,2,103.2,0.0
Mexico,2024-04-10,22,Monterrey,MTY_Apodaca_Huinalá,5,4,220.1,0.0
Mexico,2024-04-10,22,Monterrey,San Nicolás,9,7,366.9,0.0
Mexico,2024-04-10,22,Monterrey,Santa Catarina,2,1,49.6,0.0
Mexico,2024-04-10,22,Monterrey,San Pedro,6,3,140.6,0.0
Mexico,2024-04-10,22,Monterrey,Cumbres Poniente,2,4,219.8,0.0
Mexico,2024-04-10,22,Monterrey,La Fe,11,8,382.7,0.0
Mexico,2024-04-10,22,Monterrey,MTY_Guadalupe,4,5,238.6,0.0
Mexico,2024-04-10,22,Monterrey,Independencia,7,8,421.9,0.0
Mexico,2024-04-10,22,Monterrey,Tec,2,2,117.3,0.0
Mexico,2024-04-10,23,Monterrey,Centro,7,7,361.7,0.0
Mexico,2024-04-10,23,Monterrey,Mitras Centro,6,5,288.5,0.0
Mexico,2024-04-10,23,Monterrey,Apodaca Centro,5,2,110.8,0.0
Mexico,2024-04-10,23,Monterrey,Escobedo,7,4,186.7,0.0
Mexico,2024-04-10,23,Monterrey,Carretera Nacional,1,3,161.8,0.0
Mexico,2024-04-10,23,Monterrey,MTY_Apodaca_Huinalá,7,5,288.1,0.0
Mexico,2024-04-10,23,Monterrey,San Nicolás,8,5,289.2,0.0
Mexico,2024-04-10,23,Monterrey,Santa Catarina,4,4,202.1,0.0
Mexico,2024-04-10,23,Monterrey,San Pedro,12,12,549.1,0.0
Mexico,2024-04-10,23,Monterrey,Cumbres Poniente,9,8,432.2,0.0
Mexico,2024-04-10,23,Monterrey,La Fe,2,3,157.1,0.0
Mexico,2024-04-10,23,Monterrey,MTY_Guadalupe,9,6,270.4,0.0
Mexico,2024-04-10,23,Monterrey,Independencia,8,7,396.2,0.0
Mexico,2024-04-10,23,Monterrey,Tec,7,4,213.7,0.0
Mexico,2024-04-11,0,Monterrey,Centro,4,4,187.2,0.0
Mexico,2024-04-11,0,Monterrey,Mitras Centro,1,3,173.1,0.0
Mexico,2024-04-11,0,Monterrey,Apodaca Centro,5,3,158.8,0.0
Mexico,2024-04-11,0,Monterrey,Escobedo,8,10,587.1,0.0
Mexico,2024-04-11,0,Monterrey,Carretera Nacional,4,4,200.0,0.0
Mexico,2024-04-11,0,Monterrey,MTY_Apodaca_Huinalá,1,2,93.9,0.0
Mexico,2024-04-11,0,Monterrey,San Nicolás,4,3,173.0,0.0
Mexico,2024-04-11,0,Monterrey,Santa Catarina,5,7,328.0,0.0
Mexico,2024-04-11,0,Monterrey,San Pedro,4,6,342.6,0.0
Mexico,2024-04-11,0,Monterrey,Cumbres Poniente,9,6,300.2,0.0
Mexico,2024-04-11,0,Monterrey,La Fe,6,3,138.3,0.0
Mexico,2024-04-11,0,Monterrey,MTY_Guadalupe,8,7,345.7,0.0
Mexico,2024-04-11,0,Monterrey,Independencia,6,4,207.2,0.0
Mexico,2024-04-11,0,Monterrey,Tec,9,6,333.6,0.0
Mexico,2024-04-11,1,Monterrey,Centro,1,2,112.0,2.5
Mexico,2024-04-11,1,Monterrey,Mitras Centro,2,2,113.3,2.5
Mexico,2024-04-11,1,Monterrey,Apodaca Centro,2,7,354.9,2.5
Mexico,2024-04-11,1,Monterrey,Escobedo,1,3,160.5,2.5
Mexico,2024-04-11,1,Monterrey,Carretera Nacional,1,3,144.5,2.5
Mexico,2024-04-11,1,Monterrey,MTY_Apodaca_Huinalá,7,7,349.6,2.5
Mexico,2024-04-11,1,Monterrey,San Nicolás,1,2,111.0,2.5
Mexico,2024-04-11,1,Monterrey,Santa Catarina,1,3,170.1,2.5
Mexico,2024-04-11,1,Monterrey,San Pedro,2,4,219.9,2.5
Mexico,2024-04-11,1,Monterrey,Cumbres Poniente,4,5,238.7,2.5
Mexico,2024-04-11,1,Monterrey,La Fe,2,5,268.2,2.5
Mexico,2024-04-11,1,Monterrey,MTY_Guadalupe,2,2,105.4,2.5
Mexico,2024-04-11,1,Monterrey,Independencia,2,3,139.1,2.5
Mexico,2024-04-11,1,Monterrey,Tec,2,2,91.3,2.5
Mexico,2024-04-11,2,Monterrey,Centro,8,8,424.6,0.0
Mexico,2024-04-11,2,Monterrey,Mitras Centro,8,5,247.9,0.0
Mexico,2024-04-11,2,Monterrey,Apodaca Centro,6,6,338.2,0.0
Mexico,2024-04-11,2,Monterrey,Escobedo,5,5,281.8,0.0
Mexico,2024-04-11,2,Monterrey,Carretera Nacional,6,8,456.0,0.0
Mexico,2024-04-11,2,Monterrey,MTY_Apodaca_Huinalá,5,3,152.6,0.0
Mexico,2024-04-11,2,Monterrey,San Nicolás,6,5,289.0,0.0
Mexico,2024-04-11,2,Monterrey,Santa Catarina,6,5,250.7,0.0
Mexico,2024-04-11,2,Monterrey,San Pedro,11,8,364.1,0.0
Mexico,2024-04-11,2,Monterrey,Cumbres Poniente,5,3,152.4,0.0
Mexico,2024-04-11,2,Monterrey,La Fe,12,9,494.9,0.0
Mexico,2024-04-11,2,Monterrey,MTY_Guadalupe,4,6,309.8,0.0
Mexico,2024-04-11,2,Monterrey,Independencia,6,4,180.0,0.0
Mexico,2024-04-11,2,Monterrey,Tec,5,5,299.5,0.0
Mexico,2024-04-11,3,Monterrey,Centro,3,4,233.8,0.0
Mexico,2024-04-11,3,Monterrey,Mitras Centro,3,5,233.3,0.0
Mexico,2024-04-11,3,Monterrey,Apodaca Centro,5,7,359.6,0.0
Mexico,2024-04-11,3,Monterrey,Escobedo,7,4,206.4,0.0
Mexico,2024-04-11,3,Monterrey,Carretera Nacional,2,4,207.6,0.0
Mexico,2024-04-11,3,Monterrey,MTY_Apodaca_Huinalá,7,5,225.9,0.0
Mexico,2024-04-11,3,Monterrey,San Nicolás,2,3,164.3,0.0
Mexico,2024-04-11,3,Monterrey,Santa Catarina,7,6,330.8,0.0
Mexico,2024-04-11,3,Monterrey,San Pedro,6,3,144.1,0.0
Mexico,2024-04-11,3,Monterrey,Cumbres Poniente,4,6,271.9,0.0
Mexico,2024-04-11,3,Monterrey,La Fe,2,3,140.5,0.0
Mexico,2024-04-11,3,Monterrey,MTY_Guadalupe,5,4,191.0,0.0
Mexico,2024-04-11,3,Monterrey,Independencia,1,3,163.6,0.0
Mexico,2024-04-11,3,Monterrey,Tec,4,5,235.7,0.0
Mexico,2024-04-11,4,Monterrey,Centro,2,4,218.8,0.5
Mexico,2024-04-11,4,Monterrey,Mitras Centro,10,7,344.7,0.5
Mexico,2024-04-11,4,Monterrey,Apodaca Centro,5,6,358.7,0.5
Mexico,2024-04-11,4,Monterrey,Escobedo,6,8,373.7,0.5
Mexico,2024-04-11,4,Monterrey,Carretera Nacional,5,5,274.8,0.5
Mexico,2024-04-11,4,Monterrey,MTY_Apodaca_Huinalá,4,1,57.6,0.5
Mexico,2024-04-11,4,Monterrey,San Nicolás,3,2,118.5,0.5
Mexico,2024-04-11,4,Monterrey,Santa Catarina,2,4,226.8,0.5
Mexico,2024-04-11,4,Monterrey,San Pedro,6,4,215.9,0.5
Mexico,2024-04-11,4,Monterrey,Cumbres Poniente,6,5,253.8,0.5
Mexico,2024-04-11,4,Monterrey,La Fe,5,5,232.3,0.5
Mexico,2024-04-11,4,Monterrey,MTY_Guadalupe,6,6,282.6,0.5
Mexico,2024-04-11,4,Monterrey,Independencia,3,3,165.3,0.5
Mexico,2024-04-11,4,Monterrey,Tec,3,2,104.5,0.5
Mexico,2024-04-11,5,Monterrey,Centro,10,7,341.8,0.0
Mexico,2024-04-11,5,Monterrey,Mitras Centro,6,7,371.2,0.0
Mexico,2024-04-11,5,Monterrey,Apodaca Centro,5,4,197.9,0.0
Mexico,2024-04-11,5,Monterrey,Escobedo,5,6,308.1,0.0
Mexico,2024-04-11,5,Monterrey,Carretera Nacional,5,3,157.4,0.0
Mexico,2024-04-11,5,Monterrey,MTY_Apodaca_Huinalá,6,6,271.5,0.0
Mexico,2024-04-11,5,Monterrey,San Nicolás,6,5,236.2,0.0
Mexico,2024-04-11,5,Monterrey,Santa Catarina,2,3,142.3,0.0
Mexico,2024-04-11,5,Monterrey,San Pedro,7,6,270.2,0.0
Mexico,2024-04-11,5,Monterrey,Cumbres Poniente,4,2,98.2,0.0
Mexico,2024-04-11,5,Monterrey,La Fe,2,4,226.1,0.0
Mexico,2024-04-11,5,Monterrey,MTY_Guadalupe,3,3,162.8,0.0
Mexico,2024-04-11,5,Monterrey,Independencia,5,4,192.8,0.0
Mexico,2024-04-11,5,Monterrey,Tec,6,3,175.3,0.0
Mexico,2024-04-11,6,Monterrey,Centro,8,5,239.3,0.0
Mexico,2024-04-11,6,Monterrey,Mitras Centro,5,6,304.9,0.0
Mexico,2024-04-11,6,Monterrey,Apodaca Centro,6,6,330.4,0.0
Mexico,2024-04-11,6,Monterrey,Escobedo,9,7,332.8,0.0
Mexico,2024-04-11,6,Monterrey,Carretera Nacional,10,7,392.0,0.0
Mexico,2024-04-11,6,Monterrey,MTY_Apodaca_Huinalá,5,7,396.7,0.0
Mexico,2024-04-11,6,Monterrey,San Nicolás,5,6,331.1,0.0
Mexico,2024-04-11,6,Monterrey,Santa Catarina,4,1,56.3,0.0
Mexico,2024-04-11,6,Monterrey,San Pedro,7,4,198.5,0.0
Mexico,2024-04-11,6,Monterrey,Cumbres Poniente,9,8,368.0,0.0
Mexico,2024-04-11,6,Monterrey,La Fe,8,7,395.5,0.0
Mexico,2024-04-11,6,Monterrey,MTY_Guadalupe,5,3,173.9,0.0
Mexico,2024-04-11,6,Monterrey,Independencia,5,4,203.7,0.0
Mexico,2024-04-11,6,Monterrey,Tec,5,3,138.0,0.0
Mexico,2024-04-11,7,Monterrey,Centro,5,7,399.7,0.0
Mexico,2024-04-11,7,Monterrey,Mitras Centro,4,1,50.2,0.0
Mexico,2024-04-11,7,Monterrey,Apodaca Centro,6,5,279.8,0.0
Mexico,2024-04-11,7,Monterrey,Escobedo,2,4,197.1,0.0
Mexico,2024-04-11,7,Monterrey,Carretera Nacional,1,2,116.7,0.0
Mexico,2024-04-11,7,Monterrey,MTY_Apodaca_Huinalá,5,5,225.8,0.0
Mexico,2024-04-11,7,Monterrey,San Nicolás,5,5,285.1,0.0
Mexico,2024-04-11,7,Monterrey,Santa Catarina,3,5,299.9,0.0
Mexico,2024-04-11,7,Monterrey,San Pedro,7,4,225.6,0.0
Mexico,2024-04-11,7,Monterrey,Cumbres Poniente,5,4,202.5,0.0
Mexico,2024-04-11,7,Monterrey,La Fe,5,5,274.8,0.0
Mexico,2024-04-11,7,Monterrey,MTY_Guadalupe,6,8,411.0,0.0
Mexico,2024-04-11,7,Monterrey,Independencia,9,8,430.3,0.0
Mexico,2024-04-11,7,Monterrey,Tec,5,4,224.5,0.0
Mexico,2024-04-11,8,Monterrey,Centro,10,9,437.4,0.0
Mexico,2024-04-11,8,Monterrey,Mitras Centro,10,7,403.6,0.0
Mexico,2024-04-11,8,Monterrey,Apodaca Centro,5,4,209.0,0.0
Mexico,2024-04-11,8,Monterrey,Escobedo,3,5,255.8,0.0
Mexico,2024-04-11,8,Monterrey,Carretera Nacional,2,3,136.5,0.0
Mexico,2024-04-11,8,Monterrey,MTY_Apodaca_Huinalá,8,5,293.4,0.0
Mexico,2024-04-11,8,Monterrey,San Nicolás,3,4,198.5,0.0
Mexico,2024-04-11,8,Monterrey,Santa Catarina,6,6,317.4,0.0
Mexico,2024-04-11,8,Monterrey,San Pedro,1,3,146.5,0.0
Mexico,2024-04-11,8,Monterrey,Cumbres Poniente,2,4,203.2,0.0
Mexico,2024-04-11,8,Monterrey,La Fe,8,5,238.0,0.0
Mexico,2024-04-11,8,Monterrey,MTY_Guadalupe,9,7,316.0,0.0
Mexico,2024-04-11,8,Monterrey,Independencia,5,4,233.2,0.0
Mexico,2024-04-11,8,Monterrey,Tec,7,7,404.9,0.0
Mexico,2024-04-11,9,Monterrey,Centro,5,4,183.3,0.0
Mexico,2024-04-11,9,Monterrey,Mitras Centro,7,7,349.8,0.0
Mexico,2024-04-11,9,Monterrey,Apodaca Centro,3,3,173.4,0.0
Mexico,2024-04-11,9,Monterrey,Escobedo,6,4,225.4,0.0
Mexico,2024-04-11,9,Monterrey,Carretera Nacional,6,6,281.2,0.0
Mexico,2024-04-11,9,Monterrey,MTY_Apodaca_Huinalá,4,4,187.7,0.0
Mexico,2024-04-11,9,Monterrey,San Nicolás,7,7,400.7,0.0
Mexico,2024-04-11,9,Monterrey,Santa Catarina,6,4,193.0,0.0
Mexico,2024-04-11,9,Monterrey,San Pedro,11,8,424.6,0.0
Mexico,2024-04-11,9,Monterrey,Cumbres Poniente,5,4,207.9,0.0
Mexico,2024-04-11,9,Monterrey,La Fe,7,5,294.3,0.0
Mexico,2024-04-11,9,Monterrey,MTY_Guadalupe,3,1,49.4,0.0
Mexico,2024-04-11,9,Monterrey,Independencia,6,3,153.3,0.0
Mexico,2024-04-11,9,Monterrey,Tec,8,8,392.7,0.0
Mexico,2024-04-11,10,Monterrey,Centro,9,7,330.6,0.0
Mexico,2024-04-11,10,Monterrey,Mitras Centro,6,8,458.7,0.0
Mexico,2024-04-11,10,Monterrey,Apodaca Centro,4,5,230.6,0.0
Mexico,2024-04-11,10,Monterrey,Escobedo,10,7,346.2,0.0
Mexico,2024-04-11,10,Monterrey,Carretera Nacional,7,4,214.2,0.0
Mexico,2024-04-11,10,Monterrey,MTY_Apodaca_Huinalá,5,4,233.1,0.0
Mexico,2024-04-11,10,Monterrey,San Nicolás,4,4,187.7,0.0
Mexico,2024-04-11,10,Monterrey,Santa Catarina,3,4,182.5,0.0
Mexico,2024-04-11,10,Monterrey,San Pedro,8,7,395.7,0.0
Mexico,2024-04-11,10,Monterrey,Cumbres Poniente,9,6,341.2,0.0
Mexico,2024-04-11,10,Monterrey,La Fe,5,5,279.1,0.0
Mexico,2024-04-11,10,Monterrey,MTY_Guadalupe,8,7,395.6,0.0
Mexico,2024-04-11,10,Monterrey,Independencia,7,4,220.9,0.0
Mexico,2024-04-11,10,Monterrey,Tec,8,6,271.7,0.0
Mexico,2024-04-11,11,Monterrey,Centro,8,7,378.2,0.0
Mexico,2024-04-11,11,Monterrey,Mitras Centro,6,8,444.8,0.0
Mexico,2024-04-11,11,Monterrey,Apodaca Centro,10,8,395.4,0.0
Mexico,2024-04-11,11,Monterrey,Escobedo,5,4,231.4,0.0
Mexico,2024-04-11,11,Monterrey,Carretera Nacional,7,5,293.1,0.0
Mexico,2024-04-11,11,Monterrey,MTY_Apodaca_Huinalá,4,4,221.5,0.0
Mexico,2024-04-11,11,Monterrey,San Nicolás,6,5,286.8,0.0
Mexico,2024-04-11,11,Monterrey,Santa Catarina,6,6,277.1,0.0
Mexico,2024-04-11,11,Monterrey,San Pedro,2,3,141.3,0.0
Mexico,2024-04-11,11,Monterrey,Cumbres Poniente,5,5,283.0,0.0
Mexico,2024-04-11,11,Monterrey,La Fe,7,4,239.1,0.0
Mexico,2024-04-11,11,Monterrey,MTY_Guadalupe,6,6,327.8,0.0
Mexico,2024-04-11,11,Monterrey,Independencia,2,3,159.4,0.0
Mexico,2024-04-11,11,Monterrey,Tec,7,6,273.0,0.0
Mexico,2024-04-11,12,Monterrey,Centro,2,3,145.8,0.0
Mexico,2024-04-11,12,Monterrey,Mitras Centro,3,3,145.6,0.0
Mexico,2024-04-11,12,Monterrey,Apodaca Centro,8,6,348.9,0.0
Mexico,2024-04-11,12,Monterrey,Escobedo,7,7,357.9,0.0
Mexico,2024-04-11,12,Monterrey,Carretera Nacional,6,4,206.0,0.0
Mexico,2024-04-11,12,Monterrey,MTY_Apodaca_Huinalá,3,5,278.5,0.0
Mexico,2024-04-11,12,Monterrey,San Nicolás,3,5,241.7,0.0
Mexico,2024-04-11,12,Monterrey,Santa Catarina,7,6,330.1,0.0
Mexico,2024-04-11,12,Monterrey,San Pedro,2,2,94.4,0.0
Mexico,2024-04-11,12,Monterrey,Cumbres Poniente,2,4,196.5,0.0
Mexico,2024-04-11,12,Monterrey,La Fe,9,6,350.9,0.0
Mexico,2024-04-11,12,Monterrey,MTY_Guadalupe,5,7,367.7,0.0
Mexico,2024-04-11,12,Monterrey,Independencia,5,4,222.1,0.0
Mexico,2024-04-11,12,Monterrey,Tec,9,7,344.7,0.0
Mexico,2024-04-11,13,Monterrey,Centro,12,11,499.2,0.0
Mexico,2024-04-11,13,Monterrey,Mitras Centro,5,7,410.2,0.0
Mexico,2024-04-11,13,Monterrey,Apodaca Centro,5,6,273.0,0.0
Mexico,2024-04-11,13,Monterrey,Escobedo,15,17,862.2,0.0
Mexico,2024-04-11,13,Monterrey,Carretera Nacional,18,16,908.4,0.0
Mexico,2024-04-11,13,Monterrey,MTY_Apodaca_Huinalá,8,10,565.4,0.0
Mexico,2024-04-11,13,Monterrey,San Nicolás,13,14,720.9,0.0
Mexico,2024-04-11,13,Monterrey,Santa Catarina,11,12,698.3,0.0
Mexico,2024-04-11,13,Monterrey,San Pedro,7,8,414.7,0.0
Mexico,2024-04-11,13,Monterrey,Cumbres Poniente,10,9,478.8,0.0
Mexico,2024-04-11,13,Monterrey,La Fe,6,6,292.4,0.0
Mexico,2024-04-11,13,Monterrey,MTY_Guadalupe,14,15,803.0,0.0
Mexico,2024-04-11,13,Monterrey,Independencia,9,10,490.4,0.0
Mexico,2024-04-11,13,Monterrey,Tec,11,8,434.2,0.0
Mexico,2024-04-11,14,Monterrey,Centro,8,8,450.5,0.0
Mexico,2024-04-11,14,Monterrey,Mitras Centro,10,9,471.4,0.0
Mexico,2024-04-11,14,Monterrey,Apodaca Centro,10,9,428.4,0.0
Mexico,2024-04-11,14,Monterrey,Escobedo,11,9,419.2,0.0
Mexico,2024-04-11,14,Monterrey,Carretera Nacional,12,11,610.6,0.0
Mexico,2024-04-11,14,Monterrey,MTY_Apodaca_Huinalá,7,4,211.9,0.0
Mexico,2024-04-11,14,Monterrey,San Nicolás,9,11,558.9,0.0
Mexico,2024-04-11,14,Monterrey,Santa Catarina,20,21,1126.6,0.0
Mexico,2024-04-11,14,Monterrey,San Pedro,16,14,714.8,0.0
Mexico,2024-04-11,14,Monterrey,Cumbres Poniente,6,7,332.5,0.0
Mexico,2024-04-11,14,Monterrey,La Fe,5,5,235.7,0.0
Mexico,2024-04-11,14,Monterrey,MTY_Guadalupe,10,11,652.1,0.0
Mexico,2024-04-11,14,Monterrey,Independencia,10,12,669.4,0.0
Mexico,2024-04-11,14,Monterrey,Tec,9,10,466.3,0.0
Mexico,2024-04-11,15,Monterrey,Centro,6,8,411.0,0.0
Mexico,2024-04-11,15,Monterrey,Mitras Centro,7,7,418.5,0.0
Mexico,2024-04-11,15,Monterrey,Apodaca Centro,1,1,54.9,0.0
Mexico,2024-04-11,15,Monterrey,Escobedo,2,3,136.6,0.0
Mexico,2024-04-11,15,Monterrey,Carretera Nacional,3,4,219.5,0.0
Mexico,2024-04-11,15,Monterrey,MTY_Apodaca_Huinalá,3,5,285.3,0.0
Mexico,2024-04-11,15,Monterrey,San Nicolás,1,3,162.7,0.0
Mexico,2024-04-11,15,Monterrey,Santa Catarina,4,6,290.4,0.0
Mexico,2024-04-11,15,Monterrey,San Pedro,5,2,117.2,0.0
Mexico,2024-04-11,15,Monterrey,Cumbres Poniente,13,10,587.6,0.0
Mexico,2024-04-11,15,Monterrey,La Fe,7,6,320.9,0.0
Mexico,2024-04-11,15,Monterrey,MTY_Guadalupe,6,3,162.6,0.0
Mexico,2024-04-11,15,Monterrey,Independencia,6,6,309.8,0.0
Mexico,2024-04-11,15,Monterrey,Tec,5,6,301.4,0.0
Mexico,2024-04-11,16,Monterrey,Centro,10,10,574.0,0.0
Mexico,2024-04-11,16,Monterrey,Mitras Centro,1,1,54.9,0.0
Mexico,2024-04-11,16,Monterrey,Apodaca Centro,8,6,328.9,0.0
Mexico,2024-04-11,16,Monterrey,Escobedo,8,7,329.6,0.0
Mexico,2024-04-11,16,Monterrey,Carretera Nacional,4,3,163.9,0.0
Mexico,2024-04-11,16,Monterrey,MTY_Apodaca_Huinalá,2,4,226.9,0.0
Mexico,2024-04-11,16,Monterrey,San Nicolás,10,7,378.9,0.0
Mexico,2024-04-11,16,Monterrey,Santa Catarina,5,4,219.4,0.0
Mexico,2024-04-11,16,Monterrey,San Pedro,1,3,161.5,0.0
Mexico,2024-04-11,16,Monterrey,Cumbres Poniente,6,3,179.7,0.0
Mexico,2024-04-11,16,Monterrey,La Fe,5,7,416.1,0.0
Mexico,2024-04-11,16,Monterrey,MTY_Guadalupe,9,8,395.7,0.0
Mexico,2024-04-11,16,Monterrey,Independencia,2,3,167.4,0.0
Mexico,2024-04-11,16,Monterrey,Tec,4,5,243.0,0.0
Mexico,2024-04-11,17,Monterrey,Centro,8,6,322.9,0.0
Mexico,2024-04-11,17,Monterrey,Mitras Centro,7,5,247.6,0.0
Mexico,2024-04-11,17,Monterrey,Apodaca Centro,1,2,94.9,0.0
Mexico,2024-04-11,17,Monterrey,Escobedo,8,10,566.7,0.0
Mexico,2024-04-11,17,Monterrey,Carretera Nacional,5,4,194.4,0.0
Mexico,2024-04-11,17,Monterrey,MTY_Apodaca_Huinalá,4,4,229.7,0.0
Mexico,2024-04-11,17,Monterrey,San Nicolás,8,8,392.6,0.0
Mexico,2024-04-11,17,Monterrey,Santa Catarina,3,4,228.1,0.0
Mexico,2024-04-11,17,Monterrey,San Pedro,7,6,343.3,0.0
Mexico,2024-04-11,17,Monterrey,Cumbres Poniente,7,4,186.6,0.0
Mexico,2024-04-11,17,Monterrey,La Fe,9,8,447.6,0.0
Mexico,2024-04-11,17,Monterrey,MTY_Guadalupe,1,3,178.7,0.0
Mexico,2024-04-11,17,Monterrey,Independencia,2,4,214.8,0.0
Mexico,2024-04-11,17,Monterrey,Tec,4,4,222.0,0.0
Mexico,2024-04-11,18,Monterrey,Centro,3,5,228.6,0.0
Mexico,2024-04-11,18,Monterrey,Mitras Centro,7,4,180.9,0.0
Mexico,2024-04-11,18,Monterrey,Apodaca Centro,4,4,199.7,0.0
Mexico,2024-04-11,18,Monterrey,Escobedo,5,5,265.5,0.0
Mexico,2024-04-11,18,Monterrey,Carretera Nacional,6,3,176.6,0.0
Mexico,2024-04-11,18,Monterrey,MTY_Apodaca_Huinalá,7,6,356.5,0.0
Mexico,2024-04-11,18,Monterrey,San Nicolás,6,5,284.6,0.0
Mexico,2024-04-11,18,Monterrey,Santa Catarina,6,6,330.3,0.0
Mexico,2024-04-11,18,Monterrey,San Pedro,3,3,178.5,0.0
Mexico,2024-04-11,18,Monterrey,Cumbres Poniente,9,6,273.2,0.0
Mexico,2024-04-11,18,Monterrey,La Fe,4,2,92.2,0.0
Mexico,2024-04-11,18,Monterrey,MTY_Guadalupe,6,3,153.3,0.0
Mexico,2024-04-11,18,Monterrey,Independencia,9,6,336.5,0.0
Mexico,2024-04-11,18,Monterrey,Tec,7,5,253.9,0.0
Mexico,2024-04-11,19,Monterrey,Centro,14,14,794.1,0.0
Mexico,2024-04-11,19,Monterrey,Mitras Centro,17,16,749.6,0.0
Mexico,2024-04-11,19,Monterrey,Apodaca Centro,5,6,335.5,0.0
Mexico,2024-04-11,19,Monterrey,Escobedo,5,7,339.0,0.0
Mexico,2024-04-11,19,Monterrey,Carretera Nacional,10,11,577.5,0.0
Mexico,2024-04-11,19,Monterrey,MTY_Apodaca_Huinalá,13,13,646.9,0.0
Mexico,2024-04-11,19,Monterrey,San Nicolás,19,16,938.2,0.0
Mexico,2024-04-11,19,Monterrey,Santa Catarina,11,9,459.0,0.0
Mexico,2024-04-11,19,Monterrey,San Pedro,11,10,534.8,0.0
Mexico,2024-04-11,19,Monterrey,Cumbres Poniente,9,11,511.9,0.0
Mexico,2024-04-11,19,Monterrey,La Fe,10,7,385.5,0.0
Mexico,2024-04-11,19,Monterrey,MTY_Guadalupe,9,10,538.9,0.0
Mexico,2024-04-11,19,Monterrey,Independencia,10,10,550.0,0.0
Mexico,2024-04-11,19,Monterrey,Tec,4,6,276.4,0.0
Mexico,2024-04-11,20,Monterrey,Centro,11,8,465.9,0.0
Mexico,2024-04-11,20,Monterrey,Mitras Centro,22,20,1099.5,0.0
Mexico,2024-04-11,20,Monterrey,Apodaca Centro,8,8,455.2,0.0
Mexico,2024-04-11,20,Monterrey,Escobedo,11,12,569.9,0.0
Mexico,2024-04-11,20,Monterrey,Carretera Nacional,22,19,913.0,0.0
Mexico,2024-04-11,20,Monterrey,MTY_Apodaca_Huinalá,6,8,360.7,0.0
Mexico,2024-04-11,20,Monterrey,San Nicolás,12,10,461.1,0.0
Mexico,2024-04-11,20,Monterrey,Santa Catarina,11,10,532.5,0.0
Mexico,2024-04-11,20,Monterrey,San Pedro,14,11,594.6,0.0
Mexico,2024-04-11,20,Monterrey,Cumbres Poniente,9,9,499.4,0.0
Mexico,2024-04-11,20,Monterrey,La Fe,8,9,499.7,0.0
Mexico,2024-04-11,20,Monterrey,MTY_Guadalupe,9,8,470.4,0.0
Mexico,2024-04-11,20,Monterrey,Independencia,6,5,283.1,0.0
Mexico,2024-04-11,20,Monterrey,Tec,10,7,398.1,0.0
Mexico,2024-04-11,21,Monterrey,Centro,9,8,479.1,0.0
Mexico,2024-04-11,21,Monterrey,Mitras Centro,7,9,423.6,0.0
Mexico,2024-04-11,21,Monterrey,Apodaca Centro,2,2,105.3,0.0
Mexico,2024-04-11,21,Monterrey,Escobedo,11,11,548.3,0.0
Mexico,2024-04-11,21,Monterrey,Carretera Nacional,11,9,472.0,0.0
Mexico,2024-04-11,21,Monterrey,MTY_Apodaca_Huinalá,8,7,323.6,0.0
Mexico,2024-04-11,21,Monterrey,San Nicolás,18,18,918.7,0.0
Mexico,2024-04-11,21,Monterrey,Santa Catarina,7,9,509.9,0.0
Mexico,2024-04-11,21,Monterrey,San Pedro,4,6,317.6,0.0
Mexico,2024-04-11,21,Monterrey,Cumbres Poniente,12,9,459.8,0.0
Mexico,2024-04-11,21,Monterrey,La Fe,10,11,517.0,0.0
Mexico,2024-04-11,21,Monterrey,MTY_Guadalupe,10,11,497.2,0.0
Mexico,2024-04-11,21,Monterrey,Independencia,8,8,439.0,0.0
Mexico,2024-04-11,21,Monterrey,Tec,17,14,647.4,0.0
Mexico,2024-04-11,22,Monterrey,Centro,5,6,292.3,0.0
Mexico,2024-04-11,22,Monterrey,Mitras Centro,9,8,468.3,0.0
Mexico,2024-04-11,22,Monterrey,Apodaca Centro,5,5,253.8,0.0
Mexico,2024-04-11,22,Monterrey,Escobedo,6,5,235.7,0.0
Mexico,2024-04-11,22,Monterrey,Carretera Nacional,6,6,355.8,0.0
Mexico,2024-04-11,22,Monterrey,MTY_Apodaca_Huinalá,7,5,297.8,0.0
Mexico,2024-04-11,22,Monterrey,San Nicolás,7,4,217.0,0.0
Mexico,2024-04-11,22,Monterrey,Santa Catarina,4,4,222.5,0.0
Mexico,2024-04-11,22,Monterrey,San Pedro,7,4,215.0,0.0
Mexico,2024-04-11,22,Monterrey,Cumbres Poniente,8,6,354.7,0.0
Mexico,2024-04-11,22,Monterrey,La Fe,5,5,292.3,0.0
Mexico,2024-04-11,22,Monterrey,MTY_Guadalupe,6,4,219.4,0.0
Mexico,2024-04-11,22,Monterrey,Independencia,4,3,136.1,0.0
Mexico,2024-04-11,22,Monterrey,Tec,2,3,172.7,0.0
Mexico,2024-04-11,23,Monterrey,Centro,4,2,117.3,0.5
Mexico,2024-04-11,23,Monterrey,Mitras Centro,4,6,320.3,0.5
Mexico,2024-04-11,23,Monterrey,Apodaca Centro,2,2,91.3,0.5
Mexico,2024-04-11,23,Monterrey,Escobedo,6,4,218.9,0.5
Mexico,2024-04-11,23,Monterrey,Carretera Nacional,3,5,231.7,0.5
Mexico,2024-04-11,23,Monterrey,MTY_Apodaca_Huinalá,5,5,285.1,0.5
Mexico,2024-04-11,23,Monterrey,San Nicolás,1,1,57.7,0.5
Mexico,2024-04-11,23,Monterrey,Santa Catarina,13,11,650.9,0.5
Mexico,2024-04-11,23,Monterrey,San Pedro,6,4,210.8,0.5
Mexico,2024-04-11,23,Monterrey,Cumbres Poniente,3,4,221.8,0.5
Mexico,2024-04-11,23,Monterrey,La Fe,4,5,298.4,0.5
Mexico,2024-04-11,23,Monterrey,MTY_Guadalupe,4,2,102.4,0.5
Mexico,2024-04-11,23,Monterrey,Independencia,7,4,204.9,0.5
Mexico,2024-04-11,23,Monterrey,Tec,3,3,158.8,0.5
Mexico,2024-04-12,0,Monterrey,Centro,7,4,213.4,0.0
Mexico,2024-04-12,0,Monterrey,Mitras Centro,3,3,136.9,0.0
Mexico,2024-04-12,0,Monterrey,Apodaca Centro,8,6,323.9,0.0
Mexico,2024-04-12,0,Monterrey,Escobedo,6,6,307.0,0.0
Mexico,2024-04-12,0,Monterrey,Carretera Nacional,4,5,262.8,0.0
Mexico,2024-04-12,0,Monterrey,MTY_Apodaca_Huinalá,1,2,108.1,0.0
Mexico,2024-04-12,0,Monterrey,San Nicolás,8,6,284.5,0.0
Mexico,2024-04-12,0,Monterrey,Santa Catarina,1,3,176.4,0.0
Mexico,2024-04-12,0,Monterrey,San Pedro,3,5,226.5,0.0
Mexico,2024-04-12,0,Monterrey,Cumbres Poniente,9,6,303.3,0.0
Mexico,2024-04-12,0,Monterrey,La Fe,1,0,0.0,0.0
Mexico,2024-04-12,0,Monterrey,MTY_Guadalupe,3,5,226.7,0.0
Mexico,2024-04-12,0,Monterrey,Independencia,9,6,356.7,0.0
Mexico,2024-04-12,0,Monterrey,Tec,6,8,396.6,0.0
Mexico,2024-04-12,1,Monterrey,Centro,6,6,291.4,0.0
Mexico,2024-04-12,1,Monterrey,Mitras Centro,6,5,278.6,0.0
Mexico,2024-04-12,1,Monterrey,Apodaca Centro,5,5,278.0,0.0
Mexico,2024-04-12,1,Monterrey,Escobedo,3,5,248.9,0.0
Mexico,2024-04-12,1,Monterrey,Carretera Nacional,3,2,105.6,0.0
Mexico,2024-04-12,1,Monterrey,MTY_Apodaca_Huinalá,3,4,182.8,0.0
Mexico,2024-04-12,1,Monterrey,San Nicolás,8,6,318.0,0.0
Mexico,2024-04-12,1,Monterrey,Santa Catarina,1,2,112.2,0.0
Mexico,2024-04-12,1,Monterrey,San Pedro,3,4,229.9,0.0
Mexico,2024-04-12,1,Monterrey,Cumbres Poniente,6,6,291.4,0.0
Mexico,2024-04-12,1,Monterrey,La Fe,6,3,160.9,0.0
Mexico,2024-04-12,1,Monterrey,MTY_Guadalupe,5,6,303.5,0.0
Mexico,2024-04-12,1,Monterrey,Independencia,2,3,146.0,0.0
Mexico,2024-04-12,1,Monterrey,Tec,2,3,149.6,0.0
Mexico,2024-04-12,2,Monterrey,Centro,2,4,194.0,0.0
Mexico,2024-04-12,2,Monterrey,Mitras Centro,3,4,190.3,0.0
Mexico,2024-04-12,2,Monterrey,Apodaca Centro,8,5,272.6,0.0
Mexico,2024-04-12,2,Monterrey,Escobedo,6,3,152.3,0.0
Mexico,2024-04-12,2,Monterrey,Carretera Nacional,7,8,374.0,0.0
Mexico,2024-04-12,2,Monterrey,MTY_Apodaca_Huinalá,4,4,226.8,0.0
Mexico,2024-04-12,2,Monterrey,San Nicolás,6,5,291.0,0.0
Mexico,2024-04-12,2,Monterrey,Santa Catarina,2,3,151.2,0.0
Mexico,2024-04-12,2,Monterrey,San Pedro,2,4,192.0,0.0
Mexico,2024-04-12,2,Monterrey,Cumbres Poniente,2,1,57.4,0.0
Mexico,2024-04-12,2,Monterrey,La Fe,7,6,335.1,0.0
Mexico,2024-04-12,2,Monterrey,MTY_Guadalupe,9,7,331.9,0.0
Mexico,2024-04-12,2,Monterrey,Independencia,9,7,355.3,0.0
Mexico,2024-04-12,2,Monterrey,Tec,7,4,191.9,0.0
Mexico,2024-04-12,3,Monterrey,Centro,8,8,406.3,0.0
Mexico,2024-04-12,3,Monterrey,Mitras Centro,8,6,348.4,0.0
Mexico,2024-04-12,3,Monterrey,Apodaca Centro,8,6,325.4,0.0
Mexico,2024-04-12,3,Monterrey,Escobedo,4,6,339.3,0.0
Mexico,2024-04-12,3,Monterrey,Carretera Nacional,4,4,186.9,0.0
Mexico,2024-04-12,3,Monterrey,MTY_Apodaca_Huinalá,8,5,297.5,0.0
Mexico,2024-04-12,3,Monterrey,San Nicolás,7,5,270.4,0.0
Mexico,2024-04-12,3,Monterrey,Santa Catarina,4,3,160.8,0.0
Mexico,2024-04-12,3,Monterrey,San Pedro,8,5,233.5,0.0
Mexico,2024-04-12,3,Monterrey,Cumbres Poniente,6,3,139.8,0.0
Mexico,2024-04-12,3,Monterrey,La Fe,1,2,120.0,0.0
Mexico,2024-04-12,3,Monterrey,MTY_Guadalupe,7,5,280.5,0.0
Mexico,2024-04-12,3,Monterrey,Independencia,6,4,222.5,0.0
Mexico,2024-04-12,3,Monterrey,Tec,2,3,152.1,0.0
Mexico,2024-04-12,4,Monterrey,Centro,8,7,402.3,0.0
Mexico,2024-04-12,4,Monterrey,Mitras Centro,4,3,160.9,0.0
Mexico,2024-04-12,4,Monterrey,Apodaca Centro,7,7,398.3,0.0
Mexico,2024-04-12,4,Monterrey,Escobedo,7,7,334.7,0.0
Mexico,2024-04-12,4,Monterrey,Carretera Nacional,4,6,347.4,0.0
Mexico,2024-04-12,4,Monterrey,MTY_Apodaca_Huinalá,5,3,167.9,0.0
Mexico,2024-04-12,4,Monterrey,San Nicolás,4,2,93.7,0.0
Mexico,2024-04-12,4,Monterrey,Santa Catarina,5,6,334.8,0.0
Mexico,2024-04-12,4,Monterrey,San Pedro,10,10,588.3,0.0
Mexico,2024-04-12,4,Monterrey,Cumbres Poniente,6,7,385.4,0.0
Mexico,2024-04-12,4,Monterrey,La Fe,6,5,248.3,0.0
Mexico,2024-04-12,4,Monterrey,MTY_Guadalupe,6,6,279.9,0.0
Mexico,2024-04-12,4,Monterrey,Independencia,8,6,352.2,0.0
Mexico,2024-04-12,4,Monterrey,Tec,7,5,246.6,0.0
Mexico,2024-04-12,5,Monterrey,Centro,10,9,452.6,0.0
Mexico,2024-04-12,5,Monterrey,Mitras Centro,4,4,195.8,0.0
Mexico,2024-04-12,5,Monterrey,Apodaca Centro,6,6,334.2,0.0
Mexico,2024-04-12,5,Monterrey,Escobedo,5,2,98.0,0.0
Mexico,2024-04-12,5,Monterrey,Carretera Nacional,5,6,324.3,0.0
Mexico,2024-04-12,5,Monterrey,MTY_Apodaca_Huinalá,7,4,181.2,0.0
Mexico,2024-04-12,5,Monterrey,San Nicolás,5,5,292.9,0.0
Mexico,2024-04-12,5,Monterrey,Santa Catarina,7,8,436.3,0.0
Mexico,2024-04-12,5,Monterrey,San Pedro,6,4,235.1,0.0
Mexico,2024-04-12,5,Monterrey,Cumbres Poniente,1,2,115.8,0.0
Mexico,2024-04-12,5,Monterrey,La Fe,1,3,175.1,0.0
Mexico,2024-04-12,5,Monterrey,MTY_Guadalupe,3,3,168.1,0.0
Mexico,2024-04-12,5,Monterrey,Independencia,3,4,202.6,0.0
Mexico,2024-04-12,5,Monterrey,Tec,5,6,331.4,0.0
Mexico,2024-04-12,6,Monterrey,Centro,8,6,281.1,0.0
Mexico,2024-04-12,6,Monterrey,Mitras Centro,4,6,322.1,0.0
Mexico,2024-04-12,6,Monterrey,Apodaca Centro,6,6,281.6,0.0
Mexico,2024-04-12,6,Monterrey,Escobedo,3,4,223.9,0.0
Mexico,2024-04-12,6,Monterrey,Carretera Nacional,7,8,393.5,0.0
Mexico,2024-04-12,6,Monterrey,MTY_Apodaca_Huinalá,4,6,271.3,0.0
Mexico,2024-04-12,6,Monterrey,San Nicolás,6,7,358.3,0.0
Mexico,2024-04-12,6,Monterrey,Santa Catarina,6,6,279.8,0.0
Mexico,2024-04-12,6,Monterrey,San Pedro,7,7,375.6,0.0
Mexico,2024-04-12,6,Monterrey,Cumbres Poniente,3,3,174.8,0.0
Mexico,2024-04-12,6,Monterrey,La Fe,6,4,199.2,0.0
Mexico,2024-04-12,6,Monterrey,MTY_Guadalupe,4,2,105.3,0.0
Mexico,2024-04-12,6,Monterrey,Independencia,1,3,147.0,0.0
Mexico,2024-04-12,6,Monterrey,Tec,5,4,217.8,0.0
Mexico,2024-04-12,7,Monterrey,Centro,5,4,229.2,0.0
Mexico,2024-04-12,7,Monterrey,Mitras Centro,3,3,173.9,0.0
Mexico,2024-04-12,7,Monterrey,Apodaca Centro,3,5,286.9,0.0
Mexico,2024-04-12,7,Monterrey,Escobedo,10,7,350.2,0.0
Mexico,2024-04-12,7,Monterrey,Carretera Nacional,4,3,156.8,0.0
Mexico,2024-04-12,7,Monterrey,MTY_Apodaca_Huinalá,7,6,343.3,0.0
Mexico,2024-04-12,7,Monterrey,San Nicolás,6,5,273.7,0.0
Mexico,2024-04-12,7,Monterrey,Santa Catarina,7,4,188.2,0.0
Mexico,2024-04-12,7,Monterrey,San Pedro,8,10,546.0,0.0
Mexico,2024-04-12,7,Monterrey,Cumbres Poniente,10,7,388.0,0.0
Mexico,2024-04-12,7,Monterrey,La Fe,2,3,138.9,0.0
Mexico,2024-04-12,7,Monterrey,MTY_Guadalupe,3,0,0.0,0.0
Mexico,2024-04-12,7,Monterrey,Independencia,8,6,327.8,0.0
Mexico,2024-04-12,7,Monterrey,Tec,5,7,328.3,0.0
Mexico,2024-04-12,8,Monterrey,Centro,7,4,195.9,0.0
Mexico,2024-04-12,8,Monterrey,Mitras Centro,7,5,249.5,0.0
Mexico,2024-04-12,8,Monterrey,Apodaca Centro,6,6,315.9,0.0
Mexico,2024-04-12,8,Monterrey,Escobedo,3,2,118.6,0.0
Mexico,2024-04-12,8,Monterrey,Carretera Nacional,1,1,56.7,0.0
Mexico,2024-04-12,8,Monterrey,MTY_Apodaca_Huinalá,4,5,249.9,0.0
Mexico,2024-04-12,8,Monterrey,San Nicolás,9,10,558.5,0.0
Mexico,2024-04-12,8,Monterrey,Santa Catarina,3,1,48.4,0.0
Mexico,2024-04-12,8,Monterrey,San Pedro,1,1,52.3,0.0
Mexico,2024-04-12,8,Monterrey,Cumbres Poniente,5,6,320.7,0.0
Mexico,2024-04-12,8,Monterrey,La Fe,4,5,287.5,0.0
Mexico,2024-04-12,8,Monterrey,MTY_Guadalupe,3,5,264.4,0.0
Mexico,2024-04-12,8,Monterrey,Independencia,4,6,274.1,0.0
Mexico,2024-04-12,8,Monterrey,Tec,4,2,97.7,0.0
Mexico,2024-04-12,9,Monterrey,Centro,8,6,345.7,0.0
Mexico,2024-04-12,9,Monterrey,Mitras Centro,10,9,463.6,0.0
Mexico,2024-04-12,9,Monterrey,Apodaca Centro,9,6,309.2,0.0
Mexico,2024-04-12,9,Monterrey,Escobedo,6,3,144.6,0.0
Mexico,2024-04-12,9,Monterrey,Carretera Nacional,1,2,111.0,0.0
Mexico,2024-04-12,9,Monterrey,MTY_Apodaca_Huinalá,5,6,281.8,0.0
Mexico,2024-04-12,9,Monterrey,San Nicolás,3,3,149.2,0.0
Mexico,2024-04-12,9,Monterrey,Santa Catarina,7,5,254.4,0.0
Mexico,2024-04-12,9,Monterrey,San Pedro,5,4,220.5,0.0
Mexico,2024-04-12,9,Monterrey,Cumbres Poniente,6,3,177.6,0.0
Mexico,2024-04-12,9,Monterrey,La Fe,9,8,395.0,0.0
Mexico,2024-04-12,9,Monterrey,MTY_Guadalupe,4,5,293.1,0.0
Mexico,2024-04-12,9,Monterrey,Independencia,4,3,149.1,0.0
Mexico,2024-04-12,9,Monterrey,Tec,6,6,305.6,0.0
Mexico,2024-04-12,10,Monterrey,Centro,4,3,137.4,0.0
Mexico,2024-04-12,10,Monterrey,Mitras Centro,10,8,432.3,0.0
Mexico,2024-04-12,10,Monterrey,Apodaca Centro,3,1,50.5,0.0
Mexico,2024-04-12,10,Monterrey,Escobedo,4,4,187.0,0.0
Mexico,2024-04-12,10,Monterrey,Carretera Nacional,7,6,289.1,0.0
Mexico,2024-04-12,10,Monterrey,MTY_Apodaca_Huinalá,8,8,437.3,0.0
Mexico,2024-04-12,10,Monterrey,San Nicolás,4,6,333.0,0.0
Mexico,2024-04-12,10,Monterrey,Santa Catarina,7,4,185.6,0.0
Mexico,2024-04-12,10,Monterrey,San Pedro,7,4,212.6,0.0
Mexico,2024-04-12,10,Monterrey,Cumbres Poniente,4,4,223.9,0.0
Mexico,2024-04-12,10,Monterrey,La Fe,7,6,279.1,0.0
Mexico,2024-04-12,10,Monterrey,MTY_Guadalupe,5,7,383.7,0.0
Mexico,2024-04-12,10,Monterrey,Independencia,10,7,359.9,0.0
Mexico,2024-04-12,10,Monterrey,Tec,7,6,352.6,0.0
Mexico,2024-04-12,11,Monterrey,Centro,3,5,284.9,0.0
Mexico,2024-04-12,11,Monterrey,Mitras Centro,8,6,338.7,0.0
Mexico,2024-04-12,11,Monterrey,Apodaca Centro,5,4,190.5,0.0
Mexico,2024-04-12,11,Monterrey,Escobedo,6,5,284.3,0.0
Mexico,2024-04-12,11,Monterrey,Carretera Nacional,4,3,165.9,0.0
Mexico,2024-04-12,11,Monterrey,MTY_Apodaca_Huinalá,4,3,174.2,0.0
Mexico,2024-04-12,11,Monterrey,San Nicolás,7,5,259.5,0.0
Mexico,2024-04-12,11,Monterrey,Santa Catarina,5,6,333.5,0.0
Mexico,2024-04-12,11,Monterrey,San Pedro,1,2,90.3,0.0
Mexico,2024-04-12,11,Monterrey,Cumbres Poniente,6,6,338.1,0.0
Mexico,2024-04-12,11,Monterrey,La Fe,2,2,111.4,0.0
Mexico,2024-04-12,11,Monterrey,MTY_Guadalupe,1,2,95.8,0.0
Mexico,2024-04-12,11,Monterrey,Independencia,9,6,337.4,0.0
Mexico,2024-04-12,11,Monterrey,Tec,2,4,225.8,0.0
Mexico,2024-04-12,12,Monterrey,Centro,5,2,103.6,0.0
Mexico,2024-04-12,12,Monterrey,Mitras Centro,6,6,298.0,0.0
Mexico,2024-04-12,12,Monterrey,Apodaca Centro,5,4,195.4,0.0
Mexico,2024-04-12,12,Monterrey,Escobedo,7,9,462.7,0.0
Mexico,2024-04-12,12,Monterrey,Carretera Nacional,5,5,275.3,0.0
Mexico,2024-04-12,12,Monterrey,MTY_Apodaca_Huinalá,5,4,215.5,0.0
Mexico,2024-04-12,12,Monterrey,San Nicolás,6,4,213.9,0.0
Mexico,2024-04-12,12,Monterrey,Santa Catarina,7,5,292.5,0.0
Mexico,2024-04-12,12,Monterrey,San Pedro,8,6,291.1,0.0
Mexico,2024-04-12,12,Monterrey,Cumbres Poniente,7,6,320.7,0.0
Mexico,2024-04-12,12,Monterrey,La Fe,5,6,273.2,0.0
Mexico,2024-04-12,12,Monterrey,MTY_Guadalupe,9,7,323.3,0.0
Mexico,2024-04-12,12,Monterrey,Independencia,6,7,384.0,0.0
Mexico,2024-04-12,12,Monterrey,Tec,2,4,226.4,0.0
Mexico,2024-04-12,13,Monterrey,Centro,13,11,569.2,0.0
Mexico,2024-04-12,13,Monterrey,Mitras Centro,9,11,613.4,0.0
Mexico,2024-04-12,13,Monterrey,Apodaca Centro,13,13,613.8,0.0
Mexico,2024-04-12,13,Monterrey,Escobedo,8,8,436.8,0.0
Mexico,2024-04-12,13,Monterrey,Carretera Nacional,8,9,408.4,0.0
Mexico,2024-04-12,13,Monterrey,MTY_Apodaca_Huinalá,13,11,609.5,0.0
Mexico,2024-04-12,13,Monterrey,San Nicolás,11,9,496.0,0.0
Mexico,2024-04-12,13,Monterrey,Santa Catarina,6,6,354.9,0.0
Mexico,2024-04-12,13,Monterrey,San Pedro,10,8,466.7,0.0
Mexico,2024-04-12,13,Monterrey,Cumbres Poniente,3,4,206.9,0.0
Mexico,2024-04-12,13,Monterrey,La Fe,12,11,618.9,0.0
Mexico,2024-04-12,13,Monterrey,MTY_Guadalupe,14,13,772.3,0.0
Mexico,2024-04-12,13,Monterrey,Independencia,7,9,516.1,0.0
Mexico,2024-04-12,13,Monterrey,Tec,6,7,373.7,0.0
Mexico,2024-04-12,14,Monterrey,Centro,12,9,500.2,0.0
Mexico,2024-04-12,14,Monterrey,Mitras Centro,10,11,592.1,0.0
Mexico,2024-04-12,14,Monterrey,Apodaca Centro,13,10,581.4,0.0
Mexico,2024-04-12,14,Monterrey,Escobedo,11,11,594.0,0.0
Mexico,2024-04-12,14,Monterrey,Carretera Nacional,13,12,645.2,0.0
Mexico,2024-04-12,14,Monterrey,MTY_Apodaca_Huinalá,6,8,363.0,0.0
Mexico,2024-04-12,14,Monterrey,San Nicolás,8,5,293.7,0.0
Mexico,2024-04-12,14,Monterrey,Santa Catarina,11,8,477.5,0.0
Mexico,2024-04-12,14,Monterrey,San Pedro,6,6,343.5,0.0
Mexico,2024-04-12,14,Monterrey,Cumbres Poniente,6,4,187.2,0.0
Mexico,2024-04-12,14,Monterrey,La Fe,13,11,529.6,0.0
Mexico,2024-04-12,14,Monterrey,MTY_Guadalupe,9,9,457.3,0.0
Mexico,2024-04-12,14,Monterrey,Independencia,15,14,770.1,0.0
Mexico,2024-04-12,14,Monterrey,Tec,7,7,320.5,0.0
Mexico,2024-04-12,15,Monterrey,Centro,1,3,160.3,2.5
Mexico,2024-04-12,15,Monterrey,Mitras Centro,3,7,329.8,2.5
Mexico,2024-04-12,15,Monterrey,Apodaca Centro,6,7,392.7,2.5
Mexico,2024-04-12,15,Monterrey,Escobedo,6,9,510.3,2.5
Mexico,2024-04-12,15,Monterrey,Carretera Nacional,2,4,183.4,2.5
Mexico,2024-04-12,15,Monterrey,MTY_Apodaca_Huinalá,3,3,165.8,2.5
Mexico,2024-04-12,15,Monterrey,San Nicolás,1,4,206.9,2.5
Mexico,2024-04-12,15,Monterrey,Santa Catarina,1,5,274.9,2.5
Mexico,2024-04-12,15,Monterrey,San Pedro,7,7,327.4,2.5
Mexico,2024-04-12,15,Monterrey,Cumbres Poniente,6,7,415.0,2.5
Mexico,2024-04-12,15,Monterrey,La Fe,8,8,397.6,2.5
Mexico,2024-04-12,15,Monterrey,MTY_Guadalupe,6,10,461.0,2.5
Mexico,2024-04-12,15,Monterrey,Independencia,2,3,157.9,2.5
Mexico,2024-04-12,15,Monterrey,Tec,1,5,287.1,2.5
Mexico,2024-04-12,16,Monterrey,Centro,2,4,237.3,0.0
Mexico,2024-04-12,16,Monterrey,Mitras Centro,10,10,597.0,0.0
Mexico,2024-04-12,16,Monterrey,Apodaca Centro,8,7,367.1,0.0
Mexico,2024-04-12,16,Monterrey,Escobedo,4,6,320.5,0.0
Mexico,2024-04-12,16,Monterrey,Carretera Nacional,11,9,409.6,0.0
Mexico,2024-04-12,16,Monterrey,MTY_Apodaca_Huinalá,4,5,229.0,0.0
Mexico,2024-04-12,16,Monterrey,San Nicolás,2,4,204.3,0.0
Mexico,2024-04-12,16,Monterrey,Santa Catarina,5,5,250.0,0.0
Mexico,2024-04-12,16,Monterrey,San Pedro,5,5,276.7,0.0
Mexico,2024-04-12,16,Monterrey,Cumbres Poniente,1,0,0.0,0.0
Mexico,2024-04-12,16,Monterrey,La Fe,7,6,282.2,0.0
Mexico,2024-04-12,16,Monterrey,MTY_Guadalupe,1,3,173.5,0.0
Mexico,2024-04-12,16,Monterrey,Independencia,2,4,202.1,0.0
Mexico,2024-04-12,16,Monterrey,Tec,5,4,203.7,0.0
Mexico,2024-04-12,17,Monterrey,Centro,3,4,233.4,0.0
Mexico,2024-04-12,17,Monterrey,Mitras Centro,4,3,154.0,0.0
Mexico,2024-04-12,17,Monterrey,Apodaca Centro,1,3,164.1,0.0
Mexico,2024-04-12,17,Monterrey,Escobedo,2,4,181.4,0.0
Mexico,2024-04-12,17,Monterrey,Carretera Nacional,1,1,49.5,0.0
Mexico,2024-04-12,17,Monterrey,MTY_Apodaca_Huinalá,7,4,211.9,0.0
Mexico,2024-04-12,17,Monterrey,San Nicolás,6,6,271.2,0.0
Mexico,2024-04-12,17,Monterrey,Santa Catarina,4,6,343.4,0.0
Mexico,2024-04-12,17,Monterrey,San Pedro,3,4,216.9,0.0
Mexico,2024-04-12,17,Monterrey,Cumbres Poniente,2,3,159.5,0.0
Mexico,2024-04-12,17,Monterrey,La Fe,7,6,320.8,0.0
Mexico,2024-04-12,17,Monterrey,MTY_Guadalupe,1,2,90.9,0.0
Mexico,2024-04-12,17,Monterrey,Independencia,2,4,216.4,0.0
Mexico,2024-04-12,17,Monterrey,Tec,6,6,290.3,0.0
Mexico,2024-04-12,18,Monterrey,Centro,9,8,408.8,0.0
Mexico,2024-04-12,18,Monterrey,Mitras Centro,7,4,225.4,0.0
Mexico,2024-04-12,18,Monterrey,Apodaca Centro,8,5,263.7,0.0
Mexico,2024-04-12,18,Monterrey,Escobedo,7,5,257.0,0.0
Mexico,2024-04-12,18,Monterrey,Carretera Nacional,4,5,233.7,0.0
Mexico,2024-04-12,18,Monterrey,MTY_Apodaca_Huinalá,9,7,372.9,0.0
Mexico,2024-04-12,18,Monterrey,San Nicolás,4,6,332.6,0.0
Mexico,2024-04-12,18,Monterrey,Santa Catarina,5,3,153.5,0.0
Mexico,2024-04-12,18,Monterrey,San Pedro,9,6,308.0,0.0
Mexico,2024-04-12,18,Monterrey,Cumbres Poniente,8,6,305.6,0.0
Mexico,2024-04-12,18,Monterrey,La Fe,4,5,265.6,0.0
Mexico,2024-04-12,18,Monterrey,MTY_Guadalupe,5,4,226.9,0.0
Mexico,2024-04-12,18,Monterrey,Independencia,1,2,105.5,0.0
Mexico,2024-04-12,18,Monterrey,Tec,1,2,92.1,0.0
Mexico,2024-04-12,19,Monterrey,Centro,8,6,299.6,0.5
Mexico,2024-04-12,19,Monterrey,Mitras Centro,1,2,92.5,0.5
Mexico,2024-04-12,19,Monterrey,Apodaca Centro,13,11,497.4,0.5
Mexico,2024-04-12,19,Monterrey,Escobedo,12,13,655.7,0.5
Mexico,2024-04-12,19,Monterrey,Carretera Nacional,11,12,569.2,0.5
Mexico,2024-04-12,19,Monterrey,MTY_Apodaca_Huinalá,9,10,472.6,0.5
Mexico,2024-04-12,19,Monterrey,San Nicolás,14,11,499.1,0.5
Mexico,2024-04-12,19,Monterrey,Santa Catarina,15,13,674.6,0.5
Mexico,2024-04-12,19,Monterrey,San Pedro,11,11,614.6,0.5
Mexico,2024-04-12,19,Monterrey,Cumbres Poniente,8,7,372.4,0.5
Mexico,2024-04-12,19,Monterrey,La Fe,10,12,567.3,0.5
Mexico,2024-04-12,19,Monterrey,MTY_Guadalupe,15,17,874.4,0.5
Mexico,2024-04-12,19,Monterrey,Independencia,14,11,564.1,0.5
Mexico,2024-04-12,19,Monterrey,Tec,7,8,447.6,0.5
Mexico,2024-04-12,20,Monterrey,Centro,10,9,505.7,0.0
Mexico,2024-04-12,20,Monterrey,Mitras Centro,11,10,467.2,0.0
Mexico,2024-04-12,20,Monterrey,Apodaca Centro,8,8,465.6,0.0
Mexico,2024-04-12,20,Monterrey,Escobedo,17,17,1005.0,0.0
Mexico,2024-04-12,20,Monterrey,Carretera Nacional,9,9,485.6,0.0
Mexico,2024-04-12,20,Monterrey,MTY_Apodaca_Huinalá,9,11,507.9,0.0
Mexico,2024-04-12,20,Monterrey,San Nicolás,10,8,477.6,0.0
Mexico,2024-04-12,20,Monterrey,Santa Catarina,11,13,710.5,0.0
Mexico,2024-04-12,20,Monterrey,San Pedro,10,9,516.2,0.0
Mexico,2024-04-12,20,Monterrey,Cumbres Poniente,13,15,760.0,0.0
Mexico,2024-04-12,20,Monterrey,La Fe,15,13,759.5,0.0
Mexico,2024-04-12,20,Monterrey,MTY_Guadalupe,10,11,497.5,0.0
Mexico,2024-04-12,20,Monterrey,Independencia,9,9,508.8,0.0
Mexico,2024-04-12,20,Monterrey,Tec,8,5,266.9,0.0
Mexico,2024-04-12,21,Monterrey,Centro,19,16,808.7,0.0
Mexico,2024-04-12,21,Monterrey,Mitras Centro,11,9,531.6,0.0
Mexico,2024-04-12,21,Monterrey,Apodaca Centro,12,9,468.6,0.0
Mexico,2024-04-12,21,Monterrey,Escobedo,13,11,552.2,0.0
Mexico,2024-04-12,21,Monterrey,Carretera Nacional,12,9,523.1,0.0
Mexico,2024-04-12,21,Monterrey,MTY_Apodaca_Huinalá,9,8,429.1,0.0
Mexico,2024-04-12,21,Monterrey,San Nicolás,9,11,521.4,0.0
Mexico,2024-04-12,21,Monterrey,Santa Catarina,11,10,536.3,0.0
Mexico,2024-04-12,21,Monterrey,San Pedro,11,8,391.3,0.0
Mexico,2024-04-12,21,Monterrey,Cumbres Poniente,6,7,394.4,0.0
Mexico,2024-04-12,21,Monterrey,La Fe,10,10,541.8,0.0
Mexico,2024-04-12,21,Monterrey,MTY_Guadalupe,10,11,584.5,0.0
Mexico,2024-04-12,21,Monterrey,Independencia,11,10,502.0,0.0
Mexico,2024-04-12,21,Monterrey,Tec,8,8,441.0,0.0
Mexico,2024-04-12,22,Monterrey,Centro,12,10,547.6,0.0
Mexico,2024-04-12,22,Monterrey,Mitras Centro,7,6,335.5,0.0
Mexico,2024-04-12,22,Monterrey,Apodaca Centro,4,2,97.5,0.0
Mexico,2024-04-12,22,Monterrey,Escobedo,1,2,113.6,0.0
Mexico,2024-04-12,22,Monterrey,Carretera Nacional,3,2,91.4,0.0
Mexico,2024-04-12,22,Monterrey,MTY_Apodaca_Huinalá,8,5,260.9,0.0
Mexico,2024-04-12,22,Monterrey,San Nicolás,7,4,235.2,0.0
Mexico,2024-04-12,22,Monterrey,Santa Catarina,6,6,306.5,0.0
Mexico,2024-04-12,22,Monterrey,San Pedro,8,5,273.3,0.0
Mexico,2024-04-12,22,Monterrey,Cumbres Poniente,4,6,293.4,0.0
Mexico,2024-04-12,22,Monterrey,La Fe,9,9,473.8,0.0
Mexico,2024-04-12,22,Monterrey,MTY_Guadalupe,4,6,335.3,0.0
Mexico,2024-04-12,22,Monterrey,Independencia,5,4,187.8,0.0
Mexico,2024-04-12,22,Monterrey,Tec,4,5,266.2,0.0
Mexico,2024-04-12,23,Monterrey,Centro,3,5,240.7,5.0
Mexico,2024-04-12,23,Monterrey,Mitras Centro,7,7,400.9,5.0
Mexico,2024-04-12,23,Monterrey,Apodaca Centro,1,2,90.1,5.0
Mexico,2024-04-12,23,Monterrey,Escobedo,7,7,385.9,5.0
Mexico,2024-04-12,23,Monterrey,Carretera Nacional,3,7,383.8,5.0
Mexico,2024-04-12,23,Monterrey,MTY_Apodaca_Huinalá,2,7,416.6,5.0
Mexico,2024-04-12,23,Monterrey,San Nicolás,1,2,108.6,5.0
Mexico,2024-04-12,23,Monterrey,Santa Catarina,5,10,594.1,5.0
Mexico,2024-04-12,23,Monterrey,San Pedro,6,9,460.9,5.0
Mexico,2024-04-12,23,Monterrey,Cumbres Poniente,1,5,237.0,5.0
Mexico,2024-04-12,23,Monterrey,La Fe,1,5,251.0,5.0
Mexico,2024-04-12,23,Monterrey,MTY_Guadalupe,6,6,304.4,5.0
Mexico,2024-04-12,23,Monterrey,Independencia,3,6,288.0,5.0
Mexico,2024-04-12,23,Monterrey,Tec,1,6,280.6,5.0
Mexico,2024-04-13,0,Monterrey,Centro,6,4,187.6,0.0
Mexico,2024-04-13,0,Monterrey,Mitras Centro,5,4,180.9,0.0
Mexico,2024-04-13,0,Monterrey,Apodaca Centro,7,7,349.2,0.0
Mexico,2024-04-13,0,Monterrey,Escobedo,15,14,754.7,0.0
Mexico,2024-04-13,0,Monterrey,Carretera Nacional,7,8,459.3,0.0
Mexico,2024-04-13,0,Monterrey,MTY_Apodaca_Huinalá,7,6,343.6,0.0
Mexico,2024-04-13,0,Monterrey,San Nicolás,8,8,467.0,0.0
Mexico,2024-04-13,0,Monterrey,Santa Catarina,10,10,586.7,0.0
Mexico,2024-04-13,0,Monterrey,San Pedro,10,10,588.2,0.0
Mexico,2024-04-13,0,Monterrey,Cumbres Poniente,11,9,406.3,0.0
Mexico,2024-04-13,0,Monterrey,La Fe,7,6,340.6,0.0
Mexico,2024-04-13,0,Monterrey,MTY_Guadalupe,10,10,560.8,0.0
Mexico,2024-04-13,0,Monterrey,Independencia,8,6,355.5,0.0
Mexico,2024-04-13,0,Monterrey,Tec,6,8,475.7,0.0
Mexico,2024-04-13,1,Monterrey,Centro,15,12,659.0,0.0
Mexico,2024-04-13,1,Monterrey,Mitras Centro,10,10,463.6,0.0
Mexico,2024-04-13,1,Monterrey,Apodaca Centro,8,7,415.4,0.0
Mexico,2024-04-13,1,Monterrey,Escobedo,13,14,782.9,0.0
Mexico,2024-04-13,1,Monterrey,Carretera Nacional,7,4,229.0,0.0
Mexico,2024-04-13,1,Monterrey,MTY_Apodaca_Huinalá,3,5,234.8,0.0
Mexico,2024-04-13,1,Monterrey,San Nicolás,10,8,451.1,0.0
Mexico,2024-04-13,1,Monterrey,Santa Catarina,9,9,501.5,0.0
Mexico,2024-04-13,1,Monterrey,San Pedro,8,9,436.8,0.0
Mexico,2024-04-13,1,Monterrey,Cumbres Poniente,6,4,218.9,0.0
Mexico,2024-04-13,1,Monterrey,La Fe,14,11,629.7,0.0
Mexico,2024-04-13,1,Monterrey,MTY_Guadalupe,7,5,285.7,0.0
Mexico,2024-04-13,1,Monterrey,Independencia,4,6,309.9,0.0
Mexico,2024-04-13,1,Monterrey,Tec,11,12,629.8,0.0
Mexico,2024-04-13,2,Monterrey,Centro,8,5,257.2,0.0
Mexico,2024-04-13,2,Monterrey,Mitras Centro,8,7,350.1,0.0
Mexico,2024-04-13,2,Monterrey,Apodaca Centro,9,7,323.8,0.0
Mexico,2024-04-13,2,Monterrey,Escobedo,14,15,732.3,0.0
Mexico,2024-04-13,2,Monterrey,Carretera Nacional,4,3,142.8,0.0
Mexico,2024-04-13,2,Monterrey,MTY_Apodaca_Huinalá,8,7,357.4,0.0
Mexico,2024-04-13,2,Monterrey,San Nicolás,6,4,217.9,0.0
Mexico,2024-04-13,2,Monterrey,Santa Catarina,9,7,341.7,0.0
Mexico,2024-04-13,2,Monterrey,San Pedro,3,3,150.6,0.0
Mexico,2024-04-13,2,Monterrey,Cumbres Poniente,11,11,601.9,0.0
Mexico,2024-04-13,2,Monterrey,La Fe,5,6,309.0,0.0
Mexico,2024-04-13,2,Monterrey,MTY_Guadalupe,9,7,363.6,0.0
Mexico,2024-04-13,2,Monterrey,Independencia,4,3,145.9,0.0
Mexico,2024-04-13,2,Monterrey,Tec,6,5,248.1,0.0
Mexico,2024-04-13,3,Monterrey,Centro,11,13,600.0,0.0
Mexico,2024-04-13,3,Monterrey,Mitras Centro,7,9,409.8,0.0
Mexico,2024-04-13,3,Monterrey,Apodaca Centro,6,8,453.4,0.0
Mexico,2024-04-13,3,Monterrey,Escobedo,9,10,556.3,0.0
Mexico,2024-04-13,3,Monterrey,Carretera Nacional,10,12,680.1,0.0
Mexico,2024-04-13,3,Monterrey,MTY_Apodaca_Huinalá,6,8,366.7,0.0
Mexico,2024-04-13,3,Monterrey,San Nicolás,11,13,681.6,0.0
Mexico,2024-04-13,3,Monterrey,Santa Catarina,5,4,197.5,0.0
Mexico,2024-04-13,3,Monterrey,San Pedro,15,16,725.3,0.0
Mexico,2024-04-13,3,Monterrey,Cumbres Poniente,4,5,240.6,0.0
Mexico,2024-04-13,3,Monterrey,La Fe,12,9,414.9,0.0
Mexico,2024-04-13,3,Monterrey,MTY_Guadalupe,15,15,815.3,0.0
Mexico,2024-04-13,3,Monterrey,Independencia,6,6,302.0,0.0
Mexico,2024-04-13,3,Monterrey,Tec,8,8,429.3,0.0
Mexico,2024-04-13,4,Monterrey,Centro,7,7,375.8,0.0
Mexico,2024-04-13,4,Monterrey,Mitras Centro,3,5,237.5,0.0
Mexico,2024-04-13,4,Monterrey,Apodaca Centro,12,9,446.8,0.0
Mexico,2024-04-13,4,Monterrey,Escobedo,15,12,594.6,0.0
Mexico,2024-04-13,4,Monterrey,Carretera Nacional,6,5,246.4,0.0
Mexico,2024-04-13,4,Monterrey,MTY_Apodaca_Huinalá,9,8,419.4,0.0
Mexico,2024-04-13,4,Monterrey,San Nicolás,7,8,418.2,0.0
Mexico,2024-04-13,4,Monterrey,Santa Catarina,13,12,573.3,0.0
Mexico,2024-04-13,4,Monterrey,San Pedro,4,6,307.7,0.0
Mexico,2024-04-13,4,Monterrey,Cumbres Poniente,10,7,393.7,0.0
Mexico,2024-04-13,4,Monterrey,La Fe,7,7,400.5,0.0
Mexico,2024-04-13,4,Monterrey,MTY_Guadalupe,15,13,743.1,0.0
Mexico,2024-04-13,4,Monterrey,Independencia,12,9,530.7,0.0
Mexico,2024-04-13,4,Monterrey,Tec,7,9,448.1,0.0
Mexico,2024-04-13,5,Monterrey,Centro,7,8,455.7,0.0
Mexico,2024-04-13,5,Monterrey,Mitras Centro,14,11,606.0,0.0
Mexico,2024-04-13,5,Monterrey,Apodaca Centro,4,6,278.5,0.0
Mexico,2024-04-13,5,Monterrey,Escobedo,6,8,370.8,0.0
Mexico,2024-04-13,5,Monterrey,Carretera Nacional,11,8,399.9,0.0
Mexico,2024-04-13,5,Monterrey,MTY_Apodaca_Huinalá,11,9,461.4,0.0
Mexico,2024-04-13,5,Monterrey,San Nicolás,7,7,370.0,0.0
Mexico,2024-04-13,5,Monterrey,Santa Catarina,8,9,537.0,0.0
Mexico,2024-04-13,5,Monterrey,San Pedro,8,9,438.3,0.0
Mexico,2024-04-13,5,Monterrey,Cumbres Poniente,13,10,475.1,0.0
Mexico,2024-04-13,5,Monterrey,La Fe,13,11,581.3,0.0
Mexico,2024-04-13,5,Monterrey,MTY_Guadalupe,8,6,325.2,0.0
Mexico,2024-04-13,5,Monterrey,Independencia,5,5,254.9,0.0
Mexico,2024-04-13,5,Monterrey,Tec,9,10,573.7,0.0
Mexico,2024-04-13,6,Monterrey,Centro,4,6,338.4,0.0
Mexico,2024-04-13,6,Monterrey,Mitras Centro,7,4,227.5,0.0
Mexico,2024-04-13,6,Monterrey,Apodaca Centro,11,11,499.4,0.0
Mexico,2024-04-13,6,Monterrey,Escobedo,8,5,279.7,0.0
Mexico,2024-04-13,6,Monterrey,Carretera Nacional,8,7,386.7,0.0
Mexico,2024-04-13,6,Monterrey,MTY_Apodaca_Huinalá,9,7,325.1,0.0
Mexico,2024-04-13,6,Monterrey,San Nicolás,6,6,342.9,0.0
Mexico,2024-04-13,6,Monterrey,Santa Catarina,8,8,429.0,0.0
Mexico,2024-04-13,6,Monterrey,San Pedro,8,9,487.0,0.0
Mexico,2024-04-13,6,Monterrey,Cumbres Poniente,5,4,193.2,0.0
Mexico,2024-04-13,6,Monterrey,La Fe,11,9,439.0,0.0
Mexico,2024-04-13,6,Monterrey,MTY_Guadalupe,15,13,653.2,0.0
Mexico,2024-04-13,6,Monterrey,Independencia,8,8,415.4,0.0
Mexico,2024-04-13,6,Monterrey,Tec,9,9,500.3,0.0
Mexico,2024-04-13,7,Monterrey,Centro,17,15,704.1,0.0
Mexico,2024-04-13,7,Monterrey,Mitras Centro,6,3,147.5,0.0
Mexico,2024-04-13,7,Monterrey,Apodaca Centro,5,7,342.2,0.0
Mexico,2024-04-13,7,Monterrey,Escobedo,13,12,581.9,0.0
Mexico,2024-04-13,7,Monterrey,Carretera Nacional,4,6,339.2,0.0
Mexico,2024-04-13,7,Monterrey,MTY_Apodaca_Huinalá,7,7,342.6,0.0
Mexico,2024-04-13,7,Monterrey,San Nicolás,8,9,420.7,0.0
Mexico,2024-04-13,7,Monterrey,Santa Catarina,9,6,343.3,0.0
Mexico,2024-04-13,7,Monterrey,San Pedro,5,6,291.2,0.0
Mexico,2024-04-13,7,Monterrey,Cumbres Poniente,9,6,358.7,0.0
Mexico,2024-04-13,7,Monterrey,La Fe,9,8,436.8,0.0
Mexico,2024-04-13,7,Monterrey,MTY_Guadalupe,7,7,416.8,0.0
Mexico,2024-04-13,7,Monterrey,Independencia,7,6,280.0,0.0
Mexico,2024-04-13,7,Monterrey,Tec,8,7,355.6,0.0
Mexico,2024-04-13,8,Monterrey,Centro,8,10,468.9,2.5
Mexico,2024-04-13,8,Monterrey,Mitras Centro,9,14,796.8,2.5
Mexico,2024-04-13,8,Monterrey,Apodaca Centro,4,7,383.6,2.5
Mexico,2024-04-13,8,Monterrey,Escobedo,4,7,338.3,2.5
Mexico,2024-04-13,8,Monterrey,Carretera Nacional,9,12,573.7,2.5
Mexico,2024-04-13,8,Monterrey,MTY_Apodaca_Huinalá,6,8,453.2,2.5
Mexico,2024-04-13,8,Monterrey,San Nicolás,9,9,479.2,2.5
Mexico,2024-04-13,8,Monterrey,Santa Catarina,3,8,361.9,2.5
Mexico,2024-04-13,8,Monterrey,San Pedro,7,8,441.3,2.5
Mexico,2024-04-13,8,Monterrey,Cumbres Poniente,9,14,790.5,2.5
Mexico,2024-04-13,8,Monterrey,La Fe,4,6,279.4,2.5
Mexico,2024-04-13,8,Monterrey,MTY_Guadalupe,4,9,482.5,2.5
Mexico,2024-04-13,8,Monterrey,Independencia,7,8,406.2,2.5
Mexico,2024-04-13,8,Monterrey,Tec,7,7,331.1,2.5
Mexico,2024-04-13,9,Monterrey,Centro,11,8,396.1,0.5
Mexico,2024-04-13,9,Monterrey,Mitras Centro,4,5,292.4,0.5
Mexico,2024-04-13,9,Monterrey,Apodaca Centro,7,5,237.6,0.5
Mexico,2024-04-13,9,Monterrey,Escobedo,10,7,392.5,0.5
Mexico,2024-04-13,9,Monterrey,Carretera Nacional,5,7,372.6,0.5
Mexico,2024-04-13,9,Monterrey,MTY_Apodaca_Huinalá,14,12,589.0,0.5
Mexico,2024-04-13,9,Monterrey,San Nicolás,7,6,351.4,0.5
Mexico,2024-04-13,9,Monterrey,Santa Catarina,4,2,101.5,0.5
Mexico,2024-04-13,9,Monterrey,San Pedro,8,9,516.1,0.5
Mexico,2024-04-13,9,Monterrey,Cumbres Poniente,4,5,230.7,0.5
Mexico,2024-04-13,9,Monterrey,La Fe,3,4,209.5,0.5
Mexico,2024-04-13,9,Monterrey,MTY_Guadalupe,7,9,435.1,0.5
Mexico,2024-04-13,9,Monterrey,Independencia,7,7,392.3,0.5
Mexico,2024-04-13,9,Monterrey,Tec,5,6,338.3,0.5
Mexico,2024-04-13,10,Monterrey,Centro,8,7,418.2,0.0
Mexico,2024-04-13,10,Monterrey,Mitras Centro,8,6,322.3,0.0
Mexico,2024-04-13,10,Monterrey,Apodaca Centro,9,10,540.4,0.0
Mexico,2024-04-13,10,Monterrey,Escobedo,8,10,526.8,0.0
Mexico,2024-04-13,10,Monterrey,Carretera Nacional,11,13,672.2,0.0
Mexico,2024-04-13,10,Monterrey,MTY_Apodaca_Huinalá,4,3,147.5,0.0
Mexico,2024-04-13,10,Monterrey,San Nicolás,8,5,243.8,0.0
Mexico,2024-04-13,10,Monterrey,Santa Catarina,3,3,149.4,0.0
Mexico,2024-04-13,10,Monterrey,San Pedro,5,7,356.3,0.0
Mexico,2024-04-13,10,Monterrey,Cumbres Poniente,11,8,470.4,0.0
Mexico,2024-04-13,10,Monterrey,La Fe,5,7,400.6,0.0
Mexico,2024-04-13,10,Monterrey,MTY_Guadalupe,12,12,594.8,0.0
Mexico,2024-04-13,10,Monterrey,Independencia,8,5,249.9,0.0
Mexico,2024-04-13,10,Monterrey,Tec,10,9,467.8,0.0
Mexico,2024-04-13,11,Monterrey,Centro,10,7,375.9,0.0
Mexico,2024-04-13,11,Monterrey,Mitras Centro,10,8,429.6,0.0
Mexico,2024-04-13,11,Monterrey,Apodaca Centro,9,10,531.5,0.0
Mexico,2024-04-13,11,Monterrey,Escobedo,10,8,433.8,0.0
Mexico,2024-04-13,11,Monterrey,Carretera Nacional,9,9,493.0,0.0
Mexico,2024-04-13,11,Monterrey,MTY_Apodaca_Huinalá,4,4,196.0,0.0
Mexico,2024-04-13,11,Monterrey,San Nicolás,6,5,239.4,0.0
Mexico,2024-04-13,11,Monterrey,Santa Catarina,3,5,258.1,0.0
Mexico,2024-04-13,11,Monterrey,San Pedro,7,9,521.9,0.0
Mexico,2024-04-13,11,Monterrey,Cumbres Poniente,16,13,592.2,0.0
Mexico,2024-04-13,11,Monterrey,La Fe,10,7,317.1,0.0
Mexico,2024-04-13,11,Monterrey,MTY_Guadalupe,4,4,196.7,0.0
Mexico,2024-04-13,11,Monterrey,Independencia,12,10,461.4,0.0
Mexico,2024-04-13,11,Monterrey,Tec,10,11,521.6,0.0
Mexico,2024-04-13,12,Monterrey,Centro,14,11,514.4,0.0
Mexico,2024-04-13,12,Monterrey,Mitras Centro,14,11,561.9,0.0
Mexico,2024-04-13,12,Monterrey,Apodaca Centro,13,11,572.9,0.0
Mexico,2024-04-13,12,Monterrey,Escobedo,10,12,576.4,0.0
Mexico,2024-04-13,12,Monterrey,Carretera Nacional,3,5,250.1,0.0
Mexico,2024-04-13,12,Monterrey,MTY_Apodaca_Huinalá,14,15,713.6,0.0
Mexico,2024-04-13,12,Monterrey,San Nicolás,12,12,627.0,0.0
Mexico,2024-04-13,12,Monterrey,Santa Catarina,10,9,514.9,0.0
Mexico,2024-04-13,12,Monterrey,San Pedro,6,8,448.4,0.0
Mexico,2024-04-13,12,Monterrey,Cumbres Poniente,9,6,332.1,0.0
Mexico,2024-04-13,12,Monterrey,La Fe,9,11,598.7,0.0
Mexico,2024-04-13,12,Monterrey,MTY_Guadalupe,8,6,323.4,0.0
Mexico,2024-04-13,12,Monterrey,Independencia,10,7,370.2,0.0
Mexico,2024-04-13,12,Monterrey,Tec,6,8,469.3,0.0
Mexico,2024-04-13,13,Monterrey,Centro,18,18,860.6,0.0
Mexico,2024-04-13,13,Monterrey,Mitras Centro,9,11,625.5,0.0
Mexico,2024-04-13,13,Monterrey,Apodaca Centro,13,11,547.3,0.0
Mexico,2024-04-13,13,Monterrey,Escobedo,11,13,774.0,0.0
Mexico,2024-04-13,13,Monterrey,Carretera Nacional,18,16,838.4,0.0
Mexico,2024-04-13,13,Monterrey,MTY_Apodaca_Huinalá,18,16,743.9,0.0
Mexico,2024-04-13,13,Monterrey,San Nicolás,13,13,776.1,0.0
Mexico,2024-04-13,13,Monterrey,Santa Catarina,9,11,514.6,0.0
Mexico,2024-04-13,13,Monterrey,San Pedro,11,10,469.5,0.0
Mexico,2024-04-13,13,Monterrey,Cumbres Poniente,26,28,1351.0,0.0
Mexico,2024-04-13,13,Monterrey,La Fe,10,7,316.1,0.0
Mexico,2024-04-13,13,Monterrey,MTY_Guadalupe,8,10,537.2,0.0
Mexico,2024-04-13,13,Monterrey,Independencia,12,11,584.3,0.0
Mexico,2024-04-13,13,Monterrey,Tec,11,13,758.7,0.0
Mexico,2024-04-13,14,Monterrey,Centro,9,7,348.3,0.0
Mexico,2024-04-13,14,Monterrey,Mitras Centro,14,16,763.2,0.0
Mexico,2024-04-13,14,Monterrey,Apodaca Centro,15,14,650.2,0.0
Mexico,2024-04-13,14,Monterrey,Escobedo,13,15,737.4,0.0
Mexico,2024-04-13,14,Monterrey,Carretera Nacional,10,10,515.4,0.0
Mexico,2024-04-13,14,Monterrey,MTY_Apodaca_Huinalá,12,14,804.5,0.0
Mexico,2024-04-13,14,Monterrey,San Nicolás,17,16,856.9,0.0
Mexico,2024-04-13,14,Monterrey,Santa Catarina,21,20,1085.5,0.0
Mexico,2024-04-13,14,Monterrey,San Pedro,11,12,700.5,0.0
Mexico,2024-04-13,14,Monterrey,Cumbres Poniente,18,17,988.0,0.0
Mexico,2024-04-13,14,Monterrey,La Fe,8,9,458.1,0.0
Mexico,2024-04-13,14,Monterrey,MTY_Guadalupe,8,5,276.7,0.0
Mexico,2024-04-13,14,Monterrey,Independencia,6,7,335.9,0.0
Mexico,2024-04-13,14,Monterrey,Tec,11,13,602.3,0.0
Mexico,2024-04-13,15,Monterrey,Centro,11,13,685.1,0.0
Mexico,2024-04-13,15,Monterrey,Mitras Centro,5,5,248.6,0.0
Mexico,2024-04-13,15,Monterrey,Apodaca Centro,16,14,839.2,0.0
Mexico,2024-04-13,15,Monterrey,Escobedo,10,9,539.2,0.0
Mexico,2024-04-13,15,Monterrey,Carretera Nacional,17,15,796.1,0.0
Mexico,2024-04-13,15,Monterrey,MTY_Apodaca_Huinalá,6,6,355.8,0.0
Mexico,2024-04-13,15,Monterrey,San Nicolás,8,5,239.0,0.0
Mexico,2024-04-13,15,Monterrey,Santa Catarina,12,10,572.5,0.0
Mexico,2024-04-13,15,Monterrey,San Pedro,8,8,376.3,0.0
Mexico,2024-04-13,15,Monterrey,Cumbres Poniente,14,12,679.7,0.0
Mexico,2024-04-13,15,Monterrey,La Fe,8,10,455.3,0.0
Mexico,2024-04-13,15,Monterrey,MTY_Guadalupe,9,8,412.2,0.0
Mexico,2024-04-13,15,Monterrey,Independencia,9,11,646.2,0.0
Mexico,2024-04-13,15,Monterrey,Tec,9,8,410.9,0.0
Mexico,2024-04-13,16,Monterrey,Centro,10,9,529.1,0.0
Mexico,2024-04-13,16,Monterrey,Mitras Centro,7,8,444.8,0.0
Mexico,2024-04-13,16,Monterrey,Apodaca Centro,7,6,279.7,0.0
Mexico,2024-04-13,16,Monterrey,Escobedo,10,12,680.4,0.0
Mexico,2024-04-13,16,Monterrey,Carretera Nacional,10,12,577.7,0.0
Mexico,2024-04-13,16,Monterrey,MTY_Apodaca_Huinalá,7,7,324.0,0.0
Mexico,2024-04-13,16,Monterrey,San Nicolás,11,12,640.9,0.0
Mexico,2024-04-13,16,Monterrey,Santa Catarina,7,4,204.5,0.0
Mexico,2024-04-13,16,Monterrey,San Pedro,7,8,475.9,0.0
Mexico,2024-04-13,16,Monterrey,Cumbres Poniente,6,7,376.3,0.0
Mexico,2024-04-13,16,Monterrey,La Fe,6,7,378.6,0.0
Mexico,2024-04-13,16,Monterrey,MTY_Guadalupe,9,8,476.0,0.0
Mexico,2024-04-13,16,Monterrey,Independencia,10,7,332.6,0.0
Mexico,2024-04-13,16,Monterrey,Tec,9,7,388.0,0.0
Mexico,2024-04-13,17,Monterrey,Centro,5,10,541.8,2.5
Mexico,2024-04-13,17,Monterrey,Mitras Centro,4,7,372.6,2.5
Mexico,2024-04-13,17,Monterrey,Apodaca Centro,3,6,270.9,2.5
Mexico,2024-04-13,17,Monterrey,Escobedo,11,12,541.8,2.5
Mexico,2024-04-13,17,Monterrey,Carretera Nacional,12,12,564.1,2.5
Mexico,2024-04-13,17,Monterrey,MTY_Apodaca_Huinalá,9,9,422.7,2.5
Mexico,2024-04-13,17,Monterrey,San Nicolás,1,6,279.6,2.5
Mexico,2024-04-13,17,Monterrey,Santa Catarina,1,3,150.3,2.5
Mexico,2024-04-13,17,Monterrey,San Pedro,3,8,414.1,2.5
Mexico,2024-04-13,17,Monterrey,Cumbres Poniente,6,8,388.0,2.5
Mexico,2024-04-13,17,Monterrey,La Fe,6,11,578.9,2.5
Mexico,2024-04-13,17,Monterrey,MTY_Guadalupe,5,8,383.8,2.5
Mexico,2024-04-13,17,Monterrey,Independencia,12,15,810.2,2.5
Mexico,2024-04-13,17,Monterrey,Tec,11,14,786.5,2.5
Mexico,2024-04-13,18,Monterrey,Centro,11,8,393.3,0.0
Mexico,2024-04-13,18,Monterrey,Mitras Centro,6,7,401.0,0.0
Mexico,2024-04-13,18,Monterrey,Apodaca Centro,8,6,293.2,0.0
Mexico,2024-04-13,18,Monterrey,Escobedo,7,5,228.4,0.0
Mexico,2024-04-13,18,Monterrey,Carretera Nacional,10,7,358.6,0.0
Mexico,2024-04-13,18,Monterrey,MTY_Apodaca_Huinalá,4,5,278.2,0.0
Mexico,2024-04-13,18,Monterrey,San Nicolás,6,3,175.1,0.0
Mexico,2024-04-13,18,Monterrey,Santa Catarina,9,7,352.1,0.0
Mexico,2024-04-13,18,Monterrey,San Pedro,4,5,266.6,0.0
Mexico,2024-04-13,18,Monterrey,Cumbres Poniente,8,6,297.6,0.0
Mexico,2024-04-13,18,Monterrey,La Fe,11,8,374.3,0.0
Mexico,2024-04-13,18,Monterrey,MTY_Guadalupe,7,7,410.4,0.0
Mexico,2024-04-13,18,Monterrey,Independencia,8,6,336.9,0.0
Mexico,2024-04-13,18,Monterrey,Tec,9,10,503.3,0.0
Mexico,2024-04-13,19,Monterrey,Centro,12,14,710.4,0.0
Mexico,2024-04-13,19,Monterrey,Mitras Centro,16,15,888.9,0.0
Mexico,2024-04-13,19,Monterrey,Apodaca Centro,10,8,462.3,0.0
Mexico,2024-04-13,19,Monterrey,Escobedo,11,12,694.2,0.0
Mexico,2024-04-13,19,Monterrey,Carretera Nacional,18,16,835.6,0.0
Mexico,2024-04-13,19,Monterrey,MTY_Apodaca_Huinalá,11,13,674.3,0.0
Mexico,2024-04-13,19,Monterrey,San Nicolás,15,14,641.9,0.0
Mexico,2024-04-13,19,Monterrey,Santa Catarina,10,12,542.6,0.0
Mexico,2024-04-13,19,Monterrey,San Pedro,14,13,603.1,0.0
Mexico,2024-04-13,19,Monterrey,Cumbres Poniente,25,22,1283.3,0.0
Mexico,2024-04-13,19,Monterrey,La Fe,8,8,407.8,0.0
Mexico,2024-04-13,19,Monterrey,MTY_Guadalupe,19,20,1159.2,0.0
Mexico,2024-04-13,19,Monterrey,Independencia,16,13,716.2,0.0
Mexico,2024-04-13,19,Monterrey,Tec,6,8,380.7,0.0
Mexico,2024-04-13,20,Monterrey,Centro,16,15,704.9,0.0
Mexico,2024-04-13,20,Monterrey,Mitras Centro,9,11,542.2,0.0
Mexico,2024-04-13,20,Monterrey,Apodaca Centro,7,9,482.8,0.0
Mexico,2024-04-13,20,Monterrey,Escobedo,9,11,498.7,0.0
Mexico,2024-04-13,20,Monterrey,Carretera Nacional,16,14,664.5,0.0
Mexico,2024-04-13,20,Monterrey,MTY_Apodaca_Huinalá,6,7,349.0,0.0
Mexico,2024-04-13,20,Monterrey,San Nicolás,11,10,590.4,0.0
Mexico,2024-04-13,20,Monterrey,Santa Catarina,13,13,778.0,0.0
Mexico,2024-04-13,20,Monterrey,San Pedro,17,15,891.8,0.0
Mexico,2024-04-13,20,Monterrey,Cumbres Poniente,3,5,268.6,0.0
Mexico,2024-04-13,20,Monterrey,La Fe,17,15,737.3,0.0
Mexico,2024-04-13,20,Monterrey,MTY_Guadalupe,13,12,638.6,0.0
Mexico,2024-04-13,20,Monterrey,Independencia,16,14,803.7,0.0
Mexico,2024-04-13,20,Monterrey,Tec,8,8,437.8,0.0
Mexico,2024-04-13,21,Monterrey,Centro,11,11,588.0,0.5
Mexico,2024-04-13,21,Monterrey,Mitras Centro,14,14,804.1,0.5
Mexico,2024-04-13,21,Monterrey,Apodaca Centro,11,12,680.5,0.5
Mexico,2024-04-13,21,Monterrey,Escobedo,15,15,804.0,0.5
Mexico,2024-04-13,21,Monterrey,Carretera Nacional,14,11,564.8,0.5
Mexico,2024-04-13,21,Monterrey,MTY_Apodaca_Huinalá,10,11,519.9,0.5
Mexico,2024-04-13,21,Monterrey,San Nicolás,16,17,840.5,0.5
Mexico,2024-04-13,21,Monterrey,Santa Catarina,6,7,342.5,0.5
Mexico,2024-04-13,21,Monterrey,San Pedro,15,14,713.5,0.5
Mexico,2024-04-13,21,Monterrey,Cumbres Poniente,13,11,578.7,0.5
Mexico,2024-04-13,21,Monterrey,La Fe,12,13,599.0,0.5
Mexico,2024-04-13,21,Monterrey,MTY_Guadalupe,11,11,515.7,0.5
Mexico,2024-04-13,21,Monterrey,Independencia,9,10,557.1,0.5
Mexico,2024-04-13,21,Monterrey,Tec,11,10,499.6,0.5
Mexico,2024-04-13,22,Monterrey,Centro,3,5,252.6,0.0
Mexico,2024-04-13,22,Monterrey,Mitras Centro,11,13,669.5,0.0
Mexico,2024-04-13,22,Monterrey,Apodaca Centro,7,5,274.1,0.0
Mexico,2024-04-13,22,Monterrey,Escobedo,16,14,765.2,0.0
Mexico,2024-04-13,22,Monterrey,Carretera Nacional,3,3,145.4,0.0
Mexico,2024-04-13,22,Monterrey,MTY_Apodaca_Huinalá,6,5,239.2,0.0
Mexico,2024-04-13,22,Monterrey,San Nicolás,14,11,542.1,0.0
Mexico,2024-04-13,22,Monterrey,Santa Catarina,8,5,225.0,0.0
Mexico,2024-04-13,22,Monterrey,San Pedro,3,3,146.5,0.0
Mexico,2024-04-13,22,Monterrey,Cumbres Poniente,9,9,418.9,0.0
Mexico,2024-04-13,22,Monterrey,La Fe,11,8,367.7,0.0
Mexico,2024-04-13,22,Monterrey,MTY_Guadalupe,10,9,473.2,0.0
Mexico,2024-04-13,22,Monterrey,Independencia,8,7,332.1,0.0
Mexico,2024-04-13,22,Monterrey,Tec,11,11,637.2,0.0
Mexico,2024-04-13,23,Monterrey,Centro,5,7,315.6,0.0
Mexico,2024-04-13,23,Monterrey,Mitras Centro,3,5,241.0,0.0
Mexico,2024-04-13,23,Monterrey,Apodaca Centro,10,10,459.5,0.0
Mexico,2024-04-13,23,Monterrey,Escobedo,10,7,377.1,0.0
Mexico,2024-04-13,23,Monterrey,Carretera Nacional,9,10,592.8,0.0
Mexico,2024-04-13,23,Monterrey,MTY_Apodaca_Huinalá,9,10,584.2,0.0
Mexico,2024-04-13,23,Monterrey,San Nicolás,14,14,826.2,0.0
Mexico,2024-04-13,23,Monterrey,Santa Catarina,12,12,607.2,0.0
Mexico,2024-04-13,23,Monterrey,San Pedro,5,7,397.9,0.0
Mexico,2024-04-13,23,Monterrey,Cumbres Poniente,6,5,243.2,0.0
Mexico,2024-04-13,23,Monterrey,La Fe,10,12,652.7,0.0
Mexico,2024-04-13,23,Monterrey,MTY_Guadalupe,10,9,431.4,0.0
Mexico,2024-04-13,23,Monterrey,Independencia,14,11,559.5,0.0
Mexico,2024-04-13,23,Monterrey,Tec,11,8,477.3,0.0
Mexico,2024-04-14,0,Monterrey,Centro,5,4,187.4,0.0
Mexico,2024-04-14,0,Monterrey,Mitras Centro,15,15,715.1,0.0
Mexico,2024-04-14,0,Monterrey,Apodaca Centro,8,7,391.2,0.0
Mexico,2024-04-14,0,Monterrey,Escobedo,11,9,411.9,0.0
Mexico,2024-04-14,0,Monterrey,Carretera Nacional,11,10,585.9,0.0
Mexico,2024-04-14,0,Monterrey,MTY_Apodaca_Huinalá,5,7,323.8,0.0
Mexico,2024-04-14,0,Monterrey,San Nicolás,11,9,442.3,0.0
Mexico,2024-04-14,0,Monterrey,Santa Catarina,3,5,266.1,0.0
Mexico,2024-04-14,0,Monterrey,San Pedro,11,8,394.8,0.0
Mexico,2024-04-14,0,Monterrey,Cumbres Poniente,6,7,403.7,0.0
Mexico,2024-04-14,0,Monterrey,La Fe,7,8,478.7,0.0
Mexico,2024-04-14,0,Monterrey,MTY_Guadalupe,5,6,271.4,0.0
Mexico,2024-04-14,0,Monterrey,Independencia,3,4,197.0,0.0
Mexico,2024-04-14,0,Monterrey,Tec,11,9,447.1,0.0
Mexico,2024-04-14,1,Monterrey,Centro,15,12,666.5,0.0
Mexico,2024-04-14,1,Monterrey,Mitras Centro,7,8,421.0,0.0
Mexico,2024-04-14,1,Monterrey,Apodaca Centro,9,8,420.3,0.0
Mexico,2024-04-14,1,Monterrey,Escobedo,5,6,295.9,0.0
Mexico,2024-04-14,1,Monterrey,Carretera Nacional,8,5,244.3,0.0
Mexico,2024-04-14,1,Monterrey,MTY_Apodaca_Huinalá,11,10,576.9,0.0
Mexico,2024-04-14,1,Monterrey,San Nicolás,7,9,505.4,0.0
Mexico,2024-04-14,1,Monterrey,Santa Catarina,10,11,598.0,0.0
Mexico,2024-04-14,1,Monterrey,San Pedro,6,7,419.4,0.0
Mexico,2024-04-14,1,Monterrey,Cumbres Poniente,6,3,167.5,0.0
Mexico,2024-04-14,1,Monterrey,La Fe,7,7,336.2,0.0
Mexico,2024-04-14,1,Monterrey,MTY_Guadalupe,3,3,179.7,0.0
Mexico,2024-04-14,1,Monterrey,Independencia,6,7,346.2,0.0
Mexico,2024-04-14,1,Monterrey,Tec,11,8,367.6,0.0
Mexico,2024-04-14,2,Monterrey,Centro,7,7,416.2,0.0
Mexico,2024-04-14,2,Monterrey,Mitras Centro,5,6,323.5,0.0
Mexico,2024-04-14,2,Monterrey,Apodaca Centro,5,6,335.0,0.0
Mexico,2024-04-14,2,Monterrey,Escobedo,11,11,560.5,0.0
Mexico,2024-04-14,2,Monterrey,Carretera Nacional,10,10,475.4,0.0
Mexico,2024-04-14,2,Monterrey,MTY_Apodaca_Huinalá,5,7,380.6,0.0
Mexico,2024-04-14,2,Monterrey,San Nicolás,8,8,365.9,0.0
Mexico,2024-04-14,2,Monterrey,Santa Catarina,7,9,412.1,0.0
Mexico,2024-04-14,2,Monterrey,San Pedro,9,8,463.2,0.0
Mexico,2024-04-14,2,Monterrey,Cumbres Poniente,9,10,515.8,0.0
Mexico,2024-04-14,2,Monterrey,La Fe,5,4,190.2,0.0
Mexico,2024-04-14,2,Monterrey,MTY_Guadalupe,5,4,214.4,0.0
Mexico,2024-04-14,2,Monterrey,Independencia,6,7,318.0,0.0
Mexico,2024-04-14,2,Monterrey,Tec,5,5,256.8,0.0
Mexico,2024-04-14,3,Monterrey,Centro,5,6,303.9,0.0
Mexico,2024-04-14,3,Monterrey,Mitras Centro,5,4,209.4,0.0
Mexico,2024-04-14,3,Monterrey,Apodaca Centro,5,6,351.7,0.0
Mexico,2024-04-14,3,Monterrey,Escobedo,5,7,327.4,0.0
Mexico,2024-04-14,3,Monterrey,Carretera Nacional,11,10,527.9,0.0
Mexico,2024-04-14,3,Monterrey,MTY_Apodaca_Huinalá,6,6,354.1,0.0
Mexico,2024-04-14,3,Monterrey,San Nicolás,4,5,273.3,0.0
Mexico,2024-04-14,3,Monterrey,Santa Catarina,5,7,392.6,0.0
Mexico,2024-04-14,3,Monterrey,San Pedro,10,11,628.3,0.0
Mexico,2024-04-14,3,Monterrey,Cumbres Poniente,6,4,236.6,0.0
Mexico,2024-04-14,3,Monterrey,La Fe,4,5,245.8,0.0
Mexico,2024-04-14,3,Monterrey,MTY_Guadalupe,10,8,425.0,0.0
Mexico,2024-04-14,3,Monterrey,Independencia,4,5,291.8,0.0
Mexico,2024-04-14,3,Monterrey,Tec,7,6,290.3,0.0
Mexico,2024-04-14,4,Monterrey,Centro,14,12,642.6,0.0
Mexico,2024-04-14,4,Monterrey,Mitras Centro,6,5,245.1,0.0
Mexico,2024-04-14,4,Monterrey,Apodaca Centro,9,9,430.9,0.0
Mexico,2024-04-14,4,Monterrey,Escobedo,12,11,518.5,0.0
Mexico,2024-04-14,4,Monterrey,Carretera Nacional,6,4,225.0,0.0
Mexico,2024-04-14,4,Monterrey,MTY_Apodaca_Huinalá,11,10,505.6,0.0
Mexico,2024-04-14,4,Monterrey,San Nicolás,8,7,393.8,0.0
Mexico,2024-04-14,4,Monterrey,Santa Catarina,12,12,648.4,0.0
Mexico,2024-04-14,4,Monterrey,San Pedro,15,14,753.7,0.0
Mexico,2024-04-14,4,Monterrey,Cumbres Poniente,6,8,452.4,0.0
Mexico,2024-04-14,4,Monterrey,La Fe,8,7,378.4,0.0
Mexico,2024-04-14,4,Monterrey,MTY_Guadalupe,3,2,103.8,0.0
Mexico,2024-04-14,4,Monterrey,Independencia,8,10,492.5,0.0
Mexico,2024-04-14,4,Monterrey,Tec,12,10,534.7,0.0
Mexico,2024-04-14,5,Monterrey,Centro,4,5,245.0,0.0
Mexico,2024-04-14,5,Monterrey,Mitras Centro,9,7,355.3,0.0
Mexico,2024-04-14,5,Monterrey,Apodaca Centro,7,8,422.7,0.0
Mexico,2024-04-14,5,Monterrey,Escobedo,7,5,225.9,0.0
Mexico,2024-04-14,5,Monterrey,Carretera Nacional,9,9,478.0,0.0
Mexico,2024-04-14,5,Monterrey,MTY_Apodaca_Huinalá,12,11,564.9,0.0
Mexico,2024-04-14,5,Monterrey,San Nicolás,2,4,210.0,0.0
Mexico,2024-04-14,5,Monterrey,Santa Catarina,5,3,164.0,0.0
Mexico,2024-04-14,5,Monterrey,San Pedro,7,8,437.8,0.0
Mexico,2024-04-14,5,Monterrey,Cumbres Poniente,13,11,499.5,0.0
Mexico,2024-04-14,5,Monterrey,La Fe,1,1,53.0,0.0
Mexico,2024-04-14,5,Monterrey,MTY_Guadalupe,8,5,259.0,0.0
Mexico,2024-04-14,5,Monterrey,Independencia,12,14,670.9,0.0
Mexico,2024-04-14,5,Monterrey,Tec,11,9,457.3,0.0
Mexico,2024-04-14,6,Monterrey,Centro,10,10,554.6,0.0
Mexico,2024-04-14,6,Monterrey,Mitras Centro,15,13,727.9,0.0
Mexico,2024-04-14,6,Monterrey,Apodaca Centro,7,9,475.4,0.0
Mexico,2024-04-14,6,Monterrey,Escobedo,6,6,293.6,0.0
Mexico,2024-04-14,6,Monterrey,Carretera Nacional,8,7,334.1,0.0
Mexico,2024-04-14,6,Monterrey,MTY_Apodaca_Huinalá,9,8,431.8,0.0
Mexico,2024-04-14,6,Monterrey,San Nicolás,8,6,349.0,0.0
Mexico,2024-04-14,6,Monterrey,Santa Catarina,9,10,586.0,0.0
Mexico,2024-04-14,6,Monterrey,San Pedro,8,7,371.4,0.0
Mexico,2024-04-14,6,Monterrey,Cumbres Poniente,8,9,494.5,0.0
Mexico,2024-04-14,6,Monterrey,La Fe,10,9,505.2,0.0
Mexico,2024-04-14,6,Monterrey,MTY_Guadalupe,9,7,343.4,0.0
Mexico,2024-04-14,6,Monterrey,Independencia,11,8,476.2,0.0
Mexico,2024-04-14,6,Monterrey,Tec,3,5,233.0,0.0
Mexico,2024-04-14,7,Monterrey,Centro,9,11,578.6,0.0
Mexico,2024-04-14,7,Monterrey,Mitras Centro,7,8,441.1,0.0
Mexico,2024-04-14,7,Monterrey,Apodaca Centro,15,12,588.0,0.0
Mexico,2024-04-14,7,Monterrey,Escobedo,10,12,652.5,0.0
Mexico,2024-04-14,7,Monterrey,Carretera Nacional,8,5,231.5,0.0
Mexico,2024-04-14,7,Monterrey,MTY_Apodaca_Huinalá,10,9,435.4,0.0
Mexico,2024-04-14,7,Monterrey,San Nicolás,9,9,465.3,0.0
Mexico,2024-04-14,7,Monterrey,Santa Catarina,7,4,212.1,0.0
Mexico,2024-04-14,7,Monterrey,San Pedro,9,8,399.1,0.0
Mexico,2024-04-14,7,Monterrey,Cumbres Poniente,12,9,499.4,0.0
Mexico,2024-04-14,7,Monterrey,La Fe,5,6,285.0,0.0
Mexico,2024-04-14,7,Monterrey,MTY_Guadalupe,3,5,288.7,0.0
Mexico,2024-04-14,7,Monterrey,Independencia,12,11,649.0,0.0
Mexico,2024-04-14,7,Monterrey,Tec,9,9,448.9,0.0
Mexico,2024-04-14,8,Monterrey,Centro,8,7,322.8,0.0
Mexico,2024-04-14,8,Monterrey,Mitras Centro,10,11,655.9,0.0
Mexico,2024-04-14,8,Monterrey,Apodaca Centro,6,8,437.1,0.0
Mexico,2024-04-14,8,Monterrey,Escobedo,9,7,341.2,0.0
Mexico,2024-04-14,8,Monterrey,Carretera Nacional,10,7,342.3,0.0
Mexico,2024-04-14,8,Monterrey,MTY_Apodaca_Huinalá,9,6,271.8,0.0
Mexico,2024-04-14,8,Monterrey,San Nicolás,6,6,322.5,0.0
Mexico,2024-04-14,8,Monterrey,Santa Catarina,8,7,404.1,0.0
Mexico,2024-04-14,8,Monterrey,San Pedro,12,9,444.8,0.0
Mexico,2024-04-14,8,Monterrey,Cumbres Poniente,4,6,316.6,0.0
Mexico,2024-04-14,8,Monterrey,La Fe,8,6,298.2,0.0
Mexico,2024-04-14,8,Monterrey,MTY_Guadalupe,1,3,152.9,0.0
Mexico,2024-04-14,8,Monterrey,Independencia,13,11,523.1,0.0
Mexico,2024-04-14,8,Monterrey,Tec,5,7,339.5,0.0
Mexico,2024-04-14,9,Monterrey,Centro,4,4,228.9,0.0
Mexico,2024-04-14,9,Monterrey,Mitras Centro,12,10,581.6,0.0
Mexico,2024-04-14,9,Monterrey,Apodaca Centro,7,4,195.6,0.0
Mexico,2024-04-14,9,Monterrey,Escobedo,1,2,96.1,0.0
Mexico,2024-04-14,9,Monterrey,Carretera Nacional,8,6,303.9,0.0
Mexico,2024-04-14,9,Monterrey,MTY_Apodaca_Huinalá,9,8,363.4,0.0
Mexico,2024-04-14,9,Monterrey,San Nicolás,2,3,167.2,0.0
Mexico,2024-04-14,9,Monterrey,Santa Catarina,10,7,396.0,0.0
Mexico,2024-04-14,9,Monterrey,San Pedro,13,14,816.7,0.0
Mexico,2024-04-14,9,Monterrey,Cumbres Poniente,9,7,373.5,0.0
Mexico,2024-04-14,9,Monterrey,La Fe,13,10,551.8,0.0
Mexico,2024-04-14,9,Monterrey,MTY_Guadalupe,5,6,294.6,0.0
Mexico,2024-04-14,9,Monterrey,Independencia,12,11,521.8,0.0
Mexico,2024-04-14,9,Monterrey,Tec,5,6,289.0,0.0
Mexico,2024-04-14,10,Monterrey,Centro,5,6,278.7,0.0
Mexico,2024-04-14,10,Monterrey,Mitras Centro,9,6,278.9,0.0
Mexico,2024-04-14,10,Monterrey,Apodaca Centro,7,8,428.3,0.0
Mexico,2024-04-14,10,Monterrey,Escobedo,5,6,301.6,0.0
Mexico,2024-04-14,10,Monterrey,Carretera Nacional,6,7,345.7,0.0
Mexico,2024-04-14,10,Monterrey,MTY_Apodaca_Huinalá,8,7,375.7,0.0
Mexico,2024-04-14,10,Monterrey,San Nicolás,6,5,298.5,0.0
Mexico,2024-04-14,10,Monterrey,Santa Catarina,12,10,500.4,0.0
Mexico,2024-04-14,10,Monterrey,San Pedro,13,10,533.6,0.0
Mexico,2024-04-14,10,Monterrey,Cumbres Poniente,12,12,556.5,0.0
Mexico,2024-04-14,10,Monterrey,La Fe,13,10,494.1,0.0
Mexico,2024-04-14,10,Monterrey,MTY_Guadalupe,17,14,751.1,0.0
Mexico,2024-04-14,10,Monterrey,Independencia,6,4,205.1,0.0
Mexico,2024-04-14,10,Monterrey,Tec,11,9,405.3,0.0
Mexico,2024-04-14,11,Monterrey,Centro,13,10,473.7,0.0
Mexico,2024-04-14,11,Monterrey,Mitras Centro,12,9,457.6,0.0
Mexico,2024-04-14,11,Monterrey,Apodaca Centro,6,7,404.3,0.0
Mexico,2024-04-14,11,Monterrey,Escobedo,18,16,944.1,0.0
Mexico,2024-04-14,11,Monterrey,Carretera Nacional,12,10,493.3,0.0
Mexico,2024-04-14,11,Monterrey,MTY_Apodaca_Huinalá,8,7,370.5,0.0
Mexico,2024-04-14,11,Monterrey,San Nicolás,7,7,387.5,0.0
Mexico,2024-04-14,11,Monterrey,Santa Catarina,6,6,274.4,0.0
Mexico,2024-04-14,11,Monterrey,San Pedro,10,9,476.2,0.0
Mexico,2024-04-14,11,Monterrey,Cumbres Poniente,11,10,508.8,0.0
Mexico,2024-04-14,11,Monterrey,La Fe,3,4,192.8,0.0
Mexico,2024-04-14,11,Monterrey,MTY_Guadalupe,10,9,444.5,0.0
Mexico,2024-04-14,11,Monterrey,Independencia,6,4,180.5,0.0
Mexico,2024-04-14,11,Monterrey,Tec,6,5,276.2,0.0
Mexico,2024-04-14,12,Monterrey,Centro,6,5,234.5,0.0
Mexico,2024-04-14,12,Monterrey,Mitras Centro,13,10,494.2,0.0
Mexico,2024-04-14,12,Monterrey,Apodaca Centro,13,10,562.5,0.0
Mexico,2024-04-14,12,Monterrey,Escobedo,3,4,211.1,0.0
Mexico,2024-04-14,12,Monterrey,Carretera Nacional,11,11,584.3,0.0
Mexico,2024-04-14,12,Monterrey,MTY_Apodaca_Huinalá,8,6,320.1,0.0
Mexico,2024-04-14,12,Monterrey,San Nicolás,8,10,591.9,0.0
Mexico,2024-04-14,12,Monterrey,Santa Catarina,2,2,95.1,0.0
Mexico,2024-04-14,12,Monterrey,San Pedro,8,7,340.3,0.0
Mexico,2024-04-14,12,Monterrey,Cumbres Poniente,8,9,527.9,0.0
Mexico,2024-04-14,12,Monterrey,La Fe,6,6,270.1,0.0
Mexico,2024-04-14,12,Monterrey,MTY_Guadalupe,15,13,748.2,0.0
Mexico,2024-04-14,12,Monterrey,Independencia,9,9,407.9,0.0
Mexico,2024-04-14,12,Monterrey,Tec,9,11,549.5,0.0
Mexico,2024-04-14,13,Monterrey,Centro,16,14,715.6,0.0
Mexico,2024-04-14,13,Monterrey,Mitras Centro,12,12,697.0,0.0
Mexico,2024-04-14,13,Monterrey,Apodaca Centro,12,12,672.6,0.0
Mexico,2024-04-14,13,Monterrey,Escobedo,14,16,882.4,0.0
Mexico,2024-04-14,13,Monterrey,Carretera Nacional,11,11,524.7,0.0
Mexico,2024-04-14,13,Monterrey,MTY_Apodaca_Huinalá,12,13,663.6,0.0
Mexico,2024-04-14,13,Monterrey,San Nicolás,15,15,889.2,0.0
Mexico,2024-04-14,13,Monterrey,Santa Catarina,15,12,713.7,0.0
Mexico,2024-04-14,13,Monterrey,San Pedro,14,15,777.6,0.0
Mexico,2024-04-14,13,Monterrey,Cumbres Poniente,10,10,477.2,0.0
Mexico,2024-04-14,13,Monterrey,La Fe,15,13,623.2,0.0
Mexico,2024-04-14,13,Monterrey,MTY_Guadalupe,16,16,780.5,0.0
Mexico,2024-04-14,13,Monterrey,Independencia,13,12,559.2,0.0
Mexico,2024-04-14,13,Monterrey,Tec,16,13,592.6,0.0
Mexico,2024-04-14,14,Monterrey,Centro,10,7,403.0,0.0
Mexico,2024-04-14,14,Monterrey,Mitras Centro,19,20,1013.1,0.0
Mexico,2024-04-14,14,Monterrey,Apodaca Centro,13,13,669.4,0.0
Mexico,2024-04-14,14,Monterrey,Escobedo,8,9,445.2,0.0
Mexico,2024-04-14,14,Monterrey,Carretera Nacional,9,9,481.9,0.0
Mexico,2024-04-14,14,Monterrey,MTY_Apodaca_Huinalá,16,15,794.7,0.0
Mexico,2024-04-14,14,Monterrey,San Nicolás,11,10,494.7,0.0
Mexico,2024-04-14,14,Monterrey,Santa Catarina,20,17,893.9,0.0
Mexico,2024-04-14,14,Monterrey,San Pedro,21,18,852.6,0.0
Mexico,2024-04-14,14,Monterrey,Cumbres Poniente,18,15,774.1,0.0
Mexico,2024-04-14,14,Monterrey,La Fe,16,18,875.2,0.0
Mexico,2024-04-14,14,Monterrey,MTY_Guadalupe,14,11,560.6,0.0
Mexico,2024-04-14,14,Monterrey,Independencia,21,20,1135.0,0.0
Mexico,2024-04-14,14,Monterrey,Tec,15,15,826.6,0.0
Mexico,2024-04-14,15,Monterrey,Centro,10,9,469.0,0.0
Mexico,2024-04-14,15,Monterrey,Mitras Centro,8,6,322.9,0.0
Mexico,2024-04-14,15,Monterrey,Apodaca Centro,5,4,198.2,0.0
Mexico,2024-04-14,15,Monterrey,Escobedo,6,7,342.7,0.0
Mexico,2024-04-14,15,Monterrey,Carretera Nacional,4,5,260.8,0.0
Mexico,2024-04-14,15,Monterrey,MTY_Apodaca_Huinalá,6,8,433.8,0.0
Mexico,2024-04-14,15,Monterrey,San Nicolás,8,7,322.9,0.0
Mexico,2024-04-14,15,Monterrey,Santa Catarina,5,5,237.6,0.0
Mexico,2024-04-14,15,Monterrey,San Pedro,6,5,299.8,0.0
Mexico,2024-04-14,15,Monterrey,Cumbres Poniente,12,9,491.4,0.0
Mexico,2024-04-14,15,Monterrey,La Fe,13,13,609.5,0.0
Mexico,2024-04-14,15,Monterrey,MTY_Guadalupe,9,6,325.4,0.0
Mexico,2024-04-14,15,Monterrey,Independencia,11,11,530.0,0.0
Mexico,2024-04-14,15,Monterrey,Tec,12,9,415.6,0.0
Mexico,2024-04-14,16,Monterrey,Centro,5,7,419.5,0.0
Mexico,2024-04-14,16,Monterrey,Mitras Centro,15,15,689.1,0.0
Mexico,2024-04-14,16,Monterrey,Apodaca Centro,11,13,684.3,0.0
Mexico,2024-04-14,16,Monterrey,Escobedo,7,4,218.0,0.0
Mexico,2024-04-14,16,Monterrey,Carretera Nacional,7,7,340.7,0.0
Mexico,2024-04-14,16,Monterrey,MTY_Apodaca_Huinalá,12,11,496.8,0.0
Mexico,2024-04-14,16,Monterrey,San Nicolás,6,8,407.3,0.0
Mexico,2024-04-14,16,Monterrey,Santa Catarina,7,6,287.7,0.0
Mexico,2024-04-14,16,Monterrey,San Pedro,10,9,447.7,0.0
Mexico,2024-04-14,16,Monterrey,Cumbres Poniente,11,12,603.8,0.0
Mexico,2024-04-14,16,Monterrey,La Fe,4,6,279.9,0.0
Mexico,2024-04-14,16,Monterrey,MTY_Guadalupe,6,6,359.4,0.0
Mexico,2024-04-14,16,Monterrey,Independencia,2,4,198.9,0.0
Mexico,2024-04-14,16,Monterrey,Tec,7,6,311.0,0.0
Mexico,2024-04-14,17,Monterrey,Centro,7,8,419.4,0.5
Mexico,2024-04-14,17,Monterrey,Mitras Centro,13,10,478.8,0.5
Mexico,2024-04-14,17,Monterrey,Apodaca Centro,3,2,102.8,0.5
Mexico,2024-04-14,17,Monterrey,Escobedo,5,7,324.6,0.5
Mexico,2024-04-14,17,Monterrey,Carretera Nacional,10,10,501.6,0.5
Mexico,2024-04-14,17,Monterrey,MTY_Apodaca_Huinalá,11,12,629.6,0.5
Mexico,2024-04-14,17,Monterrey,San Nicolás,10,7,391.8,0.5
Mexico,2024-04-14,17,Monterrey,Santa Catarina,8,7,391.7,0.5
Mexico,2024-04-14,17,Monterrey,San Pedro,11,10,520.5,0.5
Mexico,2024-04-14,17,Monterrey,Cumbres Poniente,17,14,666.3,0.5
Mexico,2024-04-14,17,Monterrey,La Fe,9,7,330.9,0.5
Mexico,2024-04-14,17,Monterrey,MTY_Guadalupe,11,13,709.6,0.5
Mexico,2024-04-14,17,Monterrey,Independencia,7,7,343.9,0.5
Mexico,2024-04-14,17,Monterrey,Tec,3,1,53.8,0.5
Mexico,2024-04-14,18,Monterrey,Centro,14,13,597.0,0.0
Mexico,2024-04-14,18,Monterrey,Mitras Centro,8,6,273.7,0.0
Mexico,2024-04-14,18,Monterrey,Apodaca Centro,6,6,310.2,0.0
Mexico,2024-04-14,18,Monterrey,Escobedo,7,9,512.7,0.0
Mexico,2024-04-14,18,Monterrey,Carretera Nacional,5,6,298.3,0.0
Mexico,2024-04-14,18,Monterrey,MTY_Apodaca_Huinalá,13,10,544.5,0.0
Mexico,2024-04-14,18,Monterrey,San Nicolás,11,9,426.4,0.0
Mexico,2024-04-14,18,Monterrey,Santa Catarina,12,10,514.3,0.0
Mexico,2024-04-14,18,Monterrey,San Pedro,3,5,245.4,0.0
Mexico,2024-04-14,18,Monterrey,Cumbres Poniente,9,6,296.5,0.0
Mexico,2024-04-14,18,Monterrey,La Fe,10,8,474.5,0.0
Mexico,2024-04-14,18,Monterrey,MTY_Guadalupe,10,9,470.9,0.0
Mexico,2024-04-14,18,Monterrey,Independencia,5,5,265.0,0.0
Mexico,2024-04-14,18,Monterrey,Tec,7,6,351.7,0.0
Mexico,2024-04-14,19,Monterrey,Centro,15,16,738.9,0.0
Mexico,2024-04-14,19,Monterrey,Mitras Centro,15,13,714.1,0.0
Mexico,2024-04-14,19,Monterrey,Apodaca Centro,10,12,690.5,0.0
Mexico,2024-04-14,19,Monterrey,Escobedo,11,11,497.0,0.0
Mexico,2024-04-14,19,Monterrey,Carretera Nacional,7,9,451.1,0.0
Mexico,2024-04-14,19,Monterrey,MTY_Apodaca_Huinalá,13,14,793.2,0.0
Mexico,2024-04-14,19,Monterrey,San Nicolás,11,11,553.8,0.0
Mexico,2024-04-14,19,Monterrey,Santa Catarina,12,12,702.2,0.0
Mexico,2024-04-14,19,Monterrey,San Pedro,14,13,706.1,0.0
Mexico,2024-04-14,19,Monterrey,Cumbres Poniente,12,10,455.2,0.0
Mexico,2024-04-14,19,Monterrey,La Fe,14,12,711.6,0.0
Mexico,2024-04-14,19,Monterrey,MTY_Guadalupe,12,10,476.3,0.0
Mexico,2024-04-14,19,Monterrey,Independencia,14,11,657.0,0.0
Mexico,2024-04-14,19,Monterrey,Tec,14,13,692.6,0.0
Mexico,2024-04-14,20,Monterrey,Centro,13,11,500.1,0.5
Mexico,2024-04-14,20,Monterrey,Mitras Centro,15,17,879.2,0.5
Mexico,2024-04-14,20,Monterrey,Apodaca Centro,13,13,652.8,0.5
Mexico,2024-04-14,20,Monterrey,Escobedo,15,17,855.4,0.5
Mexico,2024-04-14,20,Monterrey,Carretera Nacional,16,13,767.8,0.5
Mexico,2024-04-14,20,Monterrey,MTY_Apodaca_Huinalá,12,14,659.5,0.5
Mexico,2024-04-14,20,Monterrey,San Nicolás,7,5,285.9,0.5
Mexico,2024-04-14,20,Monterrey,Santa Catarina,13,11,515.5,0.5
Mexico,2024-04-14,20,Monterrey,San Pedro,16,13,724.4,0.5
Mexico,2024-04-14,20,Monterrey,Cumbres Poniente,13,13,599.9,0.5
Mexico,2024-04-14,20,Monterrey,La Fe,6,6,281.3,0.5
Mexico,2024-04-14,20,Monterrey,MTY_Guadalupe,11,11,613.1,0.5
Mexico,2024-04-14,20,Monterrey,Independencia,12,13,601.1,0.5
Mexico,2024-04-14,20,Monterrey,Tec,22,19,1009.0,0.5
Mexico,2024-04-14,21,Monterrey,Centro,14,13,662.9,0.0
Mexico,2024-04-14,21,Monterrey,Mitras Centro,9,6,281.8,0.0
Mexico,2024-04-14,21,Monterrey,Apodaca Centro,12,13,735.6,0.0
Mexico,2024-04-14,21,Monterrey,Escobedo,4,6,279.3,0.0
Mexico,2024-04-14,21,Monterrey,Carretera Nacional,12,14,659.7,0.0
Mexico,2024-04-14,21,Monterrey,MTY_Apodaca_Huinalá,6,8,441.8,0.0
Mexico,2024-04-14,21,Monterrey,San Nicolás,18,15,724.1,0.0
Mexico,2024-04-14,21,Monterrey,Santa Catarina,13,14,828.3,0.0
Mexico,2024-04-14,21,Monterrey,San Pedro,15,14,801.9,0.0
Mexico,2024-04-14,21,Monterrey,Cumbres Poniente,10,12,588.2,0.0
Mexico,2024-04-14,21,Monterrey,La Fe,13,10,593.4,0.0
Mexico,2024-04-14,21,Monterrey,MTY_Guadalupe,9,11,533.5,0.0
Mexico,2024-04-14,21,Monterrey,Independencia,16,14,805.6,0.0
Mexico,2024-04-14,21,Monterrey,Tec,16,16,745.7,0.0
Mexico,2024-04-14,22,Monterrey,Centro,5,4,216.3,0.0
Mexico,2024-04-14,22,Monterrey,Mitras Centro,15,15,791.5,0.0
Mexico,2024-04-14,22,Monterrey,Apodaca Centro,11,9,461.2,0.0
Mexico,2024-04-14,22,Monterrey,Escobedo,12,13,644.2,0.0
Mexico,2024-04-14,22,Monterrey,Carretera Nacional,4,6,290.8,0.0
Mexico,2024-04-14,22,Monterrey,MTY_Apodaca_Huinalá,6,4,210.9,0.0
Mexico,2024-04-14,22,Monterrey,San Nicolás,10,12,558.5,0.0
Mexico,2024-04-14,22,Monterrey,Santa Catarina,6,6,270.9,0.0
Mexico,2024-04-14,22,Monterrey,San Pedro,12,10,551.3,0.0
Mexico,2024-04-14,22,Monterrey,Cumbres Poniente,5,6,316.4,0.0
Mexico,2024-04-14,22,Monterrey,La Fe,14,14,829.1,0.0
Mexico,2024-04-14,22,Monterrey,MTY_Guadalupe,5,7,361.9,0.0
Mexico,2024-04-14,22,Monterrey,Independencia,8,6,323.2,0.0
Mexico,2024-04-14,22,Monterrey,Tec,12,9,437.5,0.0
Mexico,2024-04-14,23,Monterrey,Centro,8,6,323.3,0.0
Mexico,2024-04-14,23,Monterrey,Mitras Centro,13,10,543.4,0.0
Mexico,2024-04-14,23,Monterrey,Apodaca Centro,7,6,316.5,0.0
Mexico,2024-04-14,23,Monterrey,Escobedo,13,10,492.4,0.0
Mexico,2024-04-14,23,Monterrey,Carretera Nacional,7,7,364.9,0.0
Mexico,2024-04-14,23,Monterrey,MTY_Apodaca_Huinalá,11,10,544.8,0.0
Mexico,2024-04-14,23,Monterrey,San Nicolás,9,9,439.6,0.0
Mexico,2024-04-14,23,Monterrey,Santa Catarina,4,4,194.9,0.0
Mexico,2024-04-14,23,Monterrey,San Pedro,2,4,192.7,0.0
Mexico,2024-04-14,23,Monterrey,Cumbres Poniente,5,6,356.0,0.0
Mexico,2024-04-14,23,Monterrey,La Fe,10,11,619.4,0.0
Mexico,2024-04-14,23,Monterrey,MTY_Guadalupe,9,10,472.0,0.0
Mexico,2024-04-14,23,Monterrey,Independencia,9,9,525.0,0.0
Mexico,2024-04-14,23,Monterrey,Tec,4,6,309.0,0.0
Mexico,2024-04-15,0,Monterrey,Centro,4,2,95.1,0.0
Mexico,2024-04-15,0,Monterrey,Mitras Centro,7,6,283.3,0.0
Mexico,2024-04-15,0,Monterrey,Apodaca Centro,4,5,276.4,0.0
Mexico,2024-04-15,0,Monterrey,Escobedo,1,3,152.8,0.0
Mexico,2024-04-15,0,Monterrey,Carretera Nacional,9,6,326.9,0.0
Mexico,2024-04-15,0,Monterrey,MTY_Apodaca_Huinalá,12,9,519.1,0.0
Mexico,2024-04-15,0,Monterrey,San Nicolás,3,5,244.1,0.0
Mexico,2024-04-15,0,Monterrey,Santa Catarina,7,4,200.7,0.0
Mexico,2024-04-15,0,Monterrey,San Pedro,10,7,405.4,0.0
Mexico,2024-04-15,0,Monterrey,Cumbres Poniente,11,9,524.4,0.0
Mexico,2024-04-15,0,Monterrey,La Fe,7,6,304.1,0.0
Mexico,2024-04-15,0,Monterrey,MTY_Guadalupe,9,6,349.7,0.0
Mexico,2024-04-15,0,Monterrey,Independencia,4,6,355.9,0.0
Mexico,2024-04-15,0,Monterrey,Tec,3,2,117.8,0.0
Mexico,2024-04-15,1,Monterrey,Centro,7,8,417.6,0.0
Mexico,2024-04-15,1,Monterrey,Mitras Centro,9,9,436.4,0.0
Mexico,2024-04-15,1,Monterrey,Apodaca Centro,3,3,165.1,0.0
Mexico,2024-04-15,1,Monterrey,Escobedo,5,5,260.6,0.0
Mexico,2024-04-15,1,Monterrey,Carretera Nacional,10,7,334.4,0.0
Mexico,2024-04-15,1,Monterrey,MTY_Apodaca_Huinalá,3,5,273.4,0.0
Mexico,2024-04-15,1,Monterrey,San Nicolás,4,5,242.4,0.0
Mexico,2024-04-15,1,Monterrey,Santa Catarina,6,5,290.7,0.0
Mexico,2024-04-15,1,Monterrey,San Pedro,4,3,156.8,0.0
Mexico,2024-04-15,1,Monterrey,Cumbres Poniente,6,4,188.6,0.0
Mexico,2024-04-15,1,Monterrey,La Fe,7,7,377.0,0.0
Mexico,2024-04-15,1,Monterrey,MTY_Guadalupe,1,2,98.1,0.0
Mexico,2024-04-15,1,Monterrey,Independencia,10,7,375.4,0.0
Mexico,2024-04-15,1,Monterrey,Tec,4,5,233.0,0.0
Mexico,2024-04-15,2,Monterrey,Centro,7,6,285.6,0.0
Mexico,2024-04-15,2,Monterrey,Mitras Centro,7,4,223.7,0.0
Mexico,2024-04-15,2,Monterrey,Apodaca Centro,4,1,58.1,0.0
Mexico,2024-04-15,2,Monterrey,Escobedo,4,5,261.8,0.0
Mexico,2024-04-15,2,Monterrey,Carretera Nacional,5,4,192.8,0.0
Mexico,2024-04-15,2,Monterrey,MTY_Apodaca_Huinalá,5,4,228.9,0.0
Mexico,2024-04-15,2,Monterrey,San Nicolás,2,4,197.0,0.0
Mexico,2024-04-15,2,Monterrey,Santa Catarina,1,1,51.6,0.0
Mexico,2024-04-15,2,Monterrey,San Pedro,3,5,271.1,0.0
Mexico,2024-04-15,2,Monterrey,Cumbres Poniente,11,10,461.8,0.0
Mexico,2024-04-15,2,Monterrey,La Fe,1,1,53.9,0.0
Mexico,2024-04-15,2,Monterrey,MTY_Guadalupe,10,7,389.4,0.0
Mexico,2024-04-15,2,Monterrey,Independencia,6,6,334.1,0.0
Mexico,2024-04-15,2,Monterrey,Tec,5,4,224.1,0.0
Mexico,2024-04-15,3,Monterrey,Centro,4,6,351.2,0.0
Mexico,2024-04-15,3,Monterrey,Mitras Centro,8,6,326.4,0.0
Mexico,2024-04-15,3,Monterrey,Apodaca Centro,7,4,206.9,0.0
Mexico,2024-04-15,3,Monterrey,Escobedo,8,5,286.0,0.0
Mexico,2024-04-15,3,Monterrey,Carretera Nacional,4,3,144.1,0.0
Mexico,2024-04-15,3,Monterrey,MTY_Apodaca_Huinalá,7,5,242.7,0.0
Mexico,2024-04-15,3,Monterrey,San Nicolás,4,5,227.4,0.0
Mexico,2024-04-15,3,Monterrey,Santa Catarina,8,5,256.9,0.0
Mexico,2024-04-15,3,Monterrey,San Pedro,3,2,118.1,0.0
Mexico,2024-04-15,3,Monterrey,Cumbres Poniente,3,1,45.9,0.0
Mexico,2024-04-15,3,Monterrey,La Fe,9,7,394.2,0.0
Mexico,2024-04-15,3,Monterrey,MTY_Guadalupe,8,5,225.5,0.0
Mexico,2024-04-15,3,Monterrey,Independencia,8,6,331.6,0.0
Mexico,2024-04-15,3,Monterrey,Tec,10,8,366.7,0.0
Mexico,2024-04-15,4,Monterrey,Centro,3,4,208.6,0.0
Mexico,2024-04-15,4,Monterrey,Mitras Centro,4,5,293.5,0.0
Mexico,2024-04-15,4,Monterrey,Apodaca Centro,7,5,286.8,0.0
Mexico,2024-04-15,4,Monterrey,Escobedo,5,7,388.0,0.0
Mexico,2024-04-15,4,Monterrey,Carretera Nacional,6,5,265.9,0.0
Mexico,2024-04-15,4,Monterrey,MTY_Apodaca_Huinalá,9,9,480.8,0.0
Mexico,2024-04-15,4,Monterrey,San Nicolás,6,7,408.1,0.0
Mexico,2024-04-15,4,Monterrey,Santa Catarina,6,6,273.2,0.0
Mexico,2024-04-15,4,Monterrey,San Pedro,5,2,115.3,0.0
Mexico,2024-04-15,4,Monterrey,Cumbres Poniente,2,3,158.9,0.0
Mexico,2024-04-15,4,Monterrey,La Fe,5,3,158.0,0.0
Mexico,2024-04-15,4,Monterrey,MTY_Guadalupe,10,7,376.0,0.0
Mexico,2024-04-15,4,Monterrey,Independencia,4,4,210.2,0.0
Mexico,2024-04-15,4,Monterrey,Tec,4,1,47.1,0.0
Mexico,2024-04-15,5,Monterrey,Centro,2,4,183.9,0.0
Mexico,2024-04-15,5,Monterrey,Mitras Centro,2,4,187.3,0.0
Mexico,2024-04-15,5,Monterrey,Apodaca Centro,4,2,97.1,0.0
Mexico,2024-04-15,5,Monterrey,Escobedo,6,4,224.4,0.0
Mexico,2024-04-15,5,Monterrey,Carretera Nacional,5,3,138.8,0.0
Mexico,2024-04-15,5,Monterrey,MTY_Apodaca_Huinalá,9,7,380.7,0.0
Mexico,2024-04-15,5,Monterrey,San Nicolás,1,2,116.7,0.0
Mexico,2024-04-15,5,Monterrey,Santa Catarina,6,4,211.3,0.0
Mexico,2024-04-15,5,Monterrey,San Pedro,6,3,175.5,0.0
Mexico,2024-04-15,5,Monterrey,Cumbres Poniente,6,3,143.9,0.0
Mexico,2024-04-15,5,Monterrey,La Fe,5,7,319.7,0.0
Mexico,2024-04-15,5,Monterrey,MTY_Guadalupe,6,5,235.0,0.0
Mexico,2024-04-15,5,Monterrey,Independencia,1,2,99.8,0.0
Mexico,2024-04-15,5,Monterrey,Tec,5,3,148.2,0.0
Mexico,2024-04-15,6,Monterrey,Centro,9,6,311.0,0.0
Mexico,2024-04-15,6,Monterrey,Mitras Centro,1,2,116.0,0.0
Mexico,2024-04-15,6,Monterrey,Apodaca Centro,12,9,409.5,0.0
Mexico,2024-04-15,6,Monterrey,Escobedo,4,3,147.4,0.0
Mexico,2024-04-15,6,Monterrey,Carretera Nacional,3,3,165.9,0.0
Mexico,2024-04-15,6,Monterrey,MTY_Apodaca_Huinalá,8,5,240.3,0.0
Mexico,2024-04-15,6,Monterrey,San Nicolás,4,3,165.0,0.0
Mexico,2024-04-15,6,Monterrey,Santa Catarina,5,3,156.4,0.0
Mexico,2024-04-15,6,Monterrey,San Pedro,2,4,226.1,0.0
Mexico,2024-04-15,6,Monterrey,Cumbres Poniente,10,8,474.7,0.0
Mexico,2024-04-15,6,Monterrey,La Fe,6,7,369.1,0.0
Mexico,2024-04-15,6,Monterrey,MTY_Guadalupe,3,5,285.7,0.0
Mexico,2024-04-15,6,Monterrey,Independencia,10,7,341.2,0.0
Mexico,2024-04-15,6,Monterrey,Tec,4,2,96.9,0.0
Mexico,2024-04-15,7,Monterrey,Centro,4,1,52.0,0.0
Mexico,2024-04-15,7,Monterrey,Mitras Centro,7,6,356.9,0.0
Mexico,2024-04-15,7,Monterrey,Apodaca Centro,1,0,0.0,0.0
Mexico,2024-04-15,7,Monterrey,Escobedo,7,5,291.7,0.0
Mexico,2024-04-15,7,Monterrey,Carretera Nacional,6,7,372.2,0.0
Mexico,2024-04-15,7,Monterrey,MTY_Apodaca_Huinalá,4,6,270.7,0.0
Mexico,2024-04-15,7,Monterrey,San Nicolás,1,3,160.5,0.0
Mexico,2024-04-15,7,Monterrey,Santa Catarina,6,4,234.6,0.0
Mexico,2024-04-15,7,Monterrey,San Pedro,3,5,299.8,0.0
Mexico,2024-04-15,7,Monterrey,Cumbres Poniente,2,4,199.2,0.0
Mexico,2024-04-15,7,Monterrey,La Fe,6,6,324.2,0.0
Mexico,2024-04-15,7,Monterrey,MTY_Guadalupe,4,5,268.9,0.0
Mexico,2024-04-15,7,Monterrey,Independencia,6,8,421.3,0.0
Mexico,2024-04-15,7,Monterrey,Tec,6,7,419.9,0.0
Mexico,2024-04-15,8,Monterrey,Centro,8,6,296.8,0.0
Mexico,2024-04-15,8,Monterrey,Mitras Centro,3,3,137.0,0.0
Mexico,2024-04-15,8,Monterrey,Apodaca Centro,10,7,383.4,0.0
Mexico,2024-04-15,8,Monterrey,Escobedo,7,6,320.1,0.0
Mexico,2024-04-15,8,Monterrey,Carretera Nacional,5,5,270.3,0.0
Mexico,2024-04-15,8,Monterrey,MTY_Apodaca_Huinalá,4,5,228.1,0.0
Mexico,2024-04-15,8,Monterrey,San Nicolás,7,5,226.1,0.0
Mexico,2024-04-15,8,Monterrey,Santa Catarina,7,8,364.8,0.0
Mexico,2024-04-15,8,Monterrey,San Pedro,6,6,358.9,0.0
Mexico,2024-04-15,8,Monterrey,Cumbres Poniente,7,7,329.6,0.0
Mexico,2024-04-15,8,Monterrey,La Fe,6,4,186.7,0.0
Mexico,2024-04-15,8,Monterrey,MTY_Guadalupe,10,7,333.0,0.0
Mexico,2024-04-15,8,Monterrey,Independencia,1,1,52.7,0.0
Mexico,2024-04-15,8,Monterrey,Tec,6,5,244.6,0.0
Mexico,2024-04-15,9,Monterrey,Centro,3,2,91.6,0.0
Mexico,2024-04-15,9,Monterrey,Mitras Centro,8,5,289.6,0.0
Mexico,2024-04-15,9,Monterrey,Apodaca Centro,1,3,158.3,0.0
Mexico,2024-04-15,9,Monterrey,Escobedo,5,6,314.4,0.0
Mexico,2024-04-15,9,Monterrey,Carretera Nacional,2,2,118.9,0.0
Mexico,2024-04-15,9,Monterrey,MTY_Apodaca_Huinalá,5,4,239.6,0.0
Mexico,2024-04-15,9,Monterrey,San Nicolás,8,7,406.6,0.0
Mexico,2024-04-15,9,Monterrey,Santa Catarina,7,6,306.1,0.0
Mexico,2024-04-15,9,Monterrey,San Pedro,1,3,141.3,0.0
Mexico,2024-04-15,9,Monterrey,Cumbres Poniente,3,4,224.3,0.0
Mexico,2024-04-15,9,Monterrey,La Fe,6,3,157.6,0.0
Mexico,2024-04-15,9,Monterrey,MTY_Guadalupe,5,7,362.4,0.0
Mexico,2024-04-15,9,Monterrey,Independencia,4,5,273.6,0.0
Mexico,2024-04-15,9,Monterrey,Tec,4,2,90.7,0.0
Mexico,2024-04-15,10,Monterrey,Centro,9,9,500.5,0.0
Mexico,2024-04-15,10,Monterrey,Mitras Centro,8,7,410.4,0.0
Mexico,2024-04-15,10,Monterrey,Apodaca Centro,4,4,220.1,0.0
Mexico,2024-04-15,10,Monterrey,Escobedo,7,8,476.3,0.0
Mexico,2024-04-15,10,Monterrey,Carretera Nacional,7,7,318.5,0.0
Mexico,2024-04-15,10,Monterrey,MTY_Apodaca_Huinalá,4,3,176.4,0.0
Mexico,2024-04-15,10,Monterrey,San Nicolás,10,8,407.9,0.0
Mexico,2024-04-15,10,Monterrey,Santa Catarina,4,3,144.0,0.0
Mexico,2024-04-15,10,Monterrey,San Pedro,1,3,137.0,0.0
Mexico,2024-04-15,10,Monterrey,Cumbres Poniente,5,6,323.8,0.0
Mexico,2024-04-15,10,Monterrey,La Fe,7,9,406.8,0.0
Mexico,2024-04-15,10,Monterrey,MTY_Guadalupe,7,5,259.1,0.0
Mexico,2024-04-15,10,Monterrey,Independencia,6,5,265.4,0.0
Mexico,2024-04-15,10,Monterrey,Tec,2,2,107.0,0.0
Mexico,2024-04-15,11,Monterrey,Centro,7,4,225.5,0.0
Mexico,2024-04-15,11,Monterrey,Mitras Centro,11,8,442.9,0.0
Mexico,2024-04-15,11,Monterrey,Apodaca Centro,4,5,281.5,0.0
Mexico,2024-04-15,11,Monterrey,Escobedo,1,3,176.7,0.0
Mexico,2024-04-15,11,Monterrey,Carretera Nacional,15,12,677.6,0.0
Mexico,2024-04-15,11,Monterrey,MTY_Apodaca_Huinalá,2,3,150.1,0.0
Mexico,2024-04-15,11,Monterrey,San Nicolás,6,4,206.3,0.0
Mexico,2024-04-15,11,Monterrey,Santa Catarina,8,6,318.3,0.0
Mexico,2024-04-15,11,Monterrey,San Pedro,6,3,161.3,0.0
Mexico,2024-04-15,11,Monterrey,Cumbres Poniente,5,6,343.7,0.0
Mexico,2024-04-15,11,Monterrey,La Fe,1,1,59.0,0.0
Mexico,2024-04-15,11,Monterrey,MTY_Guadalupe,2,3,163.3,0.0
Mexico,2024-04-15,11,Monterrey,Independencia,3,4,197.2,0.0
Mexico,2024-04-15,11,Monterrey,Tec,7,5,284.5,0.0
Mexico,2024-04-15,12,Monterrey,Centro,8,5,262.5,0.0
Mexico,2024-04-15,12,Monterrey,Mitras Centro,1,1,52.7,0.0
Mexico,2024-04-15,12,Monterrey,Apodaca Centro,3,4,215.4,0.0
Mexico,2024-04-15,12,Monterrey,Escobedo,4,3,174.5,0.0
Mexico,2024-04-15,12,Monterrey,Carretera Nacional,5,2,107.0,0.0
Mexico,2024-04-15,12,Monterrey,MTY_Apodaca_Huinalá,7,7,385.1,0.0
Mexico,2024-04-15,12,Monterrey,San Nicolás,7,9,444.9,0.0
Mexico,2024-04-15,12,Monterrey,Santa Catarina,11,13,668.3,0.0
Mexico,2024-04-15,12,Monterrey,San Pedro,7,5,284.1,0.0
Mexico,2024-04-15,12,Monterrey,Cumbres Poniente,3,4,226.5,0.0
Mexico,2024-04-15,12,Monterrey,La Fe,8,5,248.1,0.0
Mexico,2024-04-15,12,Monterrey,MTY_Guadalupe,6,4,224.8,0.0
Mexico,2024-04-15,12,Monterrey,Independencia,3,4,228.0,0.0
Mexico,2024-04-15,12,Monterrey,Tec,5,5,266.2,0.0
Mexico,2024-04-15,13,Monterrey,Centro,8,6,291.4,0.0
Mexico,2024-04-15,13,Monterrey,Mitras Centro,17,16,740.7,0.0
Mexico,2024-04-15,13,Monterrey,Apodaca Centro,10,11,644.0,0.0
Mexico,2024-04-15,13,Monterrey,Escobedo,7,5,264.4,0.0
Mexico,2024-04-15,13,Monterrey,Carretera Nacional,4,6,297.0,0.0
Mexico,2024-04-15,13,Monterrey,MTY_Apodaca_Huinalá,14,12,580.8,0.0
Mexico,2024-04-15,13,Monterrey,San Nicolás,15,13,665.5,0.0
Mexico,2024-04-15,13,Monterrey,Santa Catarina,11,8,471.8,0.0
Mexico,2024-04-15,13,Monterrey,San Pedro,9,8,422.6,0.0
Mexico,2024-04-15,13,Monterrey,Cumbres Poniente,2,4,221.9,0.0
Mexico,2024-04-15,13,Monterrey,La Fe,15,12,686.2,0.0
Mexico,2024-04-15,13,Monterrey,MTY_Guadalupe,10,10,471.1,0.0
Mexico,2024-04-15,13,Monterrey,Independencia,10,8,478.4,0.0
Mexico,2024-04-15,13,Monterrey,Tec,12,11,652.7,0.0
Mexico,2024-04-15,14,Monterrey,Centro,2,4,218.8,0.0
Mexico,2024-04-15,14,Monterrey,Mitras Centro,15,14,644.9,0.0
Mexico,2024-04-15,14,Monterrey,Apodaca Centro,12,11,509.1,0.0
Mexico,2024-04-15,14,Monterrey,Escobedo,13,14,770.5,0.0
Mexico,2024-04-15,14,Monterrey,Carretera Nacional,17,18,845.9,0.0
Mexico,2024-04-15,14,Monterrey,MTY_Apodaca_Huinalá,13,10,577.3,0.0
Mexico,2024-04-15,14,Monterrey,San Nicolás,7,7,374.1,0.0
Mexico,2024-04-15,14,Monterrey,Santa Catarina,11,12,697.0,0.0
Mexico,2024-04-15,14,Monterrey,San Pedro,19,18,912.7,0.0
Mexico,2024-04-15,14,Monterrey,Cumbres Poniente,6,6,288.4,0.0
Mexico,2024-04-15,14,Monterrey,La Fe,8,9,522.3,0.0
Mexico,2024-04-15,14,Monterrey,MTY_Guadalupe,9,11,589.9,0.0
Mexico,2024-04-15,14,Monterrey,Independencia,10,8,436.3,0.0
Mexico,2024-04-15,14,Monterrey,Tec,11,11,537.8,0.0
Mexico,2024-04-15,15,Monterrey,Centro,5,3,158.7,0.5
Mexico,2024-04-15,15,Monterrey,Mitras Centro,5,5,287.4,0.5
Mexico,2024-04-15,15,Monterrey,Apodaca Centro,5,6,329.2,0.5
Mexico,2024-04-15,15,Monterrey,Escobedo,6,5,267.2,0.5
Mexico,2024-04-15,15,Monterrey,Carretera Nacional,8,6,307.2,0.5
Mexico,2024-04-15,15,Monterrey,MTY_Apodaca_Huinalá,7,8,408.3,0.5
Mexico,2024-04-15,15,Monterrey,San Nicolás,5,6,317.6,0.5
Mexico,2024-04-15,15,Monterrey,Santa Catarina,9,7,330.2,0.5
Mexico,2024-04-15,15,Monterrey,San Pedro,13,11,658.2,0.5
Mexico,2024-04-15,15,Monterrey,Cumbres Poniente,4,6,284.6,0.5
Mexico,2024-04-15,15,Monterrey,La Fe,3,2,102.8,0.5
Mexico,2024-04-15,15,Monterrey,MTY_Guadalupe,6,7,411.7,0.5
Mexico,2024-04-15,15,Monterrey,Independencia,3,2,103.9,0.5
Mexico,2024-04-15,15,Monterrey,Tec,3,4,226.9,0.5
Mexico,2024-04-15,16,Monterrey,Centro,2,4,213.0,0.0
Mexico,2024-04-15,16,Monterrey,Mitras Centro,7,8,417.9,0.0
Mexico,2024-04-15,16,Monterrey,Apodaca Centro,4,2,90.7,0.0
Mexico,2024-04-15,16,Monterrey,Escobedo,3,5,290.5,0.0
Mexico,2024-04-15,16,Monterrey,Carretera Nacional,6,4,197.3,0.0
Mexico,2024-04-15,16,Monterrey,MTY_Apodaca_Huinalá,2,3,139.6,0.0
Mexico,2024-04-15,16,Monterrey,San Nicolás,7,8,383.6,0.0
Mexico,2024-04-15,16,Monterrey,Santa Catarina,4,4,190.9,0.0
Mexico,2024-04-15,16,Monterrey,San Pedro,5,3,161.6,0.0
Mexico,2024-04-15,16,Monterrey,Cumbres Poniente,2,4,199.8,0.0
Mexico,2024-04-15,16,Monterrey,La Fe,5,5,265.9,0.0
Mexico,2024-04-15,16,Monterrey,MTY_Guadalupe,8,7,366.0,0.0
Mexico,2024-04-15,16,Monterrey,Independencia,6,7,394.0,0.0
Mexico,2024-04-15,16,Monterrey,Tec,11,9,532.5,0.0
Mexico,2024-04-15,17,Monterrey,Centro,4,1,49.2,0.0
Mexico,2024-04-15,17,Monterrey,Mitras Centro,2,3,157.0,0.0
Mexico,2024-04-15,17,Monterrey,Apodaca Centro,11,11,648.3,0.0
Mexico,2024-04-15,17,Monterrey,Escobedo,3,4,238.6,0.0
Mexico,2024-04-15,17,Monterrey,Carretera Nacional,3,4,209.0,0.0
Mexico,2024-04-15,17,Monterrey,MTY_Apodaca_Huinalá,5,4,206.2,0.0
Mexico,2024-04-15,17,Monterrey,San Nicolás,5,5,291.1,0.0
Mexico,2024-04-15,17,Monterrey,Santa Catarina,10,7,315.1,0.0
Mexico,2024-04-15,17,Monterrey,San Pedro,6,5,262.6,0.0
Mexico,2024-04-15,17,Monterrey,Cumbres Poniente,3,2,91.7,0.0
Mexico,2024-04-15,17,Monterrey,La Fe,6,7,408.2,0.0
Mexico,2024-04-15,17,Monterrey,MTY_Guadalupe,8,8,454.0,0.0
Mexico,2024-04-15,17,Monterrey,Independencia,6,8,447.6,0.0
Mexico,2024-04-15,17,Monterrey,Tec,4,3,146.8,0.0
Mexico,2024-04-15,18,Monterrey,Centro,3,4,196.1,0.0
Mexico,2024-04-15,18,Monterrey,Mitras Centro,6,3,151.7,0.0
Mexico,2024-04-15,18,Monterrey,Apodaca Centro,8,7,321.1,0.0
Mexico,2024-04-15,18,Monterrey,Escobedo,5,4,212.5,0.0
Mexico,2024-04-15,18,Monterrey,Carretera Nacional,12,11,532.0,0.0
Mexico,2024-04-15,18,Monterrey,MTY_Apodaca_Huinalá,6,7,371.3,0.0
Mexico,2024-04-15,18,Monterrey,San Nicolás,8,8,405.3,0.0
Mexico,2024-04-15,18,Monterrey,Santa Catarina,6,3,142.4,0.0
Mexico,2024-04-15,18,Monterrey,San Pedro,9,10,527.7,0.0
Mexico,2024-04-15,18,Monterrey,Cumbres Poniente,3,3,174.8,0.0
Mexico,2024-04-15,18,Monterrey,La Fe,4,1,51.4,0.0
Mexico,2024-04-15,18,Monterrey,MTY_Guadalupe,12,12,639.6,0.0
Mexico,2024-04-15,18,Monterrey,Independencia,6,6,330.6,0.0
Mexico,2024-04-15,18,Monterrey,Tec,4,3,156.2,0.0
Mexico,2024-04-15,19,Monterrey,Centro,9,10,543.9,0.0
Mexico,2024-04-15,19,Monterrey,Mitras Centro,10,8,365.8,0.0
Mexico,2024-04-15,19,Monterrey,Apodaca Centro,1,2,102.2,0.0
Mexico,2024-04-15,19,Monterrey,Escobedo,10,10,569.7,0.0
Mexico,2024-04-15,19,Monterrey,Carretera Nacional,14,13,604.8,0.0
Mexico,2024-04-15,19,Monterrey,MTY_Apodaca_Huinalá,9,10,580.6,0.0
Mexico,2024-04-15,19,Monterrey,San Nicolás,9,8,378.3,0.0
Mexico,2024-04-15,19,Monterrey,Santa Catarina,16,13,628.1,0.0
Mexico,2024-04-15,19,Monterrey,San Pedro,15,12,636.2,0.0
Mexico,2024-04-15,19,Monterrey,Cumbres Poniente,12,12,630.1,0.0
Mexico,2024-04-15,19,Monterrey,La Fe,11,11,645.0,0.0
Mexico,2024-04-15,19,Monterrey,MTY_Guadalupe,9,10,577.6,0.0
Mexico,2024-04-15,19,Monterrey,Independencia,17,16,858.8,0.0
Mexico,2024-04-15,19,Monterrey,Tec,11,11,582.6,0.0
Mexico,2024-04-15,20,Monterrey,Centro,6,5,279.3,0.0
Mexico,2024-04-15,20,Monterrey,Mitras Centro,10,10,544.7,0.0
Mexico,2024-04-15,20,Monterrey,Apodaca Centro,10,12,544.8,0.0
Mexico,2024-04-15,20,Monterrey,Escobedo,14,12,608.4,0.0
Mexico,2024-04-15,20,Monterrey,Carretera Nacional,9,9,529.3,0.0
Mexico,2024-04-15,20,Monterrey,MTY_Apodaca_Huinalá,5,6,283.3,0.0
Mexico,2024-04-15,20,Monterrey,San Nicolás,12,9,506.7,0.0
Mexico,2024-04-15,20,Monterrey,Santa Catarina,10,7,401.5,0.0
Mexico,2024-04-15,20,Monterrey,San Pedro,6,8,435.1,0.0
Mexico,2024-04-15,20,Monterrey,Cumbres Poniente,7,9,426.2,0.0
Mexico,2024-04-15,20,Monterrey,La Fe,16,17,784.4,0.0
Mexico,2024-04-15,20,Monterrey,MTY_Guadalupe,11,13,654.0,0.0
Mexico,2024-04-15,20,Monterrey,Independencia,12,11,561.8,0.0
Mexico,2024-04-15,20,Monterrey,Tec,7,4,204.7,0.0
Mexico,2024-04-15,21,Monterrey,Centro,8,7,409.2,0.5
Mexico,2024-04-15,21,Monterrey,Mitras Centro,10,8,384.3,0.5
Mexico,2024-04-15,21,Monterrey,Apodaca Centro,7,8,420.7,0.5
Mexico,2024-04-15,21,Monterrey,Escobedo,10,8,457.5,0.5
Mexico,2024-04-15,21,Monterrey,Carretera Nacional,14,11,623.2,0.5
Mexico,2024-04-15,21,Monterrey,MTY_Apodaca_Huinalá,8,10,573.1,0.5
Mexico,2024-04-15,21,Monterrey,San Nicolás,13,11,658.7,0.5
Mexico,2024-04-15,21,Monterrey,Santa Catarina,13,14,826.2,0.5
Mexico,2024-04-15,21,Monterrey,San Pedro,10,12,563.9,0.5
Mexico,2024-04-15,21,Monterrey,Cumbres Poniente,14,12,629.8,0.5
Mexico,2024-04-15,21,Monterrey,La Fe,10,9,414.4,0.5
Mexico,2024-04-15,21,Monterrey,MTY_Guadalupe,8,10,500.6,0.5
Mexico,2024-04-15,21,Monterrey,Independencia,14,12,708.5,0.5
Mexico,2024-04-15,21,Monterrey,Tec,3,5,238.4,0.5
Mexico,2024-04-15,22,Monterrey,Centro,9,6,301.1,0.0
Mexico,2024-04-15,22,Monterrey,Mitras Centro,9,7,397.4,0.0
Mexico,2024-04-15,22,Monterrey,Apodaca Centro,15,12,583.6,0.0
Mexico,2024-04-15,22,Monterrey,Escobedo,2,4,193.0,0.0
Mexico,2024-04-15,22,Monterrey,Carretera Nacional,14,12,648.5,0.0
Mexico,2024-04-15,22,Monterrey,MTY_Apodaca_Huinalá,7,6,278.9,0.0
Mexico,2024-04-15,22,Monterrey,San Nicolás,3,4,228.8,0.0
Mexico,2024-04-15,22,Monterrey,Santa Catarina,6,5,234.9,0.0
Mexico,2024-04-15,22,Monterrey,San Pedro,5,5,259.2,0.0
Mexico,2024-04-15,22,Monterrey,Cumbres Poniente,2,3,138.0,0.0
Mexico,2024-04-15,22,Monterrey,La Fe,7,7,322.7,0.0
Mexico,2024-04-15,22,Monterrey,MTY_Guadalupe,6,4,183.8,0.0
Mexico,2024-04-15,22,Monterrey,Independencia,7,5,255.0,0.0
Mexico,2024-04-15,22,Monterrey,Tec,2,3,171.0,0.0
Mexico,2024-04-15,23,Monterrey,Centro,8,5,292.5,0.0
Mexico,2024-04-15,23,Monterrey,Mitras Centro,8,6,296.8,0.0
Mexico,2024-04-15,23,Monterrey,Apodaca Centro,7,7,365.2,0.0
Mexico,2024-04-15,23,Monterrey,Escobedo,4,4,194.1,0.0
Mexico,2024-04-15,23,Monterrey,Carretera Nacional,2,2,95.7,0.0
Mexico,2024-04-15,23,Monterrey,MTY_Apodaca_Huinalá,8,7,318.2,0.0
Mexico,2024-04-15,23,Monterrey,San Nicolás,9,10,594.3,0.0
Mexico,2024-04-15,23,Monterrey,Santa Catarina,6,8,444.9,0.0
Mexico,2024-04-15,23,Monterrey,San Pedro,2,3,172.8,0.0
Mexico,2024-04-15,23,Monterrey,Cumbres Poniente,9,9,487.8,0.0
Mexico,2024-04-15,23,Monterrey,La Fe,8,7,378.8,0.0
Mexico,2024-04-15,23,Monterrey,MTY_Guadalupe,6,5,255.1,0.0
Mexico,2024-04-15,23,Monterrey,Independencia,5,7,418.1,0.0
Mexico,2024-04-15,23,Monterrey,Tec,1,1,58.6,0.0
Mexico,2024-04-16,0,Monterrey,Centro,6,4,190.7,0.0
Mexico,2024-04-16,0,Monterrey,Mitras Centro,4,3,154.8,0.0
Mexico,2024-04-16,0,Monterrey,Apodaca Centro,5,3,165.8,0.0
Mexico,2024-04-16,0,Monterrey,Escobedo,3,3,177.0,0.0
Mexico,2024-04-16,0,Monterrey,Carretera Nacional,6,4,230.3,0.0
Mexico,2024-04-16,0,Monterrey,MTY_Apodaca_Huinalá,6,7,397.0,0.0
Mexico,2024-04-16,0,Monterrey,San Nicolás,4,4,182.9,0.0
Mexico,2024-04-16,0,Monterrey,Santa Catarina,8,7,334.9,0.0
Mexico,2024-04-16,0,Monterrey,San Pedro,1,2,91.4,0.0
Mexico,2024-04-16,0,Monterrey,Cumbres Poniente,1,2,106.9,0.0
Mexico,2024-04-16,0,Monterrey,La Fe,4,6,329.5,0.0
Mexico,2024-04-16,0,Monterrey,MTY_Guadalupe,4,6,326.3,0.0
Mexico,2024-04-16,0,Monterrey,Independencia,6,5,242.1,0.0
Mexico,2024-04-16,0,Monterrey,Tec,8,5,258.5,0.0
Mexico,2024-04-16,1,Monterrey,Centro,7,6,359.4,0.0
Mexico,2024-04-16,1,Monterrey,Mitras Centro,12,9,453.6,0.0
Mexico,2024-04-16,1,Monterrey,Apodaca Centro,11,10,569.4,0.0
Mexico,2024-04-16,1,Monterrey,Escobedo,5,5,270.1,0.0
Mexico,2024-04-16,1,Monterrey,Carretera Nacional,8,6,317.4,0.0
Mexico,2024-04-16,1,Monterrey,MTY_Apodaca_Huinalá,4,6,332.9,0.0
Mexico,2024-04-16,1,Monterrey,San Nicolás,6,7,383.9,0.0
Mexico,2024-04-16,1,Monterrey,Santa Catarina,6,5,280.0,0.0
Mexico,2024-04-16,1,Monterrey,San Pedro,3,5,254.8,0.0
Mexico,2024-04-16,1,Monterrey,Cumbres Poniente,3,5,273.4,0.0
Mexico,2024-04-16,1,Monterrey,La Fe,6,4,218.6,0.0
Mexico,2024-04-16,1,Monterrey,MTY_Guadalupe,8,7,351.8,0.0
Mexico,2024-04-16,1,Monterrey,Independencia,4,3,144.8,0.0
Mexico,2024-04-16,1,Monterrey,Tec,6,8,383.2,0.0
Mexico,2024-04-16,2,Monterrey,Centro,11,10,557.5,0.0
Mexico,2024-04-16,2,Monterrey,Mitras Centro,3,4,217.5,0.0
Mexico,2024-04-16,2,Monterrey,Apodaca Centro,6,3,145.3,0.0
Mexico,2024-04-16,2,Monterrey,Escobedo,6,7,342.3,0.0
Mexico,2024-04-16,2,Monterrey,Carretera Nacional,1,3,166.6,0.0
Mexico,2024-04-16,2,Monterrey,MTY_Apodaca_Huinalá,12,10,505.0,0.0
Mexico,2024-04-16,2,Monterrey,San Nicolás,5,3,157.8,0.0
Mexico,2024-04-16,2,Monterrey,Santa Catarina,10,7,328.3,0.0
Mexico,2024-04-16,2,Monterrey,San Pedro,4,2,108.9,0.0
Mexico,2024-04-16,2,Monterrey,Cumbres Poniente,4,4,207.0,0.0
Mexico,2024-04-16,2,Monterrey,La Fe,4,5,256.1,0.0
Mexico,2024-04-16,2,Monterrey,MTY_Guadalupe,3,3,137.2,0.0
Mexico,2024-04-16,2,Monterrey,Independencia,2,4,218.0,0.0
Mexico,2024-04-16,2,Monterrey,Tec,6,3,177.2,0.0
Mexico,2024-04-16,3,Monterrey,Centro,4,6,342.3,0.0
Mexico,2024-04-16,3,Monterrey,Mitras Centro,5,4,184.5,0.0
Mexico,2024-04-16,3,Monterrey,Apodaca Centro,4,5,228.0,0.0
Mexico,2024-04-16,3,Monterrey,Escobedo,3,4,222.5,0.0
Mexico,2024-04-16,3,Monterrey,Carretera Nacional,1,2,118.6,0.0
Mexico,2024-04-16,3,Monterrey,MTY_Apodaca_Huinalá,1,3,165.3,0.0
Mexico,2024-04-16,3,Monterrey,San Nicolás,5,7,384.2,0.0
Mexico,2024-04-16,3,Monterrey,Santa Catarina,8,6,300.6,0.0
Mexico,2024-04-16,3,Monterrey,San Pedro,5,4,222.8,0.0
Mexico,2024-04-16,3,Monterrey,Cumbres Poniente,4,5,231.4,0.0
Mexico,2024-04-16,3,Monterrey,La Fe,10,8,470.7,0.0
Mexico,2024-04-16,3,Monterrey,MTY_Guadalupe,8,7,327.0,0.0
Mexico,2024-04-16,3,Monterrey,Independencia,8,8,393.0,0.0
Mexico,2024-04-16,3,Monterrey,Tec,6,3,151.4,0.0
Mexico,2024-04-16,4,Monterrey,Centro,11,10,587.8,0.0
Mexico,2024-04-16,4,Monterrey,Mitras Centro,8,7,414.4,0.0
Mexico,2024-04-16,4,Monterrey,Apodaca Centro,7,5,273.3,0.0
Mexico,2024-04-16,4,Monterrey,Escobedo,8,6,308.3,0.0
Mexico,2024-04-16,4,Monterrey,Carretera Nacional,5,3,175.2,0.0
Mexico,2024-04-16,4,Monterrey,MTY_Apodaca_Huinalá,8,6,273.5,0.0
Mexico,2024-04-16,4,Monterrey,San Nicolás,9,6,281.0,0.0
Mexico,2024-04-16,4,Monterrey,Santa Catarina,1,2,92.4,0.0
Mexico,2024-04-16,4,Monterrey,San Pedro,8,9,465.5,0.0
Mexico,2024-04-16,4,Monterrey,Cumbres Poniente,12,11,510.4,0.0
Mexico,2024-04-16,4,Monterrey,La Fe,5,6,337.0,0.0
Mexico,2024-04-16,4,Monterrey,MTY_Guadalupe,5,5,245.1,0.0
Mexico,2024-04-16,4,Monterrey,Independencia,3,3,153.2,0.0
Mexico,2024-04-16,4,Monterrey,Tec,8,5,289.0,0.0
Mexico,2024-04-16,5,Monterrey,Centro,7,10,568.4,2.5
Mexico,2024-04-16,5,Monterrey,Mitras Centro,5,7,392.1,2.5
Mexico,2024-04-16,5,Monterrey,Apodaca Centro,5,6,311.6,2.5
Mexico,2024-04-16,5,Monterrey,Escobedo,1,2,107.8,2.5
Mexico,2024-04-16,5,Monterrey,Carretera Nacional,3,5,246.5,2.5
Mexico,2024-04-16,5,Monterrey,MTY_Apodaca_Huinalá,1,5,262.5,2.5
Mexico,2024-04-16,5,Monterrey,San Nicolás,5,6,271.5,2.5
Mexico,2024-04-16,5,Monterrey,Santa Catarina,1,2,90.6,2.5
Mexico,2024-04-16,5,Monterrey,San Pedro,1,3,143.3,2.5
Mexico,2024-04-16,5,Monterrey,Cumbres Poniente,3,4,229.8,2.5
Mexico,2024-04-16,5,Monterrey,La Fe,4,8,443.2,2.5
Mexico,2024-04-16,5,Monterrey,MTY_Guadalupe,1,3,142.6,2.5
Mexico,2024-04-16,5,Monterrey,Independencia,2,4,206.5,2.5
Mexico,2024-04-16,5,Monterrey,Tec,3,4,209.0,2.5
Mexico,2024-04-16,6,Monterrey,Centro,9,9,498.3,0.0
Mexico,2024-04-16,6,Monterrey,Mitras Centro,3,4,192.6,0.0
Mexico,2024-04-16,6,Monterrey,Apodaca Centro,4,4,191.8,0.0
Mexico,2024-04-16,6,Monterrey,Escobedo,6,7,334.3,0.0
Mexico,2024-04-16,6,Monterrey,Carretera Nacional,7,6,314.0,0.0
Mexico,2024-04-16,6,Monterrey,MTY_Apodaca_Huinalá,3,5,260.6,0.0
Mexico,2024-04-16,6,Monterrey,San Nicolás,8,6,311.1,0.0
Mexico,2024-04-16,6,Monterrey,Santa Catarina,8,8,453.7,0.0
Mexico,2024-04-16,6,Monterrey,San Pedro,7,5,246.5,0.0
Mexico,2024-04-16,6,Monterrey,Cumbres Poniente,4,3,138.2,0.0
Mexico,2024-04-16,6,Monterrey,La Fe,7,5,273.7,0.0
Mexico,2024-04-16,6,Monterrey,MTY_Guadalupe,6,3,157.0,0.0
Mexico,2024-04-16,6,Monterrey,Independencia,5,7,370.7,0.0
Mexico,2024-04-16,6,Monterrey,Tec,5,4,191.0,0.0
Mexico,2024-04-16,7,Monterrey,Centro,1,2,118.4,2.5
Mexico,2024-04-16,7,Monterrey,Mitras Centro,4,7,323.3,2.5
Mexico,2024-04-16,7,Monterrey,Apodaca Centro,5,9,457.5,2.5
Mexico,2024-04-16,7,Monterrey,Escobedo,5,7,389.3,2.5
Mexico,2024-04-16,7,Monterrey,Carretera Nacional,7,9,495.5,2.5
Mexico,2024-04-16,7,Monterrey,MTY_Apodaca_Huinalá,2,4,234.7,2.5
Mexico,2024-04-16,7,Monterrey,San Nicolás,4,8,463.1,2.5
Mexico,2024-04-16,7,Monterrey,Santa Catarina,7,9,503.1,2.5
Mexico,2024-04-16,7,Monterrey,San Pedro,5,6,346.3,2.5
Mexico,2024-04-16,7,Monterrey,Cumbres Poniente,7,9,454.1,2.5
Mexico,2024-04-16,7,Monterrey,La Fe,1,4,203.2,2.5
Mexico,2024-04-16,7,Monterrey,MTY_Guadalupe,2,5,289.4,2.5
Mexico,2024-04-16,7,Monterrey,Independencia,1,3,152.2,2.5
Mexico,2024-04-16,7,Monterrey,Tec,1,4,199.2,2.5
Mexico,2024-04-16,8,Monterrey,Centro,12,11,607.8,0.0
Mexico,2024-04-16,8,Monterrey,Mitras Centro,4,4,197.4,0.0
Mexico,2024-04-16,8,Monterrey,Apodaca Centro,6,4,197.6,0.0
Mexico,2024-04-16,8,Monterrey,Escobedo,7,4,205.9,0.0
Mexico,2024-04-16,8,Monterrey,Carretera Nacional,2,3,155.6,0.0
Mexico,2024-04-16,8,Monterrey,MTY_Apodaca_Huinalá,4,1,53.0,0.0
Mexico,2024-04-16,8,Monterrey,San Nicolás,10,7,389.0,0.0
Mexico,2024-04-16,8,Monterrey,Santa Catarina,6,7,358.5,0.0
Mexico,2024-04-16,8,Monterrey,San Pedro,6,5,288.9,0.0
Mexico,2024-04-16,8,Monterrey,Cumbres Poniente,3,3,141.6,0.0
Mexico,2024-04-16,8,Monterrey,La Fe,11,11,653.5,0.0
Mexico,2024-04-16,8,Monterrey,MTY_Guadalupe,2,4,226.9,0.0
Mexico,2024-04-16,8,Monterrey,Independencia,5,7,318.7,0.0
Mexico,2024-04-16,8,Monterrey,Tec,7,5,246.5,0.0
Mexico,2024-04-16,9,Monterrey,Centro,7,4,202.4,0.0
Mexico,2024-04-16,9,Monterrey,Mitras Centro,5,7,329.1,0.0
Mexico,2024-04-16,9,Monterrey,Apodaca Centro,9,7,348.0,0.0
Mexico,2024-04-16,9,Monterrey,Escobedo,3,4,188.0,0.0
Mexico,2024-04-16,9,Monterrey,Carretera Nacional,5,2,111.5,0.0
Mexico,2024-04-16,9,Monterrey,MTY_Apodaca_Huinalá,15,12,590.8,0.0
Mexico,2024-04-16,9,Monterrey,San Nicolás,2,4,210.2,0.0
Mexico,2024-04-16,9,Monterrey,Santa Catarina,9,6,350.9,0.0
Mexico,2024-04-16,9,Monterrey,San Pedro,11,9,412.9,0.0
Mexico,2024-04-16,9,Monterrey,Cumbres Poniente,3,5,283.3,0.0
Mexico,2024-04-16,9,Monterrey,La Fe,4,5,276.0,0.0
Mexico,2024-04-16,9,Monterrey,MTY_Guadalupe,5,7,402.4,0.0
Mexico,2024-04-16,9,Monterrey,Independencia,5,4,191.7,0.0
Mexico,2024-04-16,9,Monterrey,Tec,10,9,484.3,0.0
Mexico,2024-04-16,10,Monterrey,Centro,8,6,333.1,0.0
Mexico,2024-04-16,10,Monterrey,Mitras Centro,3,4,220.3,0.0
Mexico,2024-04-16,10,Monterrey,Apodaca Centro,5,6,288.7,0.0
Mexico,2024-04-16,10,Monterrey,Escobedo,2,4,232.2,0.0
Mexico,2024-04-16,10,Monterrey,Carretera Nacional,1,3,177.7,0.0
Mexico,2024-04-16,10,Monterrey,MTY_Apodaca_Huinalá,5,7,412.2,0.0
Mexico,2024-04-16,10,Monterrey,San Nicolás,8,5,241.0,0.0
Mexico,2024-04-16,10,Monterrey,Santa Catarina,10,7,365.9,0.0
Mexico,2024-04-16,10,Monterrey,San Pedro,6,5,284.7,0.0
Mexico,2024-04-16,10,Monterrey,Cumbres Poniente,6,3,161.8,0.0
Mexico,2024-04-16,10,Monterrey,La Fe,8,5,293.9,0.0
Mexico,2024-04-16,10,Monterrey,MTY_Guadalupe,5,6,346.3,0.0
Mexico,2024-04-16,10,Monterrey,Independencia,3,4,233.6,0.0
Mexico,2024-04-16,10,Monterrey,Tec,5,7,364.3,0.0
Mexico,2024-04-16,11,Monterrey,Centro,4,5,250.4,0.0
Mexico,2024-04-16,11,Monterrey,Mitras Centro,2,1,47.9,0.0
Mexico,2024-04-16,11,Monterrey,Apodaca Centro,5,3,162.4,0.0
Mexico,2024-04-16,11,Monterrey,Escobedo,3,4,196.2,0.0
Mexico,2024-04-16,11,Monterrey,Carretera Nacional,11,10,458.3,0.0
Mexico,2024-04-16,11,Monterrey,MTY_Apodaca_Huinalá,5,2,98.6,0.0
Mexico,2024-04-16,11,Monterrey,San Nicolás,3,4,229.1,0.0
Mexico,2024-04-16,11,Monterrey,Santa Catarina,7,6,324.0,0.0
Mexico,2024-04-16,11,Monterrey,San Pedro,4,2,98.1,0.0
Mexico,2024-04-16,11,Monterrey,Cumbres Poniente,6,6,291.9,0.0
Mexico,2024-04-16,11,Monterrey,La Fe,6,4,195.0,0.0
Mexico,2024-04-16,11,Monterrey,MTY_Guadalupe,5,5,298.4,0.0
Mexico,2024-04-16,11,Monterrey,Independencia,8,7,404.9,0.0
Mexico,2024-04-16,11,Monterrey,Tec,4,4,226.1,0.0
Mexico,2024-04-16,12,Monterrey,Centro,1,2,116.3,0.0
Mexico,2024-04-16,12,Monterrey,Mitras Centro,1,2,118.1,0.0
Mexico,2024-04-16,12,Monterrey,Apodaca Centro,2,2,113.3,0.0
Mexico,2024-04-16,12,Monterrey,Escobedo,1,2,104.9,0.0
Mexico,2024-04-16,12,Monterrey,Carretera Nacional,2,4,203.3,0.0
Mexico,2024-04-16,12,Monterrey,MTY_Apodaca_Huinalá,13,10,451.2,0.0
Mexico,2024-04-16,12,Monterrey,San Nicolás,1,3,174.2,0.0
Mexico,2024-04-16,12,Monterrey,Santa Catarina,3,4,209.3,0.0
Mexico,2024-04-16,12,Monterrey,San Pedro,7,5,269.8,0.0
Mexico,2024-04-16,12,Monterrey,Cumbres Poniente,3,0,0.0,0.0
Mexico,2024-04-16,12,Monterrey,La Fe,8,6,307.1,0.0
Mexico,2024-04-16,12,Monterrey,MTY_Guadalupe,8,5,276.2,0.0
Mexico,2024-04-16,12,Monterrey,Independencia,10,8,474.4,0.0
Mexico,2024-04-16,12,Monterrey,Tec,6,8,360.9,0.0
Mexico,2024-04-16,13,Monterrey,Centro,15,13,770.3,0.0
Mexico,2024-04-16,13,Monterrey,Mitras Centro,7,9,466.1,0.0
Mexico,2024-04-16,13,Monterrey,Apodaca Centro,11,13,594.8,0.0
Mexico,2024-04-16,13,Monterrey,Escobedo,10,9,422.1,0.0
Mexico,2024-04-16,13,Monterrey,Carretera Nacional,6,7,379.4,0.0
Mexico,2024-04-16,13,Monterrey,MTY_Apodaca_Huinalá,12,12,595.6,0.0
Mexico,2024-04-16,13,Monterrey,San Nicolás,15,15,704.9,0.0
Mexico,2024-04-16,13,Monterrey,Santa Catarina,7,5,233.4,0.0
Mexico,2024-04-16,13,Monterrey,San Pedro,10,11,601.8,0.0
Mexico,2024-04-16,13,Monterrey,Cumbres Poniente,6,8,411.0,0.0
Mexico,2024-04-16,13,Monterrey,La Fe,8,10,466.1,0.0
Mexico,2024-04-16,13,Monterrey,MTY_Guadalupe,8,10,527.8,0.0
Mexico,2024-04-16,13,Monterrey,Independencia,14,11,631.7,0.0
Mexico,2024-04-16,13,Monterrey,Tec,8,8,476.4,0.0
Mexico,2024-04-16,14,Monterrey,Centro,12,9,453.3,0.0
Mexico,2024-04-16,14,Monterrey,Mitras Centro,8,9,405.7,0.0
Mexico,2024-04-16,14,Monterrey,Apodaca Centro,14,12,625.2,0.0
Mexico,2024-04-16,14,Monterrey,Escobedo,10,8,476.4,0.0
Mexico,2024-04-16,14,Monterrey,Carretera Nacional,14,14,666.8,0.0
Mexico,2024-04-16,14,Monterrey,MTY_Apodaca_Huinalá,10,12,556.6,0.0
Mexico,2024-04-16,14,Monterrey,San Nicolás,18,18,1005.6,0.0
Mexico,2024-04-16,14,Monterrey,Santa Catarina,10,8,408.1,0.0
Mexico,2024-04-16,14,Monterrey,San Pedro,9,9,505.5,0.0
Mexico,2024-04-16,14,Monterrey,Cumbres Poniente,11,12,579.5,0.0
Mexico,2024-04-16,14,Monterrey,La Fe,14,13,658.9,0.0
Mexico,2024-04-16,14,Monterrey,MTY_Guadalupe,8,10,548.3,0.0
Mexico,2024-04-16,14,Monterrey,Independencia,15,12,698.4,0.0
Mexico,2024-04-16,14,Monterrey,Tec,8,9,495.5,0.0
Mexico,2024-04-16,15,Monterrey,Centro,3,3,168.3,0.0
Mexico,2024-04-16,15,Monterrey,Mitras Centro,6,4,233.4,0.0
Mexico,2024-04-16,15,Monterrey,Apodaca Centro,7,5,296.4,0.0
Mexico,2024-04-16,15,Monterrey,Escobedo,3,3,162.1,0.0
Mexico,2024-04-16,15,Monterrey,Carretera Nacional,7,4,222.5,0.0
Mexico,2024-04-16,15,Monterrey,MTY_Apodaca_Huinalá,5,5,294.5,0.0
Mexico,2024-04-16,15,Monterrey,San Nicolás,9,7,403.5,0.0
Mexico,2024-04-16,15,Monterrey,Santa Catarina,5,4,191.6,0.0
Mexico,2024-04-16,15,Monterrey,San Pedro,11,8,362.0,0.0
Mexico,2024-04-16,15,Monterrey,Cumbres Poniente,8,6,321.4,0.0
Mexico,2024-04-16,15,Monterrey,La Fe,5,6,281.4,0.0
Mexico,2024-04-16,15,Monterrey,MTY_Guadalupe,8,6,351.0,0.0
Mexico,2024-04-16,15,Monterrey,Independencia,9,9,489.3,0.0
Mexico,2024-04-16,15,Monterrey,Tec,5,5,257.0,0.0
Mexico,2024-04-16,16,Monterrey,Centro,3,3,179.8,0.0
Mexico,2024-04-16,16,Monterrey,Mitras Centro,6,6,350.7,0.0
Mexico,2024-04-16,16,Monterrey,Apodaca Centro,10,8,392.6,0.0
Mexico,2024-04-16,16,Monterrey,Escobedo,2,1,55.2,0.0
Mexico,2024-04-16,16,Monterrey,Carretera Nacional,9,7,407.8,0.0
Mexico,2024-04-16,16,Monterrey,MTY_Apodaca_Huinalá,6,3,176.0,0.0
Mexico,2024-04-16,16,Monterrey,San Nicolás,3,4,182.2,0.0
Mexico,2024-04-16,16,Monterrey,Santa Catarina,1,3,159.5,0.0
Mexico,2024-04-16,16,Monterrey,San Pedro,4,4,206.3,0.0
Mexico,2024-04-16,16,Monterrey,Cumbres Poniente,6,3,136.8,0.0
Mexico,2024-04-16,16,Monterrey,La Fe,6,6,325.1,0.0
Mexico,2024-04-16,16,Monterrey,MTY_Guadalupe,8,6,298.4,0.0
Mexico,2024-04-16,16,Monterrey,Independencia,9,6,304.3,0.0
Mexico,2024-04-16,16,Monterrey,Tec,5,3,149.2,0.0
Mexico,2024-04-16,17,Monterrey,Centro,1,2,107.9,0.0
Mexico,2024-04-16,17,Monterrey,Mitras Centro,3,3,179.6,0.0
Mexico,2024-04-16,17,Monterrey,Apodaca Centro,6,7,328.8,0.0
Mexico,2024-04-16,17,Monterrey,Escobedo,4,4,236.6,0.0
Mexico,2024-04-16,17,Monterrey,Carretera Nacional,3,4,198.5,0.0
Mexico,2024-04-16,17,Monterrey,MTY_Apodaca_Huinalá,2,3,159.9,0.0
Mexico,2024-04-16,17,Monterrey,San Nicolás,1,0,0.0,0.0
Mexico,2024-04-16,17,Monterrey,Santa Catarina,7,4,189.1,0.0
Mexico,2024-04-16,17,Monterrey,San Pedro,8,8,412.9,0.0
Mexico,2024-04-16,17,Monterrey,Cumbres Poniente,6,5,274.6,0.0
Mexico,2024-04-16,17,Monterrey,La Fe,2,3,166.0,0.0
Mexico,2024-04-16,17,Monterrey,MTY_Guadalupe,5,5,271.0,0.0
Mexico,2024-04-16,17,Monterrey,Independencia,10,9,464.4,0.0
Mexico,2024-04-16,17,Monterrey,Tec,4,6,325.1,0.0
Mexico,2024-04-16,18,Monterrey,Centro,1,3,174.6,0.0
Mexico,2024-04-16,18,Monterrey,Mitras Centro,5,6,276.5,0.0
Mexico,2024-04-16,18,Monterrey,Apodaca Centro,7,5,259.0,0.0
Mexico,2024-04-16,18,Monterrey,Escobedo,2,2,97.1,0.0
Mexico,2024-04-16,18,Monterrey,Carretera Nacional,12,9,458.2,0.0
Mexico,2024-04-16,18,Monterrey,MTY_Apodaca_Huinalá,7,8,428.7,0.0
Mexico,2024-04-16,18,Monterrey,San Nicolás,7,6,325.1,0.0
Mexico,2024-04-16,18,Monterrey,Santa Catarina,2,3,177.6,0.0
Mexico,2024-04-16,18,Monterrey,San Pedro,12,10,508.4,0.0
Mexico,2024-04-16,18,Monterrey,Cumbres Poniente,4,5,281.7,0.0
Mexico,2024-04-16,18,Monterrey,La Fe,5,7,364.8,0.0
Mexico,2024-04-16,18,Monterrey,MTY_Guadalupe,10,9,411.0,0.0
Mexico,2024-04-16,18,Monterrey,Independencia,4,2,98.1,0.0
Mexico,2024-04-16,18,Monterrey,Tec,1,2,92.7,0.0
Mexico,2024-04-16,19,Monterrey,Centro,8,7,359.9,0.0
Mexico,2024-04-16,19,Monterrey,Mitras Centro,9,10,467.2,0.0
Mexico,2024-04-16,19,Monterrey,Apodaca Centro,9,6,313.1,0.0
Mexico,2024-04-16,19,Monterrey,Escobedo,18,18,967.5,0.0
Mexico,2024-04-16,19,Monterrey,Carretera Nacional,9,9,466.1,0.0
Mexico,2024-04-16,19,Monterrey,MTY_Apodaca_Huinalá,7,4,192.5,0.0
Mexico,2024-04-16,19,Monterrey,San Nicolás,15,13,618.4,0.0
Mexico,2024-04-16,19,Monterrey,Santa Catarina,7,9,478.1,0.0
Mexico,2024-04-16,19,Monterrey,San Pedro,11,12,548.9,0.0
Mexico,2024-04-16,19,Monterrey,Cumbres Poniente,10,7,396.2,0.0
Mexico,2024-04-16,19,Monterrey,La Fe,8,9,478.6,0.0
Mexico,2024-04-16,19,Monterrey,MTY_Guadalupe,11,10,539.3,0.0
Mexico,2024-04-16,19,Monterrey,Independencia,9,9,431.5,0.0
Mexico,2024-04-16,19,Monterrey,Tec,5,7,366.8,0.0
Mexico,2024-04-16,20,Monterrey,Centro,6,6,271.6,0.0
Mexico,2024-04-16,20,Monterrey,Mitras Centro,10,7,411.4,0.0
Mexico,2024-04-16,20,Monterrey,Apodaca Centro,12,12,710.7,0.0
Mexico,2024-04-16,20,Monterrey,Escobedo,12,14,655.2,0.0
Mexico,2024-04-16,20,Monterrey,Carretera Nacional,16,13,746.9,0.0
Mexico,2024-04-16,20,Monterrey,MTY_Apodaca_Huinalá,5,7,357.2,0.0
Mexico,2024-04-16,20,Monterrey,San Nicolás,14,12,631.6,0.0
Mexico,2024-04-16,20,Monterrey,Santa Catarina,10,10,521.6,0.0
Mexico,2024-04-16,20,Monterrey,San Pedro,9,8,416.6,0.0
Mexico,2024-04-16,20,Monterrey,Cumbres Poniente,12,11,530.9,0.0
Mexico,2024-04-16,20,Monterrey,La Fe,11,8,372.2,0.0
Mexico,2024-04-16,20,Monterrey,MTY_Guadalupe,12,9,504.4,0.0
Mexico,2024-04-16,20,Monterrey,Independencia,13,11,642.0,0.0
Mexico,2024-04-16,20,Monterrey,Tec,10,11,650.7,0.0
Mexico,2024-04-16,21,Monterrey,Centro,7,6,359.7,0.0
Mexico,2024-04-16,21,Monterrey,Mitras Centro,8,6,346.2,0.0
Mexico,2024-04-16,21,Monterrey,Apodaca Centro,6,7,412.3,0.0
Mexico,2024-04-16,21,Monterrey,Escobedo,9,10,531.6,0.0
Mexico,2024-04-16,21,Monterrey,Carretera Nacional,6,7,325.9,0.0
Mexico,2024-04-16,21,Monterrey,MTY_Apodaca_Huinalá,12,11,532.4,0.0
Mexico,2024-04-16,21,Monterrey,San Nicolás,8,7,330.7,0.0
Mexico,2024-04-16,21,Monterrey,Santa Catarina,9,7,385.1,0.0
Mexico,2024-04-16,21,Monterrey,San Pedro,6,6,335.2,0.0
Mexico,2024-04-16,21,Monterrey,Cumbres Poniente,8,9,487.4,0.0
Mexico,2024-04-16,21,Monterrey,La Fe,7,8,362.3,0.0
Mexico,2024-04-16,21,Monterrey,MTY_Guadalupe,8,8,417.9,0.0
Mexico,2024-04-16,21,Monterrey,Independencia,6,7,367.9,0.0
Mexico,2024-04-16,21,Monterrey,Tec,10,9,414.1,0.0
Mexico,2024-04-16,22,Monterrey,Centro,11,9,516.9,0.0
Mexico,2024-04-16,22,Monterrey,Mitras Centro,1,3,139.0,0.0
Mexico,2024-04-16,22,Monterrey,Apodaca Centro,8,6,343.2,0.0
Mexico,2024-04-16,22,Monterrey,Escobedo,10,7,330.4,0.0
Mexico,2024-04-16,22,Monterrey,Carretera Nacional,5,6,304.8,0.0
Mexico,2024-04-16,22,Monterrey,MTY_Apodaca_Huinalá,7,5,227.1,0.0
Mexico,2024-04-16,22,Monterrey,San Nicolás,6,5,228.2,0.0
Mexico,2024-04-16,22,Monterrey,Santa Catarina,4,4,229.1,0.0
Mexico,2024-04-16,22,Monterrey,San Pedro,4,4,222.9,0.0
Mexico,2024-04-16,22,Monterrey,Cumbres Poniente,1,1,49.5,0.0
Mexico,2024-04-16,22,Monterrey,La Fe,5,6,273.1,0.0
Mexico,2024-04-16,22,Monterrey,MTY_Guadalupe,4,4,222.0,0.0
Mexico,2024-04-16,22,Monterrey,Independencia,3,5,290.2,0.0
Mexico,2024-04-16,22,Monterrey,Tec,7,4,190.6,0.0
Mexico,2024-04-16,23,Monterrey,Centro,7,5,291.7,0.0
Mexico,2024-04-16,23,Monterrey,Mitras Centro,7,5,294.8,0.0
Mexico,2024-04-16,23,Monterrey,Apodaca Centro,2,4,203.6,0.0
Mexico,2024-04-16,23,Monterrey,Escobedo,4,5,273.3,0.0
Mexico,2024-04-16,23,Monterrey,Carretera Nacional,3,4,206.1,0.0
Mexico,2024-04-16,23,Monterrey,MTY_Apodaca_Huinalá,3,2,90.1,0.0
Mexico,2024-04-16,23,Monterrey,San Nicolás,5,6,303.8,0.0
Mexico,2024-04-16,23,Monterrey,Santa Catarina,3,4,185.7,0.0
Mexico,2024-04-16,23,Monterrey,San Pedro,9,6,292.7,0.0
Mexico,2024-04-16,23,Monterrey,Cumbres Poniente,6,5,237.9,0.0
Mexico,2024-04-16,23,Monterrey,La Fe,5,6,286.7,0.0
Mexico,2024-04-16,23,Monterrey,MTY_Guadalupe,4,5,229.2,0.0
Mexico,2024-04-16,23,Monterrey,Independencia,6,5,275.6,0.0
Mexico,2024-04-16,23,Monterrey,Tec,4,5,280.6,0.0
Mexico,2024-04-17,0,Monterrey,Centro,1,3,152.9,0.0
Mexico,2024-04-17,0,Monterrey,Mitras Centro,4,2,95.9,0.0
Mexico,2024-04-17,0,Monterrey,Apodaca Centro,8,8,452.0,0.0
Mexico,2024-04-17,0,Monterrey,Escobedo,5,5,238.4,0.0
Mexico,2024-04-17,0,Monterrey,Carretera Nacional,1,3,158.1,0.0
Mexico,2024-04-17,0,Monterrey,MTY_Apodaca_Huinalá,10,8,400.5,0.0
Mexico,2024-04-17,0,Monterrey,San Nicolás,4,4,227.2,0.0
Mexico,2024-04-17,0,Monterrey,Santa Catarina,2,3,154.6,0.0
Mexico,2024-04-17,0,Monterrey,San Pedro,7,5,277.2,0.0
Mexico,2024-04-17,0,Monterrey,Cumbres Poniente,4,2,114.9,0.0
Mexico,2024-04-17,0,Monterrey,La Fe,9,7,418.4,0.0
Mexico,2024-04-17,0,Monterrey,MTY_Guadalupe,7,7,411.2,0.0
Mexico,2024-04-17,0,Monterrey,Independencia,7,4,215.7,0.0
Mexico,2024-04-17,0,Monterrey,Tec,3,5,263.2,0.0
Mexico,2024-04-17,1,Monterrey,Centro,6,3,147.6,0.0
Mexico,2024-04-17,1,Monterrey,Mitras Centro,7,5,269.4,0.0
Mexico,2024-04-17,1,Monterrey,Apodaca Centro,1,3,164.3,0.0
Mexico,2024-04-17,1,Monterrey,Escobedo,8,7,403.2,0.0
Mexico,2024-04-17,1,Monterrey,Carretera Nacional,6,3,143.2,0.0
Mexico,2024-04-17,1,Monterrey,MTY_Apodaca_Huinalá,5,4,220.7,0.0
Mexico,2024-04-17,1,Monterrey,San Nicolás,9,6,281.1,0.0
Mexico,2024-04-17,1,Monterrey,Santa Catarina,4,4,210.7,0.0
Mexico,2024-04-17,1,Monterrey,San Pedro,5,4,219.2,0.0
Mexico,2024-04-17,1,Monterrey,Cumbres Poniente,6,5,292.8,0.0
Mexico,2024-04-17,1,Monterrey,La Fe,6,4,216.0,0.0
Mexico,2024-04-17,1,Monterrey,MTY_Guadalupe,6,7,328.7,0.0
Mexico,2024-04-17,1,Monterrey,Independencia,8,5,244.2,0.0
Mexico,2024-04-17,1,Monterrey,Tec,3,4,198.4,0.0
Mexico,2024-04-17,2,Monterrey,Centro,1,2,110.0,0.0
Mexico,2024-04-17,2,Monterrey,Mitras Centro,7,4,195.0,0.0
Mexico,2024-04-17,2,Monterrey,Apodaca Centro,4,4,208.2,0.0
Mexico,2024-04-17,2,Monterrey,Escobedo,4,4,195.2,0.0
Mexico,2024-04-17,2,Monterrey,Carretera Nacional,4,5,259.0,0.0
Mexico,2024-04-17,2,Monterrey,MTY_Apodaca_Huinalá,2,2,98.4,0.0
Mexico,2024-04-17,2,Monterrey,San Nicolás,6,4,239.1,0.0
Mexico,2024-04-17,2,Monterrey,Santa Catarina,8,5,287.4,0.0
Mexico,2024-04-17,2,Monterrey,San Pedro,4,6,350.2,0.0
Mexico,2024-04-17,2,Monterrey,Cumbres Poniente,7,5,282.4,0.0
Mexico,2024-04-17,2,Monterrey,La Fe,7,8,421.1,0.0
Mexico,2024-04-17,2,Monterrey,MTY_Guadalupe,4,4,220.1,0.0
Mexico,2024-04-17,2,Monterrey,Independencia,4,6,315.6,0.0
Mexico,2024-04-17,2,Monterrey,Tec,9,8,441.4,0.0
Mexico,2024-04-17,3,Monterrey,Centro,10,11,572.1,0.0
Mexico,2024-04-17,3,Monterrey,Mitras Centro,3,4,214.9,0.0
Mexico,2024-04-17,3,Monterrey,Apodaca Centro,6,6,293.4,0.0
Mexico,2024-04-17,3,Monterrey,Escobedo,10,11,660.0,0.0
Mexico,2024-04-17,3,Monterrey,Carretera Nacional,7,8,374.0,0.0
Mexico,2024-04-17,3,Monterrey,MTY_Apodaca_Huinalá,4,4,216.3,0.0
Mexico,2024-04-17,3,Monterrey,San Nicolás,4,6,345.1,0.0
Mexico,2024-04-17,3,Monterrey,Santa Catarina,9,8,369.2,0.0
Mexico,2024-04-17,3,Monterrey,San Pedro,1,3,166.7,0.0
Mexico,2024-04-17,3,Monterrey,Cumbres Poniente,6,5,269.9,0.0
Mexico,2024-04-17,3,Monterrey,La Fe,7,6,286.1,0.0
Mexico,2024-04-17,3,Monterrey,MTY_Guadalupe,2,4,216.7,0.0
Mexico,2024-04-17,3,Monterrey,Independencia,2,3,171.1,0.0
Mexico,2024-04-17,3,Monterrey,Tec,6,3,148.1,0.0
Mexico,2024-04-17,4,Monterrey,Centro,2,2,111.3,0.0
Mexico,2024-04-17,4,Monterrey,Mitras Centro,6,6,316.3,0.0
Mexico,2024-04-17,4,Monterrey,Apodaca Centro,5,3,136.2,0.0
Mexico,2024-04-17,4,Monterrey,Escobedo,5,3,140.6,0.0
Mexico,2024-04-17,4,Monterrey,Carretera Nacional,3,5,264.1,0.0
Mexico,2024-04-17,4,Monterrey,MTY_Apodaca_Huinalá,3,4,233.7,0.0
Mexico,2024-04-17,4,Monterrey,San Nicolás,7,9,416.9,0.0
Mexico,2024-04-17,4,Monterrey,Santa Catarina,12,10,575.0,0.0
Mexico,2024-04-17,4,Monterrey,San Pedro,9,7,372.5,0.0
Mexico,2024-04-17,4,Monterrey,Cumbres Poniente,3,4,221.7,0.0
Mexico,2024-04-17,4,Monterrey,La Fe,6,3,164.4,0.0
Mexico,2024-04-17,4,Monterrey,MTY_Guadalupe,6,3,151.4,0.0
Mexico,2024-04-17,4,Monterrey,Independencia,7,6,346.2,0.0
Mexico,2024-04-17,4,Monterrey,Tec,3,2,93.1,0.0
Mexico,2024-04-17,5,Monterrey,Centro,1,2,110.5,0.5
Mexico,2024-04-17,5,Monterrey,Mitras Centro,1,2,115.8,0.5
Mexico,2024-04-17,5,Monterrey,Apodaca Centro,8,7,327.4,0.5
Mexico,2024-04-17,5,Monterrey,Escobedo,5,4,217.7,0.5
Mexico,2024-04-17,5,Monterrey,Carretera Nacional,6,7,407.8,0.5
Mexico,2024-04-17,5,Monterrey,MTY_Apodaca_Huinalá,4,4,196.0,0.5
Mexico,2024-04-17,5,Monterrey,San Nicolás,4,5,237.9,0.5
Mexico,2024-04-17,5,Monterrey,Santa Catarina,6,5,249.5,0.5
Mexico,2024-04-17,5,Monterrey,San Pedro,12,10,510.8,0.5
Mexico,2024-04-17,5,Monterrey,Cumbres Poniente,6,7,349.4,0.5
Mexico,2024-04-17,5,Monterrey,La Fe,3,5,242.5,0.5
Mexico,2024-04-17,5,Monterrey,MTY_Guadalupe,7,5,279.6,0.5
Mexico,2024-04-17,5,Monterrey,Independencia,3,2,104.7,0.5
Mexico,2024-04-17,5,Monterrey,Tec,4,6,280.8,0.5
Mexico,2024-04-17,6,Monterrey,Centro,9,6,347.3,0.0
Mexico,2024-04-17,6,Monterrey,Mitras Centro,7,5,263.6,0.0
Mexico,2024-04-17,6,Monterrey,Apodaca Centro,4,4,200.5,0.0
Mexico,2024-04-17,6,Monterrey,Escobedo,10,8,438.0,0.0
Mexico,2024-04-17,6,Monterrey,Carretera Nacional,6,5,274.7,0.0
Mexico,2024-04-17,6,Monterrey,MTY_Apodaca_Huinalá,5,5,234.6,0.0
Mexico,2024-04-17,6,Monterrey,San Nicolás,8,5,263.9,0.0
Mexico,2024-04-17,6,Monterrey,Santa Catarina,4,5,293.4,0.0
Mexico,2024-04-17,6,Monterrey,San Pedro,2,4,223.8,0.0
Mexico,2024-04-17,6,Monterrey,Cumbres Poniente,5,4,210.8,0.0
Mexico,2024-04-17,6,Monterrey,La Fe,4,3,152.2,0.0
Mexico,2024-04-17,6,Monterrey,MTY_Guadalupe,3,4,229.0,0.0
Mexico,2024-04-17,6,Monterrey,Independencia,2,4,235.9,0.0
Mexico,2024-04-17,6,Monterrey,Tec,1,3,161.5,0.0
Mexico,2024-04-17,7,Monterrey,Centro,2,4,184.0,0.0
Mexico,2024-04-17,7,Monterrey,Mitras Centro,6,4,227.3,0.0
Mexico,2024-04-17,7,Monterrey,Apodaca Centro,2,2,93.9,0.0
Mexico,2024-04-17,7,Monterrey,Escobedo,3,5,266.8,0.0
Mexico,2024-04-17,7,Monterrey,Carretera Nacional,2,4,180.5,0.0
Mexico,2024-04-17,7,Monterrey,MTY_Apodaca_Huinalá,5,3,150.6,0.0
Mexico,2024-04-17,7,Monterrey,San Nicolás,3,4,230.4,0.0
Mexico,2024-04-17,7,Monterrey,Santa Catarina,3,4,219.2,0.0
Mexico,2024-04-17,7,Monterrey,San Pedro,10,7,399.0,0.0
Mexico,2024-04-17,7,Monterrey,Cumbres Poniente,4,3,135.2,0.0
Mexico,2024-04-17,7,Monterrey,La Fe,9,7,414.3,0.0
Mexico,2024-04-17,7,Monterrey,MTY_Guadalupe,3,5,231.3,0.0
Mexico,2024-04-17,7,Monterrey,Independencia,10,7,398.2,0.0
Mexico,2024-04-17,7,Monterrey,Tec,2,3,157.5,0.0
Mexico,2024-04-17,8,Monterrey,Centro,6,5,284.8,0.5
Mexico,2024-04-17,8,Monterrey,Mitras Centro,14,13,667.6,0.5
Mexico,2024-04-17,8,Monterrey,Apodaca Centro,4,3,160.6,0.5
Mexico,2024-04-17,8,Monterrey,Escobedo,3,5,244.5,0.5
Mexico,2024-04-17,8,Monterrey,Carretera Nacional,7,5,240.9,0.5
Mexico,2024-04-17,8,Monterrey,MTY_Apodaca_Huinalá,5,5,249.7,0.5
Mexico,2024-04-17,8,Monterrey,San Nicolás,2,3,177.0,0.5
Mexico,2024-04-17,8,Monterrey,Santa Catarina,2,3,157.9,0.5
Mexico,2024-04-17,8,Monterrey,San Pedro,2,4,221.7,0.5
Mexico,2024-04-17,8,Monterrey,Cumbres Poniente,6,7,337.8,0.5
Mexico,2024-04-17,8,Monterrey,La Fe,1,3,156.7,0.5
Mexico,2024-04-17,8,Monterrey,MTY_Guadalupe,6,6,284.5,0.5
Mexico,2024-04-17,8,Monterrey,Independencia,5,7,336.0,0.5
Mexico,2024-04-17,8,Monterrey,Tec,3,3,138.5,0.5
Mexico,2024-04-17,9,Monterrey,Centro,6,3,156.0,0.0
Mexico,2024-04-17,9,Monterrey,Mitras Centro,5,7,387.8,0.0
Mexico,2024-04-17,9,Monterrey,Apodaca Centro,7,9,445.7,0.0
Mexico,2024-04-17,9,Monterrey,Escobedo,10,10,563.1,0.0
Mexico,2024-04-17,9,Monterrey,Carretera Nacional,3,4,203.3,0.0
Mexico,2024-04-17,9,Monterrey,MTY_Apodaca_Huinalá,5,5,286.2,0.0
Mexico,2024-04-17,9,Monterrey,San Nicolás,6,4,193.1,0.0
Mexico,2024-04-17,9,Monterrey,Santa Catarina,11,8,423.4,0.0
Mexico,2024-04-17,9,Monterrey,San Pedro,7,5,296.5,0.0
Mexico,2024-04-17,9,Monterrey,Cumbres Poniente,5,3,163.1,0.0
Mexico,2024-04-17,9,Monterrey,La Fe,3,4,185.3,0.0
Mexico,2024-04-17,9,Monterrey,MTY_Guadalupe,6,5,280.9,0.0
Mexico,2024-04-17,9,Monterrey,Independencia,2,1,58.9,0.0
Mexico,2024-04-17,9,Monterrey,Tec,9,6,339.4,0.0
Mexico,2024-04-17,10,Monterrey,Centro,8,5,255.0,0.0
Mexico,2024-04-17,10,Monterrey,Mitras Centro,3,3,156.2,0.0
Mexico,2024-04-17,10,Monterrey,Apodaca Centro,6,3,174.3,0.0
Mexico,2024-04-17,10,Monterrey,Escobedo,6,5,278.2,0.0
Mexico,2024-04-17,10,Monterrey,Carretera Nacional,1,2,100.5,0.0
Mexico,2024-04-17,10,Monterrey,MTY_Apodaca_Huinalá,5,3,155.7,0.0
Mexico,2024-04-17,10,Monterrey,San Nicolás,3,4,227.8,0.0
Mexico,2024-04-17,10,Monterrey,Santa Catarina,15,13,738.1,0.0
Mexico,2024-04-17,10,Monterrey,San Pedro,6,4,222.4,0.0
Mexico,2024-04-17,10,Monterrey,Cumbres Poniente,8,5,225.9,0.0
Mexico,2024-04-17,10,Monterrey,La Fe,5,6,277.7,0.0
Mexico,2024-04-17,10,Monterrey,MTY_Guadalupe,2,3,143.9,0.0
Mexico,2024-04-17,10,Monterrey,Independencia,10,7,320.3,0.0
Mexico,2024-04-17,10,Monterrey,Tec,6,8,469.4,0.0
Mexico,2024-04-17,11,Monterrey,Centro,8,6,299.0,0.0
Mexico,2024-04-17,11,Monterrey,Mitras Centro,4,5,293.8,0.0
Mexico,2024-04-17,11,Monterrey,Apodaca Centro,6,4,192.1,0.0
Mexico,2024-04-17,11,Monterrey,Escobedo,9,7,399.4,0.0
Mexico,2024-04-17,11,Monterrey,Carretera Nacional,2,4,193.1,0.0
Mexico,2024-04-17,11,Monterrey,MTY_Apodaca_Huinalá,3,5,284.1,0.0
Mexico,2024-04-17,11,Monterrey,San Nicolás,7,6,286.2,0.0
Mexico,2024-04-17,11,Monterrey,Santa Catarina,3,4,209.7,0.0
Mexico,2024-04-17,11,Monterrey,San Pedro,5,3,169.3,0.0
Mexico,2024-04-17,11,Monterrey,Cumbres Poniente,6,3,177.1,0.0
Mexico,2024-04-17,11,Monterrey,La Fe,12,11,645.9,0.0
Mexico,2024-04-17,11,Monterrey,MTY_Guadalupe,3,4,237.6,0.0
Mexico,2024-04-17,11,Monterrey,Independencia,7,6,309.7,0.0
Mexico,2024-04-17,11,Monterrey,Tec,5,5,272.9,0.0
Mexico,2024-04-17,12,Monterrey,Centro,10,8,416.2,0.0
Mexico,2024-04-17,12,Monterrey,Mitras Centro,4,3,152.2,0.0
Mexico,2024-04-17,12,Monterrey,Apodaca Centro,5,3,140.8,0.0
Mexico,2024-04-17,12,Monterrey,Escobedo,5,3,163.0,0.0
Mexico,2024-04-17,12,Monterrey,Carretera Nacional,5,2,90.7,0.0
Mexico,2024-04-17,12,Monterrey,MTY_Apodaca_Huinalá,2,4,191.8,0.0
Mexico,2024-04-17,12,Monterrey,San Nicolás,14,12,630.0,0.0
Mexico,2024-04-17,12,Monterrey,Santa Catarina,3,3,149.0,0.0
Mexico,2024-04-17,12,Monterrey,San Pedro,3,4,195.2,0.0
Mexico,2024-04-17,12,Monterrey,Cumbres Poniente,8,8,412.3,0.0
Mexico,2024-04-17,12,Monterrey,La Fe,11,9,466.5,0.0
Mexico,2024-04-17,12,Monterrey,MTY_Guadalupe,2,2,105.5,0.0
Mexico,2024-04-17,12,Monterrey,Independencia,8,6,344.1,0.0
Mexico,2024-04-17,12,Monterrey,Tec,1,1,48.5,0.0
Mexico,2024-04-17,13,Monterrey,Centro,14,12,664.4,0.5
Mexico,2024-04-17,13,Monterrey,Mitras Centro,14,11,545.0,0.5
Mexico,2024-04-17,13,Monterrey,Apodaca Centro,12,10,463.5,0.5
Mexico,2024-04-17,13,Monterrey,Escobedo,17,14,762.8,0.5
Mexico,2024-04-17,13,Monterrey,Carretera Nacional,8,10,478.4,0.5
Mexico,2024-04-17,13,Monterrey,MTY_Apodaca_Huinalá,15,13,651.5,0.5
Mexico,2024-04-17,13,Monterrey,San Nicolás,12,9,422.1,0.5
Mexico,2024-04-17,13,Monterrey,Santa Catarina,12,9,407.9,0.5
Mexico,2024-04-17,13,Monterrey,San Pedro,11,9,484.7,0.5
Mexico,2024-04-17,13,Monterrey,Cumbres Poniente,6,5,248.7,0.5
Mexico,2024-04-17,13,Monterrey,La Fe,4,5,293.6,0.5
Mexico,2024-04-17,13,Monterrey,MTY_Guadalupe,4,4,203.2,0.5
Mexico,2024-04-17,13,Monterrey,Independencia,21,18,823.9,0.5
Mexico,2024-04-17,13,Monterrey,Tec,4,6,300.6,0.5
Mexico,2024-04-17,14,Monterrey,Centro,10,9,530.0,0.0
Mexico,2024-04-17,14,Monterrey,Mitras Centro,5,5,227.9,0.0
Mexico,2024-04-17,14,Monterrey,Apodaca Centro,9,9,413.1,0.0
Mexico,2024-04-17,14,Monterrey,Escobedo,2,4,237.1,0.0
Mexico,2024-04-17,14,Monterrey,Carretera Nacional,10,9,532.5,0.0
Mexico,2024-04-17,14,Monterrey,MTY_Apodaca_Huinalá,9,9,464.6,0.0
Mexico,2024-04-17,14,Monterrey,San Nicolás,12,13,720.0,0.0
Mexico,2024-04-17,14,Monterrey,Santa Catarina,16,13,632.6,0.0
Mexico,2024-04-17,14,Monterrey,San Pedro,10,7,327.0,0.0
Mexico,2024-04-17,14,Monterrey,Cumbres Poniente,9,11,502.2,0.0
Mexico,2024-04-17,14,Monterrey,La Fe,11,10,518.0,0.0
Mexico,2024-04-17,14,Monterrey,MTY_Guadalupe,21,18,888.1,0.0
Mexico,2024-04-17,14,Monterrey,Independencia,7,6,279.8,0.0
Mexico,2024-04-17,14,Monterrey,Tec,12,13,665.8,0.0
Mexico,2024-04-17,15,Monterrey,Centro,4,4,202.8,0.0
Mexico,2024-04-17,15,Monterrey,Mitras Centro,3,3,150.2,0.0
Mexico,2024-04-17,15,Monterrey,Apodaca Centro,10,7,400.4,0.0
Mexico,2024-04-17,15,Monterrey,Escobedo,9,6,294.4,0.0
Mexico,2024-04-17,15,Monterrey,Carretera Nacional,7,8,407.6,0.0
Mexico,2024-04-17,15,Monterrey,MTY_Apodaca_Huinalá,9,8,432.8,0.0
Mexico,2024-04-17,15,Monterrey,San Nicolás,1,2,107.3,0.0
Mexico,2024-04-17,15,Monterrey,Santa Catarina,2,1,52.8,0.0
Mexico,2024-04-17,15,Monterrey,San Pedro,4,1,51.4,0.0
Mexico,2024-04-17,15,Monterrey,Cumbres Poniente,12,9,428.2,0.0
Mexico,2024-04-17,15,Monterrey,La Fe,10,12,592.9,0.0
Mexico,2024-04-17,15,Monterrey,MTY_Guadalupe,7,6,335.2,0.0
Mexico,2024-04-17,15,Monterrey,Independencia,8,8,422.0,0.0
Mexico,2024-04-17,15,Monterrey,Tec,10,7,349.0,0.0
Mexico,2024-04-17,16,Monterrey,Centro,7,6,311.7,0.0
Mexico,2024-04-17,16,Monterrey,Mitras Centro,6,3,176.9,0.0
Mexico,2024-04-17,16,Monterrey,Apodaca Centro,2,3,167.5,0.0
Mexico,2024-04-17,16,Monterrey,Escobedo,2,4,220.6,0.0
Mexico,2024-04-17,16,Monterrey,Carretera Nacional,7,8,425.8,0.0
Mexico,2024-04-17,16,Monterrey,MTY_Apodaca_Huinalá,5,7,408.4,0.0
Mexico,2024-04-17,16,Monterrey,San Nicolás,5,5,261.7,0.0
Mexico,2024-04-17,16,Monterrey,Santa Catarina,5,6,311.5,0.0
Mexico,2024-04-17,16,Monterrey,San Pedro,6,5,296.3,0.0
Mexico,2024-04-17,16,Monterrey,Cumbres Poniente,2,4,221.3,0.0
Mexico,2024-04-17,16,Monterrey,La Fe,5,2,115.3,0.0
Mexico,2024-04-17,16,Monterrey,MTY_Guadalupe,5,6,330.4,0.0
Mexico,2024-04-17,16,Monterrey,Independencia,10,7,402.2,0.0
Mexico,2024-04-17,16,Monterrey,Tec,6,3,143.5,0.0
Mexico,2024-04-17,17,Monterrey,Centro,4,2,92.7,0.0
Mexico,2024-04-17,17,Monterrey,Mitras Centro,5,7,382.6,0.0
Mexico,2024-04-17,17,Monterrey,Apodaca Centro,2,4,227.6,0.0
Mexico,2024-04-17,17,Monterrey,Escobedo,7,4,214.2,0.0
Mexico,2024-04-17,17,Monterrey,Carretera Nacional,4,5,259.2,0.0
Mexico,2024-04-17,17,Monterrey,MTY_Apodaca_Huinalá,9,6,344.9,0.0
Mexico,2024-04-17,17,Monterrey,San Nicolás,4,6,271.3,0.0
Mexico,2024-04-17,17,Monterrey,Santa Catarina,4,2,104.3,0.0
Mexico,2024-04-17,17,Monterrey,San Pedro,9,9,494.0,0.0
Mexico,2024-04-17,17,Monterrey,Cumbres Poniente,1,2,105.2,0.0
Mexico,2024-04-17,17,Monterrey,La Fe,1,3,139.8,0.0
Mexico,2024-04-17,17,Monterrey,MTY_Guadalupe,3,5,240.2,0.0
Mexico,2024-04-17,17,Monterrey,Independencia,6,6,329.1,0.0
Mexico,2024-04-17,17,Monterrey,Tec,8,5,284.4,0.0
Mexico,2024-04-17,18,Monterrey,Centro,9,6,315.9,0.0
Mexico,2024-04-17,18,Monterrey,Mitras Centro,8,7,344.5,0.0
Mexico,2024-04-17,18,Monterrey,Apodaca Centro,7,4,211.4,0.0
Mexico,2024-04-17,18,Monterrey,Escobedo,5,5,244.1,0.0
Mexico,2024-04-17,18,Monterrey,Carretera Nacional,1,3,156.4,0.0
Mexico,2024-04-17,18,Monterrey,MTY_Apodaca_Huinalá,8,6,352.7,0.0
Mexico,2024-04-17,18,Monterrey,San Nicolás,9,8,368.5,0.0
Mexico,2024-04-17,18,Monterrey,Santa Catarina,6,6,271.0,0.0
Mexico,2024-04-17,18,Monterrey,San Pedro,4,6,279.5,0.0
Mexico,2024-04-17,18,Monterrey,Cumbres Poniente,4,5,241.7,0.0
Mexico,2024-04-17,18,Monterrey,La Fe,7,4,180.3,0.0
Mexico,2024-04-17,18,Monterrey,MTY_Guadalupe,5,4,237.8,0.0
Mexico,2024-04-17,18,Monterrey,Independencia,10,8,456.2,0.0
Mexico,2024-04-17,18,Monterrey,Tec,9,9,448.4,0.0
Mexico,2024-04-17,19,Monterrey,Centro,8,9,445.3,0.0
Mexico,2024-04-17,19,Monterrey,Mitras Centro,6,6,297.3,0.0
Mexico,2024-04-17,19,Monterrey,Apodaca Centro,9,10,583.9,0.0
Mexico,2024-04-17,19,Monterrey,Escobedo,13,10,534.5,0.0
Mexico,2024-04-17,19,Monterrey,Carretera Nacional,9,11,540.3,0.0
Mexico,2024-04-17,19,Monterrey,MTY_Apodaca_Huinalá,15,13,612.9,0.0
Mexico,2024-04-17,19,Monterrey,San Nicolás,10,9,529.1,0.0
Mexico,2024-04-17,19,Monterrey,Santa Catarina,12,11,591.1,0.0
Mexico,2024-04-17,19,Monterrey,San Pedro,9,8,457.1,0.0
Mexico,2024-04-17,19,Monterrey,Cumbres Poniente,13,10,519.8,0.0
Mexico,2024-04-17,19,Monterrey,La Fe,8,9,419.9,0.0
Mexico,2024-04-17,19,Monterrey,MTY_Guadalupe,9,6,325.0,0.0
Mexico,2024-04-17,19,Monterrey,Independencia,16,18,1004.3,0.0
Mexico,2024-04-17,19,Monterrey,Tec,11,11,570.6,0.0
Mexico,2024-04-17,20,Monterrey,Centro,13,13,667.3,2.5
Mexico,2024-04-17,20,Monterrey,Mitras Centro,2,2,117.3,2.5
Mexico,2024-04-17,20,Monterrey,Apodaca Centro,6,10,527.1,2.5
Mexico,2024-04-17,20,Monterrey,Escobedo,9,13,628.6,2.5
Mexico,2024-04-17,20,Monterrey,Carretera Nacional,12,13,649.3,2.5
Mexico,2024-04-17,20,Monterrey,MTY_Apodaca_Huinalá,4,5,270.5,2.5
Mexico,2024-04-17,20,Monterrey,San Nicolás,2,7,410.3,2.5
Mexico,2024-04-17,20,Monterrey,Santa Catarina,6,10,492.2,2.5
Mexico,2024-04-17,20,Monterrey,San Pedro,10,10,533.8,2.5
Mexico,2024-04-17,20,Monterrey,Cumbres Poniente,9,13,689.3,2.5
Mexico,2024-04-17,20,Monterrey,La Fe,18,18,888.6,2.5
Mexico,2024-04-17,20,Monterrey,MTY_Guadalupe,10,14,657.1,2.5
Mexico,2024-04-17,20,Monterrey,Independencia,12,13,779.0,2.5
Mexico,2024-04-17,20,Monterrey,Tec,12,14,774.4,2.5
Mexico,2024-04-17,21,Monterrey,Centro,6,6,295.6,0.0
Mexico,2024-04-17,21,Monterrey,Mitras Centro,14,11,587.5,0.0
Mexico,2024-04-17,21,Monterrey,Apodaca Centro,8,7,413.1,0.0
Mexico,2024-04-17,21,Monterrey,Escobedo,16,14,639.1,0.0
Mexico,2024-04-17,21,Monterrey,Carretera Nacional,11,13,668.0,0.0
Mexico,2024-04-17,21,Monterrey,MTY_Apodaca_Huinalá,16,16,751.9,0.0
Mexico,2024-04-17,21,Monterrey,San Nicolás,8,6,302.7,0.0
Mexico,2024-04-17,21,Monterrey,Santa Catarina,17,15,780.0,0.0
Mexico,2024-04-17,21,Monterrey,San Pedro,7,8,460.2,0.0
Mexico,2024-04-17,21,Monterrey,Cumbres Poniente,10,10,589.6,0.0
Mexico,2024-04-17,21,Monterrey,La Fe,15,12,574.7,0.0
Mexico,2024-04-17,21,Monterrey,MTY_Guadalupe,6,8,402.4,0.0
Mexico,2024-04-17,21,Monterrey,Independencia,9,8,417.5,0.0
Mexico,2024-04-17,21,Monterrey,Tec,13,10,596.3,0.0
Mexico,2024-04-17,22,Monterrey,Centro,4,4,207.6,0.0
Mexico,2024-04-17,22,Monterrey,Mitras Centro,6,6,295.0,0.0
Mexico,2024-04-17,22,Monterrey,Apodaca Centro,7,7,322.4,0.0
Mexico,2024-04-17,22,Monterrey,Escobedo,7,6,334.2,0.0
Mexico,2024-04-17,22,Monterrey,Carretera Nacional,10,9,458.9,0.0
Mexico,2024-04-17,22,Monterrey,MTY_Apodaca_Huinalá,3,4,220.1,0.0
Mexico,2024-04-17,22,Monterrey,San Nicolás,7,5,261.4,0.0
Mexico,2024-04-17,22,Monterrey,Santa Catarina,8,6,278.2,0.0
Mexico,2024-04-17,22,Monterrey,San Pedro,7,9,460.4,0.0
Mexico,2024-04-17,22,Monterrey,Cumbres Poniente,7,4,192.9,0.0
Mexico,2024-04-17,22,Monterrey,La Fe,8,7,337.3,0.0
Mexico,2024-04-17,22,Monterrey,MTY_Guadalupe,8,8,409.0,0.0
Mexico,2024-04-17,22,Monterrey,Independencia,4,4,226.6,0.0
Mexico,2024-04-17,22,Monterrey,Tec,5,2,100.4,0.0
Mexico,2024-04-17,23,Monterrey,Centro,4,7,332.1,2.5
Mexico,2024-04-17,23,Monterrey,Mitras Centro,4,5,256.6,2.5
Mexico,2024-04-17,23,Monterrey,Apodaca Centro,3,4,217.1,2.5
Mexico,2024-04-17,23,Monterrey,Escobedo,7,9,462.7,2.5
Mexico,2024-04-17,23,Monterrey,Carretera Nacional,2,6,352.2,2.5
Mexico,2024-04-17,23,Monterrey,MTY_Apodaca_Huinalá,3,3,142.3,2.5
Mexico,2024-04-17,23,Monterrey,San Nicolás,2,6,283.2,2.5
Mexico,2024-04-17,23,Monterrey,Santa Catarina,1,2,93.1,2.5
Mexico,2024-04-17,23,Monterrey,San Pedro,1,6,309.2,2.5
Mexico,2024-04-17,23,Monterrey,Cumbres Poniente,4,4,218.7,2.5
Mexico,2024-04-17,23,Monterrey,La Fe,7,10,539.0,2.5
Mexico,2024-04-17,23,Monterrey,MTY_Guadalupe,5,5,228.9,2.5
Mexico,2024-04-17,23,Monterrey,Independencia,8,8,432.7,2.5
Mexico,2024-04-17,23,Monterrey,Tec,6,6,340.9,2.5
Mexico,2024-04-18,0,Monterrey,Centro,8,6,336.7,0.0
Mexico,2024-04-18,0,Monterrey,Mitras Centro,2,2,110.8,0.0
Mexico,2024-04-18,0,Monterrey,Apodaca Centro,6,8,464.2,0.0
Mexico,2024-04-18,0,Monterrey,Escobedo,8,6,342.5,0.0
Mexico,2024-04-18,0,Monterrey,Carretera Nacional,4,5,263.8,0.0
Mexico,2024-04-18,0,Monterrey,MTY_Apodaca_Huinalá,4,5,270.3,0.0
Mexico,2024-04-18,0,Monterrey,San Nicolás,3,5,283.5,0.0
Mexico,2024-04-18,0,Monterrey,Santa Catarina,7,4,209.9,0.0
Mexico,2024-04-18,0,Monterrey,San Pedro,5,2,115.1,0.0
Mexico,2024-04-18,0,Monterrey,Cumbres Poniente,7,5,260.3,0.0
Mexico,2024-04-18,0,Monterrey,La Fe,5,4,234.5,0.0
Mexico,2024-04-18,0,Monterrey,MTY_Guadalupe,3,2,112.5,0.0
Mexico,2024-04-18,0,Monterrey,Independencia,3,5,268.0,0.0
Mexico,2024-04-18,0,Monterrey,Tec,4,4,216.0,0.0
Mexico,2024-04-18,1,Monterrey,Centro,2,1,53.2,0.5
Mexico,2024-04-18,1,Monterrey,Mitras Centro,5,5,258.5,0.5
Mexico,2024-04-18,1,Monterrey,Apodaca Centro,5,6,357.7,0.5
Mexico,2024-04-18,1,Monterrey,Escobedo,4,5,271.0,0.5
Mexico,2024-04-18,1,Monterrey,Carretera Nacional,5,4,187.9,0.5
Mexico,2024-04-18,1,Monterrey,MTY_Apodaca_Huinalá,6,3,153.7,0.5
Mexico,2024-04-18,1,Monterrey,San Nicolás,3,4,230.2,0.5
Mexico,2024-04-18,1,Monterrey,Santa Catarina,6,6,311.5,0.5
Mexico,2024-04-18,1,Monterrey,San Pedro,9,7,404.9,0.5
Mexico,2024-04-18,1,Monterrey,Cumbres Poniente,4,6,292.7,0.5
Mexico,2024-04-18,1,Monterrey,La Fe,9,7,394.3,0.5
Mexico,2024-04-18,1,Monterrey,MTY_Guadalupe,4,5,263.5,0.5
Mexico,2024-04-18,1,Monterrey,Independencia,1,2,114.9,0.5
Mexico,2024-04-18,1,Monterrey,Tec,5,5,247.5,0.5
Mexico,2024-04-18,2,Monterrey,Centro,1,2,96.3,0.0
Mexico,2024-04-18,2,Monterrey,Mitras Centro,3,4,234.1,0.0
Mexico,2024-04-18,2,Monterrey,Apodaca Centro,6,7,405.9,0.0
Mexico,2024-04-18,2,Monterrey,Escobedo,6,5,278.7,0.0
Mexico,2024-04-18,2,Monterrey,Carretera Nacional,3,3,140.2,0.0
Mexico,2024-04-18,2,Monterrey,MTY_Apodaca_Huinalá,1,3,154.8,0.0
Mexico,2024-04-18,2,Monterrey,San Nicolás,4,3,160.7,0.0
Mexico,2024-04-18,2,Monterrey,Santa Catarina,8,7,332.7,0.0
Mexico,2024-04-18,2,Monterrey,San Pedro,7,5,290.1,0.0
Mexico,2024-04-18,2,Monterrey,Cumbres Poniente,9,6,311.5,0.0
Mexico,2024-04-18,2,Monterrey,La Fe,7,5,273.2,0.0
Mexico,2024-04-18,2,Monterrey,MTY_Guadalupe,4,3,150.1,0.0
Mexico,2024-04-18,2,Monterrey,Independencia,7,6,313.2,0.0
Mexico,2024-04-18,2,Monterrey,Tec,9,8,390.4,0.0
Mexico,2024-04-18,3,Monterrey,Centro,6,6,338.4,2.5
Mexico,2024-04-18,3,Monterrey,Mitras Centro,5,6,355.9,2.5
Mexico,2024-04-18,3,Monterrey,Apodaca Centro,2,5,292.9,2.5
Mexico,2024-04-18,3,Monterrey,Escobedo,1,3,168.5,2.5
Mexico,2024-04-18,3,Monterrey,Carretera Nacional,1,4,193.2,2.5
Mexico,2024-04-18,3,Monterrey,MTY_Apodaca_Huinalá,1,2,116.6,2.5
Mexico,2024-04-18,3,Monterrey,San Nicolás,5,6,342.1,2.5
Mexico,2024-04-18,3,Monterrey,Santa Catarina,3,4,192.3,2.5
Mexico,2024-04-18,3,Monterrey,San Pedro,3,3,164.3,2.5
Mexico,2024-04-18,3,Monterrey,Cumbres Poniente,5,9,433.8,2.5
Mexico,2024-04-18,3,Monterrey,La Fe,4,4,187.1,2.5
Mexico,2024-04-18,3,Monterrey,MTY_Guadalupe,1,5,235.4,2.5
Mexico,2024-04-18,3,Monterrey,Independencia,1,6,320.7,2.5
Mexico,2024-04-18,3,Monterrey,Tec,5,7,389.0,2.5
Mexico,2024-04-18,4,Monterrey,Centro,9,6,353.4,0.0
Mexico,2024-04-18,4,Monterrey,Mitras Centro,10,7,378.1,0.0
Mexico,2024-04-18,4,Monterrey,Apodaca Centro,2,3,150.4,0.0
Mexico,2024-04-18,4,Monterrey,Escobedo,11,10,514.3,0.0
Mexico,2024-04-18,4,Monterrey,Carretera Nacional,5,7,373.2,0.0
Mexico,2024-04-18,4,Monterrey,MTY_Apodaca_Huinalá,10,7,389.0,0.0
Mexico,2024-04-18,4,Monterrey,San Nicolás,6,8,390.0,0.0
Mexico,2024-04-18,4,Monterrey,Santa Catarina,5,5,259.9,0.0
Mexico,2024-04-18,4,Monterrey,San Pedro,5,3,174.6,0.0
Mexico,2024-04-18,4,Monterrey,Cumbres Poniente,4,5,279.8,0.0
Mexico,2024-04-18,4,Monterrey,La Fe,8,8,447.4,0.0
Mexico,2024-04-18,4,Monterrey,MTY_Guadalupe,4,5,255.8,0.0
Mexico,2024-04-18,4,Monterrey,Independencia,5,5,246.9,0.0
Mexico,2024-04-18,4,Monterrey,Tec,3,1,54.6,0.0
Mexico,2024-04-18,5,Monterrey,Centro,1,3,151.4,0.0
Mexico,2024-04-18,5,Monterrey,Mitras Centro,4,5,295.5,0.0
Mexico,2024-04-18,5,Monterrey,Apodaca Centro,6,5,289.4,0.0
Mexico,2024-04-18,5,Monterrey,Escobedo,4,5,266.2,0.0
Mexico,2024-04-18,5,Monterrey,Carretera Nacional,6,6,305.3,0.0
Mexico,2024-04-18,5,Monterrey,MTY_Apodaca_Huinalá,6,8,397.9,0.0
Mexico,2024-04-18,5,Monterrey,San Nicolás,11,8,443.6,0.0
Mexico,2024-04-18,5,Monterrey,Santa Catarina,6,5,284.9,0.0
Mexico,2024-04-18,5,Monterrey,San Pedro,7,4,216.4,0.0
Mexico,2024-04-18,5,Monterrey,Cumbres Poniente,6,8,417.3,0.0
Mexico,2024-04-18,5,Monterrey,La Fe,7,5,252.1,0.0
Mexico,2024-04-18,5,Monterrey,MTY_Guadalupe,12,11,552.0,0.0
Mexico,2024-04-18,5,Monterrey,Independencia,3,4,181.4,0.0
Mexico,2024-04-18,5,Monterrey,Tec,7,7,404.9,0.0
Mexico,2024-04-18,6,Monterrey,Centro,4,4,195.5,0.0
Mexico,2024-04-18,6,Monterrey,Mitras Centro,3,4,182.7,0.0
Mexico,2024-04-18,6,Monterrey,Apodaca Centro,8,5,241.2,0.0
Mexico,2024-04-18,6,Monterrey,Escobedo,4,5,234.2,0.0
Mexico,2024-04-18,6,Monterrey,Carretera Nacional,5,7,322.7,0.0
Mexico,2024-04-18,6,Monterrey,MTY_Apodaca_Huinalá,11,9,524.3,0.0
Mexico,2024-04-18,6,Monterrey,San Nicolás,3,2,110.1,0.0
Mexico,2024-04-18,6,Monterrey,Santa Catarina,7,9,482.0,0.0
Mexico,2024-04-18,6,Monterrey,San Pedro,9,7,383.1,0.0
Mexico,2024-04-18,6,Monterrey,Cumbres Poniente,9,7,419.7,0.0
Mexico,2024-04-18,6,Monterrey,La Fe,7,8,478.8,0.0
Mexico,2024-04-18,6,Monterrey,MTY_Guadalupe,5,7,373.4,0.0
Mexico,2024-04-18,6,Monterrey,Independencia,4,3,142.7,0.0
Mexico,2024-04-18,6,Monterrey,Tec,7,6,337.1,0.0
Mexico,2024-04-18,7,Monterrey,Centro,9,8,387.6,0.0
Mexico,2024-04-18,7,Monterrey,Mitras Centro,2,4,230.3,0.0
Mexico,2024-04-18,7,Monterrey,Apodaca Centro,6,5,260.9,0.0
Mexico,2024-04-18,7,Monterrey,Escobedo,7,5,294.7,0.0
Mexico,2024-04-18,7,Monterrey,Carretera Nacional,7,5,270.6,0.0
Mexico,2024-04-18,7,Monterrey,MTY_Apodaca_Huinalá,3,4,211.4,0.0
Mexico,2024-04-18,7,Monterrey,San Nicolás,2,4,203.7,0.0
Mexico,2024-04-18,7,Monterrey,Santa Catarina,6,6,337.4,0.0
Mexico,2024-04-18,7,Monterrey,San Pedro,1,2,91.4,0.0
Mexico,2024-04-18,7,Monterrey,Cumbres Poniente,7,5,296.3,0.0
Mexico,2024-04-18,7,Monterrey,La Fe,9,7,357.3,0.0
Mexico,2024-04-18,7,Monterrey,MTY_Guadalupe,8,6,336.0,0.0
Mexico,2024-04-18,7,Monterrey,Independencia,2,3,160.6,0.0
Mexico,2024-04-18,7,Monterrey,Tec,2,3,176.4,0.0
Mexico,2024-04-18,8,Monterrey,Centro,6,8,394.7,0.0
Mexico,2024-04-18,8,Monterrey,Mitras Centro,3,3,150.5,0.0
Mexico,2024-04-18,8,Monterrey,Apodaca Centro,6,3,141.1,0.0
Mexico,2024-04-18,8,Monterrey,Escobedo,2,4,217.7,0.0
Mexico,2024-04-18,8,Monterrey,Carretera Nacional,9,8,375.6,0.0
Mexico,2024-04-18,8,Monterrey,MTY_Apodaca_Huinalá,7,5,236.2,0.0
Mexico,2024-04-18,8,Monterrey,San Nicolás,8,5,259.1,0.0
Mexico,2024-04-18,8,Monterrey,Santa Catarina,5,4,188.1,0.0
Mexico,2024-04-18,8,Monterrey,San Pedro,7,4,229.7,0.0
Mexico,2024-04-18,8,Monterrey,Cumbres Poniente,4,6,284.8,0.0
Mexico,2024-04-18,8,Monterrey,La Fe,2,3,139.1,0.0
Mexico,2024-04-18,8,Monterrey,MTY_Guadalupe,2,4,213.5,0.0
Mexico,2024-04-18,8,Monterrey,Independencia,4,2,120.0,0.0
Mexico,2024-04-18,8,Monterrey,Tec,4,6,310.7,0.0
Mexico,2024-04-18,9,Monterrey,Centro,5,6,330.4,5.0
Mexico,2024-04-18,9,Monterrey,Mitras Centro,4,7,328.0,5.0
Mexico,2024-04-18,9,Monterrey,Apodaca Centro,6,6,271.7,5.0
Mexico,2024-04-18,9,Monterrey,Escobedo,12,12,571.0,5.0
Mexico,2024-04-18,9,Monterrey,Carretera Nacional,3,7,338.3,5.0
Mexico,2024-04-18,9,Monterrey,MTY_Apodaca_Huinalá,1,5,279.9,5.0
Mexico,2024-04-18,9,Monterrey,San Nicolás,3,5,286.3,5.0
Mexico,2024-04-18,9,Monterrey,Santa Catarina,6,7,373.9,5.0
Mexico,2024-04-18,9,Monterrey,San Pedro,3,6,303.8,5.0
Mexico,2024-04-18,9,Monterrey,Cumbres Poniente,4,7,342.6,5.0
Mexico,2024-04-18,9,Monterrey,La Fe,3,5,265.2,5.0
Mexico,2024-04-18,9,Monterrey,MTY_Guadalupe,6,8,432.1,5.0
Mexico,2024-04-18,9,Monterrey,Independencia,1,3,157.9,5.0
Mexico,2024-04-18,9,Monterrey,Tec,3,3,153.4,5.0
Mexico,2024-04-18,10,Monterrey,Centro,8,6,285.7,0.0
Mexico,2024-04-18,10,Monterrey,Mitras Centro,1,3,148.9,0.0
Mexico,2024-04-18,10,Monterrey,Apodaca Centro,1,2,97.8,0.0
Mexico,2024-04-18,10,Monterrey,Escobedo,4,5,243.4,0.0
Mexico,2024-04-18,10,Monterrey,Carretera Nacional,3,1,53.5,0.0
Mexico,2024-04-18,10,Monterrey,MTY_Apodaca_Huinalá,6,3,159.5,0.0
Mexico,2024-04-18,10,Monterrey,San Nicolás,3,3,174.7,0.0
Mexico,2024-04-18,10,Monterrey,Santa Catarina,2,4,191.3,0.0
Mexico,2024-04-18,10,Monterrey,San Pedro,3,4,194.8,0.0
Mexico,2024-04-18,10,Monterrey,Cumbres Poniente,9,6,356.9,0.0
Mexico,2024-04-18,10,Monterrey,La Fe,4,3,176.2,0.0
Mexico,2024-04-18,10,Monterrey,MTY_Guadalupe,7,4,222.4,0.0
Mexico,2024-04-18,10,Monterrey,Independencia,11,10,482.4,0.0
Mexico,2024-04-18,10,Monterrey,Tec,9,7,341.4,0.0
Mexico,2024-04-18,11,Monterrey,Centro,6,4,206.1,0.0
Mexico,2024-04-18,11,Monterrey,Mitras Centro,7,4,214.1,0.0
Mexico,2024-04-18,11,Monterrey,Apodaca Centro,5,2,92.6,0.0
Mexico,2024-04-18,11,Monterrey,Escobedo,12,13,714.1,0.0
Mexico,2024-04-18,11,Monterrey,Carretera Nacional,5,6,276.9,0.0
Mexico,2024-04-18,11,Monterrey,MTY_Apodaca_Huinalá,1,3,152.2,0.0
Mexico,2024-04-18,11,Monterrey,San Nicolás,5,5,260.3,0.0
Mexico,2024-04-18,11,Monterrey,Santa Catarina,9,6,313.7,0.0
Mexico,2024-04-18,11,Monterrey,San Pedro,9,6,286.2,0.0
Mexico,2024-04-18,11,Monterrey,Cumbres Poniente,3,3,166.3,0.0
Mexico,2024-04-18,11,Monterrey,La Fe,10,7,390.8,0.0
Mexico,2024-04-18,11,Monterrey,MTY_Guadalupe,3,2,110.3,0.0
Mexico,2024-04-18,11,Monterrey,Independencia,2,4,180.4,0.0
Mexico,2024-04-18,11,Monterrey,Tec,2,3,136.1,0.0
Mexico,2024-04-18,12,Monterrey,Centro,1,3,179.1,0.0
Mexico,2024-04-18,12,Monterrey,Mitras Centro,7,9,418.7,0.0
Mexico,2024-04-18,12,Monterrey,Apodaca Centro,6,4,181.5,0.0
Mexico,2024-04-18,12,Monterrey,Escobedo,4,4,193.1,0.0
Mexico,2024-04-18,12,Monterrey,Carretera Nacional,5,4,223.8,0.0
Mexico,2024-04-18,12,Monterrey,MTY_Apodaca_Huinalá,5,5,294.3,0.0
Mexico,2024-04-18,12,Monterrey,San Nicolás,4,2,111.1,0.0
Mexico,2024-04-18,12,Monterrey,Santa Catarina,4,4,223.8,0.0
Mexico,2024-04-18,12,Monterrey,San Pedro,10,7,333.2,0.0
Mexico,2024-04-18,12,Monterrey,Cumbres Poniente,5,6,346.1,0.0
Mexico,2024-04-18,12,Monterrey,La Fe,3,5,265.6,0.0
Mexico,2024-04-18,12,Monterrey,MTY_Guadalupe,9,6,336.4,0.0
Mexico,2024-04-18,12,Monterrey,Independencia,5,7,415.5,0.0
Mexico,2024-04-18,12,Monterrey,Tec,3,3,172.4,0.0
Mexico,2024-04-18,13,Monterrey,Centro,7,9,533.6,0.0
Mexico,2024-04-18,13,Monterrey,Mitras Centro,9,7,374.9,0.0
Mexico,2024-04-18,13,Monterrey,Apodaca Centro,5,7,418.1,0.0
Mexico,2024-04-18,13,Monterrey,Escobedo,11,13,706.7,0.0
Mexico,2024-04-18,13,Monterrey,Carretera Nacional,13,10,497.5,0.0
Mexico,2024-04-18,13,Monterrey,MTY_Apodaca_Huinalá,11,13,650.5,0.0
Mexico,2024-04-18,13,Monterrey,San Nicolás,10,7,359.3,0.0
Mexico,2024-04-18,13,Monterrey,Santa Catarina,4,5,271.2,0.0
Mexico,2024-04-18,13,Monterrey,San Pedro,7,4,239.6,0.0
Mexico,2024-04-18,13,Monterrey,Cumbres Poniente,8,10,498.9,0.0
Mexico,2024-04-18,13,Monterrey,La Fe,2,3,174.2,0.0
Mexico,2024-04-18,13,Monterrey,MTY_Guadalupe,9,8,464.1,0.0
Mexico,2024-04-18,13,Monterrey,Independencia,11,10,486.5,0.0
Mexico,2024-04-18,13,Monterrey,Tec,12,14,744.1,0.0
Mexico,2024-04-18,14,Monterrey,Centro,9,7,346.9,0.0
Mexico,2024-04-18,14,Monterrey,Mitras Centro,7,9,513.8,0.0
Mexico,2024-04-18,14,Monterrey,Apodaca Centro,13,14,684.8,0.0
Mexico,2024-04-18,14,Monterrey,Escobedo,11,9,421.5,0.0
Mexico,2024-04-18,14,Monterrey,Carretera Nacional,12,11,659.1,0.0
Mexico,2024-04-18,14,Monterrey,MTY_Apodaca_Huinalá,10,10,539.6,0.0
Mexico,2024-04-18,14,Monterrey,San Nicolás,10,11,504.5,0.0
Mexico,2024-04-18,14,Monterrey,Santa Catarina,15,12,716.4,0.0
Mexico,2024-04-18,14,Monterrey,San Pedro,21,19,992.5,0.0
Mexico,2024-04-18,14,Monterrey,Cumbres Poniente,10,12,605.6,0.0
Mexico,2024-04-18,14,Monterrey,La Fe,10,8,403.9,0.0
Mexico,2024-04-18,14,Monterrey,MTY_Guadalupe,13,11,521.0,0.0
Mexico,2024-04-18,14,Monterrey,Independencia,5,6,306.4,0.0
Mexico,2024-04-18,14,Monterrey,Tec,13,14,706.4,0.0
Mexico,2024-04-18,15,Monterrey,Centro,8,6,314.7,0.0
Mexico,2024-04-18,15,Monterrey,Mitras Centro,6,7,407.2,0.0
Mexico,2024-04-18,15,Monterrey,Apodaca Centro,3,2,118.6,0.0
Mexico,2024-04-18,15,Monterrey,Escobedo,3,4,195.2,0.0
Mexico,2024-04-18,15,Monterrey,Carretera Nacional,7,4,208.2,0.0
Mexico,2024-04-18,15,Monterrey,MTY_Apodaca_Huinalá,9,6,274.5,0.0
Mexico,2024-04-18,15,Monterrey,San Nicolás,5,3,145.9,0.0
Mexico,2024-04-18,15,Monterrey,Santa Catarina,3,4,214.6,0.0
Mexico,2024-04-18,15,Monterrey,San Pedro,9,6,270.5,0.0
Mexico,2024-04-18,15,Monterrey,Cumbres Poniente,3,4,229.0,0.0
Mexico,2024-04-18,15,Monterrey,La Fe,8,8,398.5,0.0
Mexico,2024-04-18,15,Monterrey,MTY_Guadalupe,4,3,148.9,0.0
Mexico,2024-04-18,15,Monterrey,Independencia,6,4,215.9,0.0
Mexico,2024-04-18,15,Monterrey,Tec,5,4,233.9,0.0
Mexico,2024-04-18,16,Monterrey,Centro,4,3,176.3,0.5
Mexico,2024-04-18,16,Monterrey,Mitras Centro,5,7,381.1,0.5
Mexico,2024-04-18,16,Monterrey,Apodaca Centro,6,6,323.0,0.5
Mexico,2024-04-18,16,Monterrey,Escobedo,8,5,226.2,0.5
Mexico,2024-04-18,16,Monterrey,Carretera Nacional,7,5,270.4,0.5
Mexico,2024-04-18,16,Monterrey,MTY_Apodaca_Huinalá,6,5,286.6,0.5
Mexico,2024-04-18,16,Monterrey,San Nicolás,8,6,284.1,0.5
Mexico,2024-04-18,16,Monterrey,Santa Catarina,5,7,317.1,0.5
Mexico,2024-04-18,16,Monterrey,San Pedro,4,6,308.5,0.5
Mexico,2024-04-18,16,Monterrey,Cumbres Poniente,2,2,118.4,0.5
Mexico,2024-04-18,16,Monterrey,La Fe,13,10,485.6,0.5
Mexico,2024-04-18,16,Monterrey,MTY_Guadalupe,3,4,208.3,0.5
Mexico,2024-04-18,16,Monterrey,Independencia,6,5,261.1,0.5
Mexico,2024-04-18,16,Monterrey,Tec,9,7,397.5,0.5
Mexico,2024-04-18,17,Monterrey,Centro,3,7,380.1,5.0
Mexico,2024-04-18,17,Monterrey,Mitras Centro,1,3,136.2,5.0
Mexico,2024-04-18,17,Monterrey,Apodaca Centro,3,7,400.1,5.0
Mexico,2024-04-18,17,Monterrey,Escobedo,3,8,413.3,5.0
Mexico,2024-04-18,17,Monterrey,Carretera Nacional,5,5,241.3,5.0
Mexico,2024-04-18,17,Monterrey,MTY_Apodaca_Huinalá,1,4,194.8,5.0
Mexico,2024-04-18,17,Monterrey,San Nicolás,4,5,232.2,5.0
Mexico,2024-04-18,17,Monterrey,Santa Catarina,1,5,270.5,5.0
Mexico,2024-04-18,17,Monterrey,San Pedro,4,6,320.5,5.0
Mexico,2024-04-18,17,Monterrey,Cumbres Poniente,4,4,232.0,5.0
Mexico,2024-04-18,17,Monterrey,La Fe,1,6,291.3,5.0
Mexico,2024-04-18,17,Monterrey,MTY_Guadalupe,7,7,360.6,5.0
Mexico,2024-04-18,17,Monterrey,Independencia,1,6,312.2,5.0
Mexico,2024-04-18,17,Monterrey,Tec,1,1,47.6,5.0
Mexico,2024-04-18,18,Monterrey,Centro,11,13,688.3,0.0
Mexico,2024-04-18,18,Monterrey,Mitras Centro,6,3,179.0,0.0
Mexico,2024-04-18,18,Monterrey,Apodaca Centro,6,3,174.3,0.0
Mexico,2024-04-18,18,Monterrey,Escobedo,1,1,57.4,0.0
Mexico,2024-04-18,18,Monterrey,Carretera Nacional,5,2,99.1,0.0
Mexico,2024-04-18,18,Monterrey,MTY_Apodaca_Huinalá,6,5,274.1,0.0
Mexico,2024-04-18,18,Monterrey,San Nicolás,4,4,210.1,0.0
Mexico,2024-04-18,18,Monterrey,Santa Catarina,4,3,175.4,0.0
Mexico,2024-04-18,18,Monterrey,San Pedro,7,6,344.9,0.0
Mexico,2024-04-18,18,Monterrey,Cumbres Poniente,2,4,239.0,0.0
Mexico,2024-04-18,18,Monterrey,La Fe,1,3,162.9,0.0
Mexico,2024-04-18,18,Monterrey,MTY_Guadalupe,6,5,269.4,0.0
Mexico,2024-04-18,18,Monterrey,Independencia,10,7,333.1,0.0
Mexico,2024-04-18,18,Monterrey,Tec,7,7,391.6,0.0
Mexico,2024-04-18,19,Monterrey,Centro,14,11,586.1,0.0
Mexico,2024-04-18,19,Monterrey,Mitras Centro,13,12,551.6,0.0
Mexico,2024-04-18,19,Monterrey,Apodaca Centro,16,14,696.8,0.0
Mexico,2024-04-18,19,Monterrey,Escobedo,4,6,272.0,0.0
Mexico,2024-04-18,19,Monterrey,Carretera Nacional,10,11,640.1,0.0
Mexico,2024-04-18,19,Monterrey,MTY_Apodaca_Huinalá,6,3,166.0,0.0
Mexico,2024-04-18,19,Monterrey,San Nicolás,9,10,581.8,0.0
Mexico,2024-04-18,19,Monterrey,Santa Catarina,8,5,241.9,0.0
Mexico,2024-04-18,19,Monterrey,San Pedro,15,13,638.9,0.0
Mexico,2024-04-18,19,Monterrey,Cumbres Poniente,12,9,462.7,0.0
Mexico,2024-04-18,19,Monterrey,La Fe,14,15,739.5,0.0
Mexico,2024-04-18,19,Monterrey,MTY_Guadalupe,9,8,464.7,0.0
Mexico,2024-04-18,19,Monterrey,Independencia,8,10,466.0,0.0
Mexico,2024-04-18,19,Monterrey,Tec,7,6,298.9,0.0
Mexico,2024-04-18,20,Monterrey,Centro,14,12,650.9,0.0
Mexico,2024-04-18,20,Monterrey,Mitras Centro,6,7,381.6,0.0
Mexico,2024-04-18,20,Monterrey,Apodaca Centro,15,12,638.3,0.0
Mexico,2024-04-18,20,Monterrey,Escobedo,7,9,521.2,0.0
Mexico,2024-04-18,20,Monterrey,Carretera Nacional,10,10,503.4,0.0
Mexico,2024-04-18,20,Monterrey,MTY_Apodaca_Huinalá,18,16,733.4,0.0
Mexico,2024-04-18,20,Monterrey,San Nicolás,4,5,274.4,0.0
Mexico,2024-04-18,20,Monterrey,Santa Catarina,9,8,368.7,0.0
Mexico,2024-04-18,20,Monterrey,San Pedro,14,14,673.2,0.0
Mexico,2024-04-18,20,Monterrey,Cumbres Poniente,7,8,470.6,0.0
Mexico,2024-04-18,20,Monterrey,La Fe,7,9,477.0,0.0
Mexico,2024-04-18,20,Monterrey,MTY_Guadalupe,9,11,561.5,0.0
Mexico,2024-04-18,20,Monterrey,Independencia,17,17,963.2,0.0
Mexico,2024-04-18,20,Monterrey,Tec,5,7,413.8,0.0
Mexico,2024-04-18,21,Monterrey,Centro,14,12,664.5,0.0
Mexico,2024-04-18,21,Monterrey,Mitras Centro,15,13,739.9,0.0
Mexico,2024-04-18,21,Monterrey,Apodaca Centro,15,12,666.8,0.0
Mexico,2024-04-18,21,Monterrey,Escobedo,8,6,341.0,0.0
Mexico,2024-04-18,21,Monterrey,Carretera Nacional,8,7,378.5,0.0
Mexico,2024-04-18,21,Monterrey,MTY_Apodaca_Huinalá,10,9,496.4,0.0
Mexico,2024-04-18,21,Monterrey,San Nicolás,13,13,612.7,0.0
Mexico,2024-04-18,21,Monterrey,Santa Catarina,7,6,305.0,0.0
Mexico,2024-04-18,21,Monterrey,San Pedro,3,5,277.7,0.0
Mexico,2024-04-18,21,Monterrey,Cumbres Poniente,8,8,375.7,0.0
Mexico,2024-04-18,21,Monterrey,La Fe,7,7,365.0,0.0
Mexico,2024-04-18,21,Monterrey,MTY_Guadalupe,16,14,764.3,0.0
Mexico,2024-04-18,21,Monterrey,Independencia,8,6,319.9,0.0
Mexico,2024-04-18,21,Monterrey,Tec,21,18,976.3,0.0
Mexico,2024-04-18,22,Monterrey,Centro,3,3,171.8,0.0
Mexico,2024-04-18,22,Monterrey,Mitras Centro,7,4,229.0,0.0
Mexico,2024-04-18,22,Monterrey,Apodaca Centro,7,6,347.7,0.0
Mexico,2024-04-18,22,Monterrey,Escobedo,3,5,227.1,0.0
Mexico,2024-04-18,22,Monterrey,Carretera Nacional,10,8,441.3,0.0
Mexico,2024-04-18,22,Monterrey,MTY_Apodaca_Huinalá,8,7,396.4,0.0
Mexico,2024-04-18,22,Monterrey,San Nicolás,2,4,225.7,0.0
Mexico,2024-04-18,22,Monterrey,Santa Catarina,2,3,155.0,0.0
Mexico,2024-04-18,22,Monterrey,San Pedro,7,5,243.7,0.0
Mexico,2024-04-18,22,Monterrey,Cumbres Poniente,10,7,401.8,0.0
Mexico,2024-04-18,22,Monterrey,La Fe,4,2,105.1,0.0
Mexico,2024-04-18,22,Monterrey,MTY_Guadalupe,1,3,152.8,0.0
Mexico,2024-04-18,22,Monterrey,Independencia,10,9,468.6,0.0
Mexico,2024-04-18,22,Monterrey,Tec,12,10,530.4,0.0
Mexico,2024-04-18,23,Monterrey,Centro,6,7,414.2,0.0
Mexico,2024-04-18,23,Monterrey,Mitras Centro,6,6,332.6,0.0
Mexico,2024-04-18,23,Monterrey,Apodaca Centro,5,5,265.0,0.0
Mexico,2024-04-18,23,Monterrey,Escobedo,9,6,354.2,0.0
Mexico,2024-04-18,23,Monterrey,Carretera Nacional,2,3,167.6,0.0
Mexico,2024-04-18,23,Monterrey,MTY_Apodaca_Huinalá,5,5,255.1,0.0
Mexico,2024-04-18,23,Monterrey,San Nicolás,4,5,234.2,0.0
Mexico,2024-04-18,23,Monterrey,Santa Catarina,3,5,288.0,0.0
Mexico,2024-04-18,23,Monterrey,San Pedro,4,4,237.5,0.0
Mexico,2024-04-18,23,Monterrey,Cumbres Poniente,3,1,52.8,0.0
Mexico,2024-04-18,23,Monterrey,La Fe,7,6,299.9,0.0
Mexico,2024-04-18,23,Monterrey,MTY_Guadalupe,3,4,184.3,0.0
Mexico,2024-04-18,23,Monterrey,Independencia,7,4,233.3,0.0
Mexico,2024-04-18,23,Monterrey,Tec,2,4,218.4,0.0
Mexico,2024-04-19,0,Monterrey,Centro,7,5,288.7,0.0
Mexico,2024-04-19,0,Monterrey,Mitras Centro,6,4,235.3,0.0
Mexico,2024-04-19,0,Monterrey,Apodaca Centro,7,5,278.6,0.0
Mexico,2024-04-19,0,Monterrey,Escobedo,6,4,213.6,0.0
Mexico,2024-04-19,0,Monterrey,Carretera Nacional,7,5,268.4,0.0
Mexico,2024-04-19,0,Monterrey,MTY_Apodaca_Huinalá,5,5,235.3,0.0
Mexico,2024-04-19,0,Monterrey,San Nicolás,14,11,537.6,0.0
Mexico,2024-04-19,0,Monterrey,Santa Catarina,5,3,150.9,0.0
Mexico,2024-04-19,0,Monterrey,San Pedro,7,5,243.9,0.0
Mexico,2024-04-19,0,Monterrey,Cumbres Poniente,2,3,140.4,0.0
Mexico,2024-04-19,0,Monterrey,La Fe,2,1,58.1,0.0
Mexico,2024-04-19,0,Monterrey,MTY_Guadalupe,6,8,467.4,0.0
Mexico,2024-04-19,0,Monterrey,Independencia,7,4,195.4,0.0
Mexico,2024-04-19,0,Monterrey,Tec,4,2,115.1,0.0
Mexico,2024-04-19,1,Monterrey,Centro,4,4,213.9,0.0
Mexico,2024-04-19,1,Monterrey,Mitras Centro,3,2,93.2,0.0
Mexico,2024-04-19,1,Monterrey,Apodaca Centro,3,3,162.8,0.0
Mexico,2024-04-19,1,Monterrey,Escobedo,5,3,152.1,0.0
Mexico,2024-04-19,1,Monterrey,Carretera Nacional,1,3,154.4,0.0
Mexico,2024-04-19,1,Monterrey,MTY_Apodaca_Huinalá,5,5,289.1,0.0
Mexico,2024-04-19,1,Monterrey,San Nicolás,3,5,237.4,0.0
Mexico,2024-04-19,1,Monterrey,Santa Catarina,7,4,181.6,0.0
Mexico,2024-04-19,1,Monterrey,San Pedro,2,3,159.9,0.0
Mexico,2024-04-19,1,Monterrey,Cumbres Poniente,1,1,54.8,0.0
Mexico,2024-04-19,1,Monterrey,La Fe,1,2,91.5,0.0
Mexico,2024-04-19,1,Monterrey,MTY_Guadalupe,3,5,286.0,0.0
Mexico,2024-04-19,1,Monterrey,Independencia,7,4,224.4,0.0
Mexico,2024-04-19,1,Monterrey,Tec,12,9,508.1,0.0
Mexico,2024-04-19,2,Monterrey,Centro,6,7,332.8,0.0
Mexico,2024-04-19,2,Monterrey,Mitras Centro,3,3,144.7,0.0
Mexico,2024-04-19,2,Monterrey,Apodaca Centro,8,7,410.8,0.0
Mexico,2024-04-19,2,Monterrey,Escobedo,10,7,367.9,0.0
Mexico,2024-04-19,2,Monterrey,Carretera Nacional,2,3,143.9,0.0
Mexico,2024-04-19,2,Monterrey,MTY_Apodaca_Huinalá,1,1,47.4,0.0
Mexico,2024-04-19,2,Monterrey,San Nicolás,6,3,168.5,0.0
Mexico,2024-04-19,2,Monterrey,Santa Catarina,2,1,56.3,0.0
Mexico,2024-04-19,2,Monterrey,San Pedro,3,5,267.3,0.0
Mexico,2024-04-19,2,Monterrey,Cumbres Poniente,2,1,50.0,0.0
Mexico,2024-04-19,2,Monterrey,La Fe,3,2,108.5,0.0
Mexico,2024-04-19,2,Monterrey,MTY_Guadalupe,8,8,367.4,0.0
Mexico,2024-04-19,2,Monterrey,Independencia,2,3,175.1,0.0
Mexico,2024-04-19,2,Monterrey,Tec,4,5,232.6,0.0
Mexico,2024-04-19,3,Monterrey,Centro,9,6,330.4,0.0
Mexico,2024-04-19,3,Monterrey,Mitras Centro,6,4,215.4,0.0
Mexico,2024-04-19,3,Monterrey,Apodaca Centro,8,5,273.3,0.0
Mexico,2024-04-19,3,Monterrey,Escobedo,1,1,46.4,0.0
Mexico,2024-04-19,3,Monterrey,Carretera Nacional,7,6,322.6,0.0
Mexico,2024-04-19,3,Monterrey,MTY_Apodaca_Huinalá,7,5,295.2,0.0
Mexico,2024-04-19,3,Monterrey,San Nicolás,3,5,255.8,0.0
Mexico,2024-04-19,3,Monterrey,Santa Catarina,6,3,140.1,0.0
Mexico,2024-04-19,3,Monterrey,San Pedro,3,4,232.1,0.0
Mexico,2024-04-19,3,Monterrey,Cumbres Poniente,5,3,158.3,0.0
Mexico,2024-04-19,3,Monterrey,La Fe,8,7,418.6,0.0
Mexico,2024-04-19,3,Monterrey,MTY_Guadalupe,4,3,159.2,0.0
Mexico,2024-04-19,3,Monterrey,Independencia,7,5,271.5,0.0
Mexico,2024-04-19,3,Monterrey,Tec,9,8,420.1,0.0
Mexico,2024-04-19,4,Monterrey,Centro,7,9,517.7,0.0
Mexico,2024-04-19,4,Monterrey,Mitras Centro,7,7,419.9,0.0
Mexico,2024-04-19,4,Monterrey,Apodaca Centro,7,9,501.9,0.0
Mexico,2024-04-19,4,Monterrey,Escobedo,7,6,344.2,0.0
Mexico,2024-04-19,4,Monterrey,Carretera Nacional,5,5,287.0,0.0
Mexico,2024-04-19,4,Monterrey,MTY_Apodaca_Huinalá,4,6,290.9,0.0
Mexico,2024-04-19,4,Monterrey,San Nicolás,8,5,228.7,0.0
Mexico,2024-04-19,4,Monterrey,Santa Catarina,4,5,225.8,0.0
Mexico,2024-04-19,4,Monterrey,San Pedro,8,8,394.0,0.0
Mexico,2024-04-19,4,Monterrey,Cumbres Poniente,4,4,211.3,0.0
Mexico,2024-04-19,4,Monterrey,La Fe,9,6,310.6,0.0
Mexico,2024-04-19,4,Monterrey,MTY_Guadalupe,3,3,168.6,0.0
Mexico,2024-04-19,4,Monterrey,Independencia,1,2,114.3,0.0
Mexico,2024-04-19,4,Monterrey,Tec,3,2,119.2,0.0
Mexico,2024-04-19,5,Monterrey,Centro,10,8,404.0,0.0
Mexico,2024-04-19,5,Monterrey,Mitras Centro,5,7,372.6,0.0
Mexico,2024-04-19,5,Monterrey,Apodaca Centro,9,7,397.9,0.0
Mexico,2024-04-19,5,Monterrey,Escobedo,3,4,182.3,0.0
Mexico,2024-04-19,5,Monterrey,Carretera Nacional,7,6,294.9,0.0
Mexico,2024-04-19,5,Monterrey,MTY_Apodaca_Huinalá,4,5,260.3,0.0
Mexico,2024-04-19,5,Monterrey,San Nicolás,3,4,237.4,0.0
Mexico,2024-04-19,5,Monterrey,Santa Catarina,5,7,365.1,0.0
Mexico,2024-04-19,5,Monterrey,San Pedro,4,5,262.4,0.0
Mexico,2024-04-19,5,Monterrey,Cumbres Poniente,4,4,213.8,0.0
Mexico,2024-04-19,5,Monterrey,La Fe,8,9,491.1,0.0
Mexico,2024-04-19,5,Monterrey,MTY_Guadalupe,3,5,255.6,0.0
Mexico,2024-04-19,5,Monterrey,Independencia,6,6,354.8,0.0
Mexico,2024-04-19,5,Monterrey,Tec,3,2,103.5,0.0
Mexico,2024-04-19,6,Monterrey,Centro,4,4,187.0,0.5
Mexico,2024-04-19,6,Monterrey,Mitras Centro,6,7,360.4,0.5
Mexico,2024-04-19,6,Monterrey,Apodaca Centro,7,4,224.8,0.5
Mexico,2024-04-19,6,Monterrey,Escobedo,6,6,270.7,0.5
Mexico,2024-04-19,6,Monterrey,Carretera Nacional,7,6,277.4,0.5
Mexico,2024-04-19,6,Monterrey,MTY_Apodaca_Huinalá,7,9,441.9,0.5
Mexico,2024-04-19,6,Monterrey,San Nicolás,3,3,146.1,0.5
Mexico,2024-04-19,6,Monterrey,Santa Catarina,6,4,216.9,0.5
Mexico,2024-04-19,6,Monterrey,San Pedro,6,6,301.2,0.5
Mexico,2024-04-19,6,Monterrey,Cumbres Poniente,7,7,328.5,0.5
Mexico,2024-04-19,6,Monterrey,La Fe,3,2,91.0,0.5
Mexico,2024-04-19,6,Monterrey,MTY_Guadalupe,10,7,333.5,0.5
Mexico,2024-04-19,6,Monterrey,Independencia,5,6,319.7,0.5
Mexico,2024-04-19,6,Monterrey,Tec,3,5,246.6,0.5
Mexico,2024-04-19,7,Monterrey,Centro,4,2,117.2,0.0
Mexico,2024-04-19,7,Monterrey,Mitras Centro,2,3,140.3,0.0
Mexico,2024-04-19,7,Monterrey,Apodaca Centro,6,8,417.3,0.0
Mexico,2024-04-19,7,Monterrey,Escobedo,6,7,385.2,0.0
Mexico,2024-04-19,7,Monterrey,Carretera Nacional,3,5,227.4,0.0
Mexico,2024-04-19,7,Monterrey,MTY_Apodaca_Huinalá,12,10,511.0,0.0
Mexico,2024-04-19,7,Monterrey,San Nicolás,1,3,173.7,0.0
Mexico,2024-04-19,7,Monterrey,Santa Catarina,2,2,117.4,0.0
Mexico,2024-04-19,7,Monterrey,San Pedro,2,3,147.7,0.0
Mexico,2024-04-19,7,Monterrey,Cumbres Poniente,9,6,287.9,0.0
Mexico,2024-04-19,7,Monterrey,La Fe,7,8,370.8,0.0
Mexico,2024-04-19,7,Monterrey,MTY_Guadalupe,5,5,237.3,0.0
Mexico,2024-04-19,7,Monterrey,Independencia,9,9,425.2,0.0
Mexico,2024-04-19,7,Monterrey,Tec,1,2,98.6,0.0
Mexico,2024-04-19,8,Monterrey,Centro,6,4,211.2,0.0
Mexico,2024-04-19,8,Monterrey,Mitras Centro,1,3,145.0,0.0
Mexico,2024-04-19,8,Monterrey,Apodaca Centro,6,3,147.0,0.0
Mexico,2024-04-19,8,Monterrey,Escobedo,4,6,297.0,0.0
Mexico,2024-04-19,8,Monterrey,Carretera Nacional,5,3,137.2,0.0
Mexico,2024-04-19,8,Monterrey,MTY_Apodaca_Huinalá,4,4,196.7,0.0
Mexico,2024-04-19,8,Monterrey,San Nicolás,4,6,308.1,0.0
Mexico,2024-04-19,8,Monterrey,Santa Catarina,2,4,200.4,0.0
Mexico,2024-04-19,8,Monterrey,San Pedro,5,7,393.7,0.0
Mexico,2024-04-19,8,Monterrey,Cumbres Poniente,2,3,138.9,0.0
Mexico,2024-04-19,8,Monterrey,La Fe,7,5,260.2,0.0
Mexico,2024-04-19,8,Monterrey,MTY_Guadalupe,8,5,243.0,0.0
Mexico,2024-04-19,8,Monterrey,Independencia,3,2,93.5,0.0
Mexico,2024-04-19,8,Monterrey,Tec,12,9,422.3,0.0
Mexico,2024-04-19,9,Monterrey,Centro,8,6,273.9,0.0
Mexico,2024-04-19,9,Monterrey,Mitras Centro,5,2,119.0,0.0
Mexico,2024-04-19,9,Monterrey,Apodaca Centro,2,3,150.3,0.0
Mexico,2024-04-19,9,Monterrey,Escobedo,5,2,101.9,0.0
Mexico,2024-04-19,9,Monterrey,Carretera Nacional,9,9,485.5,0.0
Mexico,2024-04-19,9,Monterrey,MTY_Apodaca_Huinalá,11,9,430.1,0.0
Mexico,2024-04-19,9,Monterrey,San Nicolás,9,7,338.9,0.0
Mexico,2024-04-19,9,Monterrey,Santa Catarina,6,4,220.9,0.0
Mexico,2024-04-19,9,Monterrey,San Pedro,5,6,340.8,0.0
Mexico,2024-04-19,9,Monterrey,Cumbres Poniente,1,3,165.2,0.0
Mexico,2024-04-19,9,Monterrey,La Fe,2,4,206.7,0.0
Mexico,2024-04-19,9,Monterrey,MTY_Guadalupe,2,2,98.0,0.0
Mexico,2024-04-19,9,Monterrey,Independencia,8,5,226.6,0.0
Mexico,2024-04-19,9,Monterrey,Tec,6,6,339.4,0.0
Mexico,2024-04-19,10,Monterrey,Centro,1,0,0.0,0.0
Mexico,2024-04-19,10,Monterrey,Mitras Centro,3,5,265.3,0.0
Mexico,2024-04-19,10,Monterrey,Apodaca Centro,12,11,607.3,0.0
Mexico,2024-04-19,10,Monterrey,Escobedo,11,8,361.1,0.0
Mexico,2024-04-19,10,Monterrey,Carretera Nacional,8,8,456.1,0.0
Mexico,2024-04-19,10,Monterrey,MTY_Apodaca_Huinalá,3,3,165.6,0.0
Mexico,2024-04-19,10,Monterrey,San Nicolás,7,4,186.5,0.0
Mexico,2024-04-19,10,Monterrey,Santa Catarina,9,8,409.4,0.0
Mexico,2024-04-19,10,Monterrey,San Pedro,8,6,325.8,0.0
Mexico,2024-04-19,10,Monterrey,Cumbres Poniente,4,5,267.2,0.0
Mexico,2024-04-19,10,Monterrey,La Fe,9,8,385.3,0.0
Mexico,2024-04-19,10,Monterrey,MTY_Guadalupe,8,7,327.3,0.0
Mexico,2024-04-19,10,Monterrey,Independencia,3,3,149.2,0.0
Mexico,2024-04-19,10,Monterrey,Tec,5,5,243.9,0.0
Mexico,2024-04-19,11,Monterrey,Centro,4,6,323.3,0.0
Mexico,2024-04-19,11,Monterrey,Mitras Centro,8,6,312.2,0.0
Mexico,2024-04-19,11,Monterrey,Apodaca Centro,4,5,258.5,0.0
Mexico,2024-04-19,11,Monterrey,Escobedo,8,8,401.8,0.0
Mexico,2024-04-19,11,Monterrey,Carretera Nacional,9,6,293.9,0.0
Mexico,2024-04-19,11,Monterrey,MTY_Apodaca_Huinalá,4,2,95.8,0.0
Mexico,2024-04-19,11,Monterrey,San Nicolás,4,4,222.1,0.0
Mexico,2024-04-19,11,Monterrey,Santa Catarina,7,5,287.7,0.0
Mexico,2024-04-19,11,Monterrey,San Pedro,3,4,199.8,0.0
Mexico,2024-04-19,11,Monterrey,Cumbres Poniente,1,0,0.0,0.0
Mexico,2024-04-19,11,Monterrey,La Fe,4,4,235.6,0.0
Mexico,2024-04-19,11,Monterrey,MTY_Guadalupe,1,1,46.6,0.0
Mexico,2024-04-19,11,Monterrey,Independencia,8,7,352.7,0.0
Mexico,2024-04-19,11,Monterrey,Tec,3,5,244.9,0.0
Mexico,2024-04-19,12,Monterrey,Centro,4,5,284.3,0.0
Mexico,2024-04-19,12,Monterrey,Mitras Centro,8,5,267.0,0.0
Mexico,2024-04-19,12,Monterrey,Apodaca Centro,3,3,150.6,0.0
Mexico,2024-04-19,12,Monterrey,Escobedo,8,6,329.6,0.0
Mexico,2024-04-19,12,Monterrey,Carretera Nacional,6,8,418.4,0.0
Mexico,2024-04-19,12,Monterrey,MTY_Apodaca_Huinalá,2,2,94.6,0.0
Mexico,2024-04-19,12,Monterrey,San Nicolás,6,6,357.9,0.0
Mexico,2024-04-19,12,Monterrey,Santa Catarina,10,8,445.0,0.0
Mexico,2024-04-19,12,Monterrey,San Pedro,1,1,47.7,0.0
Mexico,2024-04-19,12,Monterrey,Cumbres Poniente,2,3,171.8,0.0
Mexico,2024-04-19,12,Monterrey,La Fe,4,4,229.3,0.0
Mexico,2024-04-19,12,Monterrey,MTY_Guadalupe,7,4,186.4,0.0
Mexico,2024-04-19,12,Monterrey,Independencia,6,4,234.5,0.0
Mexico,2024-04-19,12,Monterrey,Tec,5,4,209.8,0.0
Mexico,2024-04-19,13,Monterrey,Centro,12,12,657.4,0.0
Mexico,2024-04-19,13,Monterrey,Mitras Centro,10,12,664.4,0.0
Mexico,2024-04-19,13,Monterrey,Apodaca Centro,5,4,218.2,0.0
Mexico,2024-04-19,13,Monterrey,Escobedo,10,12,713.4,0.0
Mexico,2024-04-19,13,Monterrey,Carretera Nacional,4,6,359.5,0.0
Mexico,2024-04-19,13,Monterrey,MTY_Apodaca_Huinalá,7,4,203.9,0.0
Mexico,2024-04-19,13,Monterrey,San Nicolás,12,11,599.4,0.0
Mexico,2024-04-19,13,Monterrey,Santa Catarina,8,8,458.3,0.0
Mexico,2024-04-19,13,Monterrey,San Pedro,5,7,361.9,0.0
Mexico,2024-04-19,13,Monterrey,Cumbres Poniente,8,10,477.8,0.0
Mexico,2024-04-19,13,Monterrey,La Fe,20,17,957.9,0.0
Mexico,2024-04-19,13,Monterrey,MTY_Guadalupe,10,11,584.4,0.0
Mexico,2024-04-19,13,Monterrey,Independencia,7,8,415.9,0.0
Mexico,2024-04-19,13,Monterrey,Tec,8,9,500.5,0.0
Mexico,2024-04-19,14,Monterrey,Centro,9,11,540.4,0.0
Mexico,2024-04-19,14,Monterrey,Mitras Centro,16,15,698.4,0.0
Mexico,2024-04-19,14,Monterrey,Apodaca Centro,17,14,752.8,0.0
Mexico,2024-04-19,14,Monterrey,Escobedo,12,13,641.2,0.0
Mexico,2024-04-19,14,Monterrey,Carretera Nacional,4,6,358.2,0.0
Mexico,2024-04-19,14,Monterrey,MTY_Apodaca_Huinalá,8,7,315.3,0.0
Mexico,2024-04-19,14,Monterrey,San Nicolás,12,10,529.6,0.0
Mexico,2024-04-19,14,Monterrey,Santa Catarina,12,13,683.6,0.0
Mexico,2024-04-19,14,Monterrey,San Pedro,5,7,370.8,0.0
Mexico,2024-04-19,14,Monterrey,Cumbres Poniente,6,8,374.4,0.0
Mexico,2024-04-19,14,Monterrey,La Fe,9,6,336.2,0.0
Mexico,2024-04-19,14,Monterrey,MTY_Guadalupe,8,9,503.4,0.0
Mexico,2024-04-19,14,Monterrey,Independencia,5,6,320.0,0.0
Mexico,2024-04-19,14,Monterrey,Tec,13,13,607.9,0.0
Mexico,2024-04-19,15,Monterrey,Centro,4,3,148.4,0.5
Mexico,2024-04-19,15,Monterrey,Mitras Centro,9,7,348.3,0.5
Mexico,2024-04-19,15,Monterrey,Apodaca Centro,4,2,117.2,0.5
Mexico,2024-04-19,15,Monterrey,Escobedo,3,3,179.4,0.5
Mexico,2024-04-19,15,Monterrey,Carretera Nacional,5,6,343.6,0.5
Mexico,2024-04-19,15,Monterrey,MTY_Apodaca_Huinalá,7,7,363.2,0.5
Mexico,2024-04-19,15,Monterrey,San Nicolás,2,2,104.8,0.5
Mexico,2024-04-19,15,Monterrey,Santa Catarina,4,3,144.1,0.5
Mexico,2024-04-19,15,Monterrey,San Pedro,6,8,459.4,0.5
Mexico,2024-04-19,15,Monterrey,Cumbres Poniente,7,6,349.6,0.5
Mexico,2024-04-19,15,Monterrey,La Fe,4,4,191.4,0.5
Mexico,2024-04-19,15,Monterrey,MTY_Guadalupe,1,3,160.2,0.5
Mexico,2024-04-19,15,Monterrey,Independencia,5,7,403.4,0.5
Mexico,2024-04-19,15,Monterrey,Tec,5,6,356.7,0.5
Mexico,2024-04-19,16,Monterrey,Centro,1,3,163.6,0.0
Mexico,2024-04-19,16,Monterrey,Mitras Centro,10,7,340.1,0.0
Mexico,2024-04-19,16,Monterrey,Apodaca Centro,5,7,410.5,0.0
Mexico,2024-04-19,16,Monterrey,Escobedo,8,6,326.2,0.0
Mexico,2024-04-19,16,Monterrey,Carretera Nacional,6,7,369.2,0.0
Mexico,2024-04-19,16,Monterrey,MTY_Apodaca_Huinalá,5,6,288.5,0.0
Mexico,2024-04-19,16,Monterrey,San Nicolás,4,5,278.6,0.0
Mexico,2024-04-19,16,Monterrey,Santa Catarina,5,3,174.4,0.0
Mexico,2024-04-19,16,Monterrey,San Pedro,5,4,203.5,0.0
Mexico,2024-04-19,16,Monterrey,Cumbres Poniente,5,4,236.7,0.0
Mexico,2024-04-19,16,Monterrey,La Fe,6,5,228.6,0.0
Mexico,2024-04-19,16,Monterrey,MTY_Guadalupe,1,2,90.7,0.0
Mexico,2024-04-19,16,Monterrey,Independencia,4,1,57.5,0.0
Mexico,2024-04-19,16,Monterrey,Tec,3,3,162.1,0.0
Mexico,2024-04-19,17,Monterrey,Centro,4,4,183.2,0.0
Mexico,2024-04-19,17,Monterrey,Mitras Centro,7,4,181.0,0.0
Mexico,2024-04-19,17,Monterrey,Apodaca Centro,6,6,278.4,0.0
Mexico,2024-04-19,17,Monterrey,Escobedo,3,4,238.0,0.0
Mexico,2024-04-19,17,Monterrey,Carretera Nacional,4,4,230.5,0.0
Mexico,2024-04-19,17,Monterrey,MTY_Apodaca_Huinalá,10,7,329.3,0.0
Mexico,2024-04-19,17,Monterrey,San Nicolás,1,2,104.1,0.0
Mexico,2024-04-19,17,Monterrey,Santa Catarina,10,8,468.4,0.0
Mexico,2024-04-19,17,Monterrey,San Pedro,3,3,136.3,0.0
Mexico,2024-04-19,17,Monterrey,Cumbres Poniente,3,5,241.1,0.0
Mexico,2024-04-19,17,Monterrey,La Fe,2,4,230.5,0.0
Mexico,2024-04-19,17,Monterrey,MTY_Guadalupe,5,5,289.9,0.0
Mexico,2024-04-19,17,Monterrey,Independencia,6,3,177.6,0.0
Mexico,2024-04-19,17,Monterrey,Tec,6,6,338.5,0.0
Mexico,2024-04-19,18,Monterrey,Centro,1,2,100.5,0.0
Mexico,2024-04-19,18,Monterrey,Mitras Centro,4,4,194.2,0.0
Mexico,2024-04-19,18,Monterrey,Apodaca Centro,1,2,113.9,0.0
Mexico,2024-04-19,18,Monterrey,Escobedo,5,7,351.8,0.0
Mexico,2024-04-19,18,Monterrey,Carretera Nacional,8,5,252.0,0.0
Mexico,2024-04-19,18,Monterrey,MTY_Apodaca_Huinalá,1,3,177.8,0.0
Mexico,2024-04-19,18,Monterrey,San Nicolás,3,0,0.0,0.0
Mexico,2024-04-19,18,Monterrey,Santa Catarina,10,8,437.1,0.0
Mexico,2024-04-19,18,Monterrey,San Pedro,9,6,307.5,0.0
Mexico,2024-04-19,18,Monterrey,Cumbres Poniente,4,3,179.5,0.0
Mexico,2024-04-19,18,Monterrey,La Fe,3,5,272.5,0.0
Mexico,2024-04-19,18,Monterrey,MTY_Guadalupe,5,5,295.4,0.0
Mexico,2024-04-19,18,Monterrey,Independencia,1,1,48.3,0.0
Mexico,2024-04-19,18,Monterrey,Tec,8,6,276.1,0.0
Mexico,2024-04-19,19,Monterrey,Centro,12,14,643.2,0.0
Mexico,2024-04-19,19,Monterrey,Mitras Centro,16,13,621.7,0.0
Mexico,2024-04-19,19,Monterrey,Apodaca Centro,13,13,718.8,0.0
Mexico,2024-04-19,19,Monterrey,Escobedo,11,8,473.5,0.0
Mexico,2024-04-19,19,Monterrey,Carretera Nacional,7,9,451.2,0.0
Mexico,2024-04-19,19,Monterrey,MTY_Apodaca_Huinalá,10,12,666.4,0.0
Mexico,2024-04-19,19,Monterrey,San Nicolás,8,10,551.2,0.0
Mexico,2024-04-19,19,Monterrey,Santa Catarina,12,10,590.9,0.0
Mexico,2024-04-19,19,Monterrey,San Pedro,8,10,463.7,0.0
Mexico,2024-04-19,19,Monterrey,Cumbres Poniente,17,14,829.8,0.0
Mexico,2024-04-19,19,Monterrey,La Fe,10,12,551.5,0.0
Mexico,2024-04-19,19,Monterrey,MTY_Guadalupe,10,12,675.1,0.0
Mexico,2024-04-19,19,Monterrey,Independencia,11,8,394.2,0.0
Mexico,2024-04-19,19,Monterrey,Tec,12,10,486.6,0.0
Mexico,2024-04-19,20,Monterrey,Centro,13,14,677.2,0.0
Mexico,2024-04-19,20,Monterrey,Mitras Centro,10,9,473.8,0.0
Mexico,2024-04-19,20,Monterrey,Apodaca Centro,10,9,470.1,0.0
Mexico,2024-04-19,20,Monterrey,Escobedo,5,7,335.3,0.0
Mexico,2024-04-19,20,Monterrey,Carretera Nacional,5,5,263.8,0.0
Mexico,2024-04-19,20,Monterrey,MTY_Apodaca_Huinalá,18,15,785.1,0.0
Mexico,2024-04-19,20,Monterrey,San Nicolás,14,13,628.5,0.0
Mexico,2024-04-19,20,Monterrey,Santa Catarina,8,6,342.0,0.0
Mexico,2024-04-19,20,Monterrey,San Pedro,15,13,700.5,0.0
Mexico,2024-04-19,20,Monterrey,Cumbres Poniente,14,13,749.2,0.0
Mexico,2024-04-19,20,Monterrey,La Fe,10,11,593.2,0.0
Mexico,2024-04-19,20,Monterrey,MTY_Guadalupe,15,14,811.5,0.0
Mexico,2024-04-19,20,Monterrey,Independencia,16,14,801.9,0.0
Mexico,2024-04-19,20,Monterrey,Tec,11,10,474.4,0.0
Mexico,2024-04-19,21,Monterrey,Centro,13,12,637.9,0.0
Mexico,2024-04-19,21,Monterrey,Mitras Centro,7,7,405.4,0.0
Mexico,2024-04-19,21,Monterrey,Apodaca Centro,11,12,644.3,0.0
Mexico,2024-04-19,21,Monterrey,Escobedo,13,11,564.4,0.0
Mexico,2024-04-19,21,Monterrey,Carretera Nacional,9,9,539.5,0.0
Mexico,2024-04-19,21,Monterrey,MTY_Apodaca_Huinalá,18,17,858.1,0.0
Mexico,2024-04-19,21,Monterrey,San Nicolás,9,10,558.2,0.0
Mexico,2024-04-19,21,Monterrey,Santa Catarina,16,17,873.3,0.0
Mexico,2024-04-19,21,Monterrey,San Pedro,13,11,526.1,0.0
Mexico,2024-04-19,21,Monterrey,Cumbres Poniente,13,11,609.7,0.0
Mexico,2024-04-19,21,Monterrey,La Fe,5,5,269.8,0.0
Mexico,2024-04-19,21,Monterrey,MTY_Guadalupe,10,7,375.6,0.0
Mexico,2024-04-19,21,Monterrey,Independencia,9,11,649.0,0.0
Mexico,2024-04-19,21,Monterrey,Tec,11,11,570.4,0.0
Mexico,2024-04-19,22,Monterrey,Centro,1,2,94.7,0.0
Mexico,2024-04-19,22,Monterrey,Mitras Centro,1,3,155.8,0.0
Mexico,2024-04-19,22,Monterrey,Apodaca Centro,3,2,99.2,0.0
Mexico,2024-04-19,22,Monterrey,Escobedo,9,7,397.9,0.0
Mexico,2024-04-19,22,Monterrey,Carretera Nacional,7,6,302.4,0.0
Mexico,2024-04-19,22,Monterrey,MTY_Apodaca_Huinalá,8,7,350.2,0.0
Mexico,2024-04-19,22,Monterrey,San Nicolás,10,8,393.0,0.0
Mexico,2024-04-19,22,Monterrey,Santa Catarina,6,4,216.7,0.0
Mexico,2024-04-19,22,Monterrey,San Pedro,8,5,227.7,0.0
Mexico,2024-04-19,22,Monterrey,Cumbres Poniente,7,6,298.2,0.0
Mexico,2024-04-19,22,Monterrey,La Fe,2,4,223.8,0.0
Mexico,2024-04-19,22,Monterrey,MTY_Guadalupe,11,10,540.0,0.0
Mexico,2024-04-19,22,Monterrey,Independencia,5,7,412.8,0.0
Mexico,2024-04-19,22,Monterrey,Tec,1,1,56.4,0.0
Mexico,2024-04-19,23,Monterrey,Centro,4,5,274.4,0.0
Mexico,2024-04-19,23,Monterrey,Mitras Centro,6,6,273.8,0.0
Mexico,2024-04-19,23,Monterrey,Apodaca Centro,11,8,415.2,0.0
Mexico,2024-04-19,23,Monterrey,Escobedo,8,6,285.8,0.0
Mexico,2024-04-19,23,Monterrey,Carretera Nacional,6,3,145.6,0.0
Mexico,2024-04-19,23,Monterrey,MTY_Apodaca_Huinalá,6,3,162.7,0.0
Mexico,2024-04-19,23,Monterrey,San Nicolás,7,6,332.6,0.0
Mexico,2024-04-19,23,Monterrey,Santa Catarina,8,8,365.9,0.0
Mexico,2024-04-19,23,Monterrey,San Pedro,7,6,288.3,0.0
Mexico,2024-04-19,23,Monterrey,Cumbres Poniente,8,7,329.8,0.0
Mexico,2024-04-19,23,Monterrey,La Fe,11,9,477.8,0.0
Mexico,2024-04-19,23,Monterrey,MTY_Guadalupe,2,4,192.1,0.0
Mexico,2024-04-19,23,Monterrey,Independencia,2,4,234.8,0.0
Mexico,2024-04-19,23,Monterrey,Tec,2,4,209.7,0.0
Mexico,2024-04-20,0,Monterrey,Centro,5,6,284.3,0.0
Mexico,2024-04-20,0,Monterrey,Mitras Centro,12,9,450.1,0.0
Mexico,2024-04-20,0,Monterrey,Apodaca Centro,9,9,513.3,0.0
Mexico,2024-04-20,0,Monterrey,Escobedo,4,5,300.0,0.0
Mexico,2024-04-20,0,Monterrey,Carretera Nacional,14,14,632.3,0.0
Mexico,2024-04-20,0,Monterrey,MTY_Apodaca_Huinalá,8,5,230.3,0.0
Mexico,2024-04-20,0,Monterrey,San Nicolás,5,5,261.2,0.0
Mexico,2024-04-20,0,Monterrey,Santa Catarina,16,14,666.6,0.0
Mexico,2024-04-20,0,Monterrey,San Pedro,4,4,224.8,0.0
Mexico,2024-04-20,0,Monterrey,Cumbres Poniente,13,10,533.1,0.0
Mexico,2024-04-20,0,Monterrey,La Fe,10,12,701.2,0.0
Mexico,2024-04-20,0,Monterrey,MTY_Guadalupe,7,6,271.6,0.0
Mexico,2024-04-20,0,Monterrey,Independencia,13,11,559.8,0.0
Mexico,2024-04-20,0,Monterrey,Tec,11,11,526.9,0.0
Mexico,2024-04-20,1,Monterrey,Centro,5,7,333.8,0.0
Mexico,2024-04-20,1,Monterrey,Mitras Centro,12,12,712.2,0.0
Mexico,2024-04-20,1,Monterrey,Apodaca Centro,6,4,197.0,0.0
Mexico,2024-04-20,1,Monterrey,Escobedo,11,13,641.9,0.0
Mexico,2024-04-20,1,Monterrey,Carretera Nacional,8,8,450.1,0.0
Mexico,2024-04-20,1,Monterrey,MTY_Apodaca_Huinalá,9,7,370.9,0.0
Mexico,2024-04-20,1,Monterrey,San Nicolás,5,6,272.4,0.0
Mexico,2024-04-20,1,Monterrey,Santa Catarina,5,6,307.2,0.0
Mexico,2024-04-20,1,Monterrey,San Pedro,6,7,393.9,0.0
Mexico,2024-04-20,1,Monterrey,Cumbres Poniente,7,7,352.2,0.0
Mexico,2024-04-20,1,Monterrey,La Fe,7,5,264.1,0.0
Mexico,2024-04-20,1,Monterrey,MTY_Guadalupe,8,9,469.8,0.0
Mexico,2024-04-20,1,Monterrey,Independencia,6,8,393.0,0.0
Mexico,2024-04-20,1,Monterrey,Tec,6,6,282.8,0.0
Mexico,2024-04-20,2,Monterrey,Centro,12,9,505.3,0.0
Mexico,2024-04-20,2,Monterrey,Mitras Centro,12,11,586.0,0.0
Mexico,2024-04-20,2,Monterrey,Apodaca Centro,1,0,0.0,0.0
Mexico,2024-04-20,2,Monterrey,Escobedo,7,5,288.0,0.0
Mexico,2024-04-20,2,Monterrey,Carretera Nacional,9,7,409.4,0.0
Mexico,2024-04-20,2,Monterrey,MTY_Apodaca_Huinalá,9,7,413.7,0.0
Mexico,2024-04-20,2,Monterrey,San Nicolás,13,15,871.2,0.0
Mexico,2024-04-20,2,Monterrey,Santa Catarina,10,9,531.1,0.0
Mexico,2024-04-20,2,Monterrey,San Pedro,5,6,274.9,0.0
Mexico,2024-04-20,2,Monterrey,Cumbres Poniente,7,9,490.0,0.0
Mexico,2024-04-20,2,Monterrey,La Fe,13,10,519.7,0.0
Mexico,2024-04-20,2,Monterrey,MTY_Guadalupe,5,2,119.1,0.0
Mexico,2024-04-20,2,Monterrey,Independencia,6,5,234.5,0.0
Mexico,2024-04-20,2,Monterrey,Tec,5,6,300.4,0.0
Mexico,2024-04-20,3,Monterrey,Centro,12,12,581.2,0.0
Mexico,2024-04-20,3,Monterrey,Mitras Centro,6,3,147.2,0.0
Mexico,2024-04-20,3,Monterrey,Apodaca Centro,8,5,244.3,0.0
Mexico,2024-04-20,3,Monterrey,Escobedo,9,10,559.5,0.0
Mexico,2024-04-20,3,Monterrey,Carretera Nacional,1,3,173.8,0.0
Mexico,2024-04-20,3,Monterrey,MTY_Apodaca_Huinalá,6,4,188.4,0.0
Mexico,2024-04-20,3,Monterrey,San Nicolás,7,7,345.0,0.0
Mexico,2024-04-20,3,Monterrey,Santa Catarina,5,5,247.5,0.0
Mexico,2024-04-20,3,Monterrey,San Pedro,8,10,515.9,0.0
Mexico,2024-04-20,3,Monterrey,Cumbres Poniente,10,9,411.8,0.0
Mexico,2024-04-20,3,Monterrey,La Fe,14,15,691.5,0.0
Mexico,2024-04-20,3,Monterrey,MTY_Guadalupe,7,9,409.6,0.0
Mexico,2024-04-20,3,Monterrey,Independencia,18,15,884.4,0.0
Mexico,2024-04-20,3,Monterrey,Tec,10,7,335.2,0.0
Mexico,2024-04-20,4,Monterrey,Centro,11,9,508.1,0.0
Mexico,2024-04-20,4,Monterrey,Mitras Centro,5,4,224.4,0.0
Mexico,2024-04-20,4,Monterrey,Apodaca Centro,11,11,637.0,0.0
Mexico,2024-04-20,4,Monterrey,Escobedo,11,10,523.7,0.0
Mexico,2024-04-20,4,Monterrey,Carretera Nacional,11,9,412.6,0.0
Mexico,2024-04-20,4,Monterrey,MTY_Apodaca_Huinalá,8,9,471.2,0.0
Mexico,2024-04-20,4,Monterrey,San Nicolás,12,9,464.5,0.0
Mexico,2024-04-20,4,Monterrey,Santa Catarina,5,5,273.1,0.0
Mexico,2024-04-20,4,Monterrey,San Pedro,12,9,492.5,0.0
Mexico,2024-04-20,4,Monterrey,Cumbres Poniente,7,7,372.6,0.0
Mexico,2024-04-20,4,Monterrey,La Fe,7,7,412.7,0.0
Mexico,2024-04-20,4,Monterrey,MTY_Guadalupe,11,9,526.8,0.0
Mexico,2024-04-20,4,Monterrey,Independencia,7,5,253.6,0.0
Mexico,2024-04-20,4,Monterrey,Tec,11,8,403.6,0.0
Mexico,2024-04-20,5,Monterrey,Centro,7,4,193.9,0.5
Mexico,2024-04-20,5,Monterrey,Mitras Centro,13,10,554.3,0.5
Mexico,2024-04-20,5,Monterrey,Apodaca Centro,11,10,531.7,0.5
Mexico,2024-04-20,5,Monterrey,Escobedo,9,7,401.2,0.5
Mexico,2024-04-20,5,Monterrey,Carretera Nacional,5,4,194.2,0.5
Mexico,2024-04-20,5,Monterrey,MTY_Apodaca_Huinalá,5,7,381.6,0.5
Mexico,2024-04-20,5,Monterrey,San Nicolás,10,9,438.5,0.5
Mexico,2024-04-20,5,Monterrey,Santa Catarina,8,5,294.8,0.5
Mexico,2024-04-20,5,Monterrey,San Pedro,8,10,584.9,0.5
Mexico,2024-04-20,5,Monterrey,Cumbres Poniente,9,6,327.0,0.5
Mexico,2024-04-20,5,Monterrey,La Fe,5,3,150.3,0.5
Mexico,2024-04-20,5,Monterrey,MTY_Guadalupe,5,7,395.6,0.5
Mexico,2024-04-20,5,Monterrey,Independencia,6,7,368.5,0.5
Mexico,2024-04-20,5,Monterrey,Tec,12,10,520.1,0.5
Mexico,2024-04-20,6,Monterrey,Centro,12,11,524.1,0.0
Mexico,2024-04-20,6,Monterrey,Mitras Centro,7,8,460.3,0.0
Mexico,2024-04-20,6,Monterrey,Apodaca Centro,9,8,366.1,0.0
Mexico,2024-04-20,6,Monterrey,Escobedo,9,8,369.9,0.0
Mexico,2024-04-20,6,Monterrey,Carretera Nacional,11,10,547.6,0.0
Mexico,2024-04-20,6,Monterrey,MTY_Apodaca_Huinalá,4,5,242.4,0.0
Mexico,2024-04-20,6,Monterrey,San Nicolás,14,12,621.8,0.0
Mexico,2024-04-20,6,Monterrey,Santa Catarina,2,1,57.6,0.0
Mexico,2024-04-20,6,Monterrey,San Pedro,10,11,586.1,0.0
Mexico,2024-04-20,6,Monterrey,Cumbres Poniente,12,10,469.3,0.0
Mexico,2024-04-20,6,Monterrey,La Fe,5,4,183.5,0.0
Mexico,2024-04-20,6,Monterrey,MTY_Guadalupe,14,11,632.5,0.0
Mexico,2024-04-20,6,Monterrey,Independencia,10,9,422.5,0.0
Mexico,2024-04-20,6,Monterrey,Tec,10,8,459.5,0.0
Mexico,2024-04-20,7,Monterrey,Centro,13,10,513.7,0.5
Mexico,2024-04-20,7,Monterrey,Mitras Centro,8,6,277.7,0.5
Mexico,2024-04-20,7,Monterrey,Apodaca Centro,15,12,713.3,0.5
Mexico,2024-04-20,7,Monterrey,Escobedo,14,13,661.9,0.5
Mexico,2024-04-20,7,Monterrey,Carretera Nacional,9,7,372.6,0.5
Mexico,2024-04-20,7,Monterrey,MTY_Apodaca_Huinalá,8,8,474.6,0.5
Mexico,2024-04-20,7,Monterrey,San Nicolás,5,5,246.8,0.5
Mexico,2024-04-20,7,Monterrey,Santa Catarina,7,8,414.1,0.5
Mexico,2024-04-20,7,Monterrey,San Pedro,9,8,375.2,0.5
Mexico,2024-04-20,7,Monterrey,Cumbres Poniente,12,11,513.8,0.5
Mexico,2024-04-20,7,Monterrey,La Fe,7,5,292.9,0.5
Mexico,2024-04-20,7,Monterrey,MTY_Guadalupe,3,5,283.8,0.5
Mexico,2024-04-20,7,Monterrey,Independencia,10,11,569.0,0.5
Mexico,2024-04-20,7,Monterrey,Tec,8,10,518.3,0.5
Mexico,2024-04-20,8,Monterrey,Centro,8,9,439.1,0.0
Mexico,2024-04-20,8,Monterrey,Mitras Centro,4,5,283.7,0.0
Mexico,2024-04-20,8,Monterrey,Apodaca Centro,11,8,385.8,0.0
Mexico,2024-04-20,8,Monterrey,Escobedo,10,10,536.2,0.0
Mexico,2024-04-20,8,Monterrey,Carretera Nacional,10,8,407.8,0.0
Mexico,2024-04-20,8,Monterrey,MTY_Apodaca_Huinalá,10,10,588.3,0.0
Mexico,2024-04-20,8,Monterrey,San Nicolás,5,6,297.3,0.0
Mexico,2024-04-20,8,Monterrey,Santa Catarina,4,6,272.0,0.0
Mexico,2024-04-20,8,Monterrey,San Pedro,12,10,477.8,0.0
Mexico,2024-04-20,8,Monterrey,Cumbres Poniente,14,13,604.7,0.0
Mexico,2024-04-20,8,Monterrey,La Fe,10,8,453.2,0.0
Mexico,2024-04-20,8,Monterrey,MTY_Guadalupe,9,6,283.3,0.0
Mexico,2024-04-20,8,Monterrey,Independencia,8,7,394.7,0.0
Mexico,2024-04-20,8,Monterrey,Tec,9,10,524.4,0.0
Mexico,2024-04-20,9,Monterrey,Centro,8,10,487.7,0.0
Mexico,2024-04-20,9,Monterrey,Mitras Centro,7,8,388.9,0.0
Mexico,2024-04-20,9,Monterrey,Apodaca Centro,11,9,498.1,0.0
Mexico,2024-04-20,9,Monterrey,Escobedo,9,6,271.6,0.0
Mexico,2024-04-20,9,Monterrey,Carretera Nacional,7,7,334.3,0.0
Mexico,2024-04-20,9,Monterrey,MTY_Apodaca_Huinalá,8,9,445.6,0.0
Mexico,2024-04-20,9,Monterrey,San Nicolás,7,5,278.4,0.0
Mexico,2024-04-20,9,Monterrey,Santa Catarina,12,12,660.2,0.0
Mexico,2024-04-20,9,Monterrey,San Pedro,9,10,514.0,0.0
Mexico,2024-04-20,9,Monterrey,Cumbres Poniente,9,6,320.8,0.0
Mexico,2024-04-20,9,Monterrey,La Fe,4,6,327.1,0.0
Mexico,2024-04-20,9,Monterrey,MTY_Guadalupe,11,8,421.9,0.0
Mexico,2024-04-20,9,Monterrey,Independencia,6,7,376.4,0.0
Mexico,2024-04-20,9,Monterrey,Tec,4,5,246.0,0.0
Mexico,2024-04-20,10,Monterrey,Centro,11,10,475.1,0.0
Mexico,2024-04-20,10,Monterrey,Mitras Centro,11,12,690.5,0.0
Mexico,2024-04-20,10,Monterrey,Apodaca Centro,8,9,485.8,0.0
Mexico,2024-04-20,10,Monterrey,Escobedo,7,7,409.4,0.0
Mexico,2024-04-20,10,Monterrey,Carretera Nacional,12,9,489.4,0.0
Mexico,2024-04-20,10,Monterrey,MTY_Apodaca_Huinalá,7,7,391.1,0.0
Mexico,2024-04-20,10,Monterrey,San Nicolás,8,5,276.0,0.0
Mexico,2024-04-20,10,Monterrey,Santa Catarina,10,11,563.2,0.0
Mexico,2024-04-20,10,Monterrey,San Pedro,10,7,331.3,0.0
Mexico,2024-04-20,10,Monterrey,Cumbres Poniente,11,10,491.1,0.0
Mexico,2024-04-20,10,Monterrey,La Fe,8,8,363.9,0.0
Mexico,2024-04-20,10,Monterrey,MTY_Guadalupe,12,10,483.4,0.0
Mexico,2024-04-20,10,Monterrey,Independencia,6,5,241.1,0.0
Mexico,2024-04-20,10,Monterrey,Tec,2,3,150.6,0.0
Mexico,2024-04-20,11,Monterrey,Centro,9,9,450.2,0.0
Mexico,2024-04-20,11,Monterrey,Mitras Centro,11,8,452.2,0.0
Mexico,2024-04-20,11,Monterrey,Apodaca Centro,3,5,254.5,0.0
Mexico,2024-04-20,11,Monterrey,Escobedo,12,9,526.4,0.0
Mexico,2024-04-20,11,Monterrey,Carretera Nacional,13,10,560.8,0.0
Mexico,2024-04-20,11,Monterrey,MTY_Apodaca_Huinalá,11,10,462.0,0.0
Mexico,2024-04-20,11,Monterrey,San Nicolás,8,9,426.7,0.0
Mexico,2024-04-20,11,Monterrey,Santa Catarina,10,9,458.6,0.0
Mexico,2024-04-20,11,Monterrey,San Pedro,8,5,238.4,0.0
Mexico,2024-04-20,11,Monterrey,Cumbres Poniente,5,6,318.6,0.0
Mexico,2024-04-20,11,Monterrey,La Fe,15,12,665.8,0.0
Mexico,2024-04-20,11,Monterrey,MTY_Guadalupe,8,10,539.3,0.0
Mexico,2024-04-20,11,Monterrey,Independencia,7,6,302.8,0.0
Mexico,2024-04-20,11,Monterrey,Tec,14,11,602.0,0.0
Mexico,2024-04-20,12,Monterrey,Centro,8,9,412.6,0.0
Mexico,2024-04-20,12,Monterrey,Mitras Centro,7,6,353.0,0.0
Mexico,2024-04-20,12,Monterrey,Apodaca Centro,1,1,58.7,0.0
Mexico,2024-04-20,12,Monterrey,Escobedo,8,7,396.4,0.0
Mexico,2024-04-20,12,Monterrey,Carretera Nacional,6,7,332.5,0.0
Mexico,2024-04-20,12,Monterrey,MTY_Apodaca_Huinalá,8,7,351.4,0.0
Mexico,2024-04-20,12,Monterrey,San Nicolás,8,8,459.2,0.0
Mexico,2024-04-20,12,Monterrey,Santa Catarina,7,7,330.1,0.0
Mexico,2024-04-20,12,Monterrey,San Pedro,7,9,511.2,0.0
Mexico,2024-04-20,12,Monterrey,Cumbres Poniente,6,8,395.0,0.0
Mexico,2024-04-20,12,Monterrey,La Fe,11,9,488.2,0.0
Mexico,2024-04-20,12,Monterrey,MTY_Guadalupe,7,8,427.2,0.0
Mexico,2024-04-20,12,Monterrey,Independencia,8,10,470.2,0.0
Mexico,2024-04-20,12,Monterrey,Tec,12,11,595.3,0.0
Mexico,2024-04-20,13,Monterrey,Centro,12,11,584.3,0.0
Mexico,2024-04-20,13,Monterrey,Mitras Centro,7,9,525.9,0.0
Mexico,2024-04-20,13,Monterrey,Apodaca Centro,24,21,1149.4,0.0
Mexico,2024-04-20,13,Monterrey,Escobedo,11,12,700.5,0.0
Mexico,2024-04-20,13,Monterrey,Carretera Nacional,14,11,610.6,0.0
Mexico,2024-04-20,13,Monterrey,MTY_Apodaca_Huinalá,14,13,706.4,0.0
Mexico,2024-04-20,13,Monterrey,San Nicolás,6,8,459.8,0.0
Mexico,2024-04-20,13,Monterrey,Santa Catarina,15,14,668.3,0.0
Mexico,2024-04-20,13,Monterrey,San Pedro,13,15,749.9,0.0
Mexico,2024-04-20,13,Monterrey,Cumbres Poniente,11,10,568.7,0.0
Mexico,2024-04-20,13,Monterrey,La Fe,15,13,704.9,0.0
Mexico,2024-04-20,13,Monterrey,MTY_Guadalupe,16,13,601.1,0.0
Mexico,2024-04-20,13,Monterrey,Independencia,22,21,1006.9,0.0
Mexico,2024-04-20,13,Monterrey,Tec,9,11,652.3,0.0
Mexico,2024-04-20,14,Monterrey,Centro,15,16,910.6,5.0
Mexico,2024-04-20,14,Monterrey,Mitras Centro,10,12,660.3,5.0
Mexico,2024-04-20,14,Monterrey,Apodaca Centro,15,18,834.7,5.0
Mexico,2024-04-20,14,Monterrey,Escobedo,14,17,802.8,5.0
Mexico,2024-04-20,14,Monterrey,Carretera Nacional,18,18,945.9,5.0
Mexico,2024-04-20,14,Monterrey,MTY_Apodaca_Huinalá,14,19,867.9,5.0
Mexico,2024-04-20,14,Monterrey,San Nicolás,8,13,615.3,5.0
Mexico,2024-04-20,14,Monterrey,Santa Catarina,15,18,837.7,5.0
Mexico,2024-04-20,14,Monterrey,San Pedro,6,9,473.9,5.0
Mexico,2024-04-20,14,Monterrey,Cumbres Poniente,9,11,640.7,5.0
Mexico,2024-04-20,14,Monterrey,La Fe,7,9,508.1,5.0
Mexico,2024-04-20,14,Monterrey,MTY_Guadalupe,13,13,654.8,5.0
Mexico,2024-04-20,14,Monterrey,Independencia,7,12,565.2,5.0
Mexico,2024-04-20,14,Monterrey,Tec,17,18,829.0,5.0
Mexico,2024-04-20,15,Monterrey,Centro,3,4,215.2,0.0
Mexico,2024-04-20,15,Monterrey,Mitras Centro,10,12,603.8,0.0
Mexico,2024-04-20,15,Monterrey,Apodaca Centro,5,4,207.2,0.0
Mexico,2024-04-20,15,Monterrey,Escobedo,4,6,279.9,0.0
Mexico,2024-04-20,15,Monterrey,Carretera Nacional,14,12,666.3,0.0
Mexico,2024-04-20,15,Monterrey,MTY_Apodaca_Huinalá,7,9,463.8,0.0
Mexico,2024-04-20,15,Monterrey,San Nicolás,13,10,539.9,0.0
Mexico,2024-04-20,15,Monterrey,Santa Catarina,4,6,270.1,0.0
Mexico,2024-04-20,15,Monterrey,San Pedro,8,6,276.3,0.0
Mexico,2024-04-20,15,Monterrey,Cumbres Poniente,10,7,410.4,0.0
Mexico,2024-04-20,15,Monterrey,La Fe,11,9,491.2,0.0
Mexico,2024-04-20,15,Monterrey,MTY_Guadalupe,11,9,479.8,0.0
Mexico,2024-04-20,15,Monterrey,Independencia,10,9,426.5,0.0
Mexico,2024-04-20,15,Monterrey,Tec,13,12,633.4,0.0
Mexico,2024-04-20,16,Monterrey,Centro,7,5,270.7,0.0
Mexico,2024-04-20,16,Monterrey,Mitras Centro,13,10,525.1,0.0
Mexico,2024-04-20,16,Monterrey,Apodaca Centro,5,5,252.8,0.0
Mexico,2024-04-20,16,Monterrey,Escobedo,7,5,237.9,0.0
Mexico,2024-04-20,16,Monterrey,Carretera Nacional,8,5,260.2,0.0
Mexico,2024-04-20,16,Monterrey,MTY_Apodaca_Huinalá,12,9,483.6,0.0
Mexico,2024-04-20,16,Monterrey,San Nicolás,4,5,232.9,0.0
Mexico,2024-04-20,16,Monterrey,Santa Catarina,7,4,225.5,0.0
Mexico,2024-04-20,16,Monterrey,San Pedro,4,4,204.3,0.0
Mexico,2024-04-20,16,Monterrey,Cumbres Poniente,10,8,468.1,0.0
Mexico,2024-04-20,16,Monterrey,La Fe,8,5,279.4,0.0
Mexico,2024-04-20,16,Monterrey,MTY_Guadalupe,13,13,647.9,0.0
Mexico,2024-04-20,16,Monterrey,Independencia,6,8,432.3,0.0
Mexico,2024-04-20,16,Monterrey,Tec,4,6,306.1,0.0
Mexico,2024-04-20,17,Monterrey,Centro,9,8,360.6,0.0
Mexico,2024-04-20,17,Monterrey,Mitras Centro,3,4,189.1,0.0
Mexico,2024-04-20,17,Monterrey,Apodaca Centro,2,3,144.6,0.0
Mexico,2024-04-20,17,Monterrey,Escobedo,7,5,250.9,0.0
Mexico,2024-04-20,17,Monterrey,Carretera Nacional,5,6,281.2,0.0
Mexico,2024-04-20,17,Monterrey,MTY_Apodaca_Huinalá,5,6,349.2,0.0
Mexico,2024-04-20,17,Monterrey,San Nicolás,7,5,293.7,0.0
Mexico,2024-04-20,17,Monterrey,Santa Catarina,6,8,464.6,0.0
Mexico,2024-04-20,17,Monterrey,San Pedro,3,5,237.2,0.0
Mexico,2024-04-20,17,Monterrey,Cumbres Poniente,5,6,273.7,0.0
Mexico,2024-04-20,17,Monterrey,La Fe,1,1,58.3,0.0
Mexico,2024-04-20,17,Monterrey,MTY_Guadalupe,12,11,592.8,0.0
Mexico,2024-04-20,17,Monterrey,Independencia,11,8,394.8,0.0
Mexico,2024-04-20,17,Monterrey,Tec,9,10,497.2,0.0
Mexico,2024-04-20,18,Monterrey,Centro,10,12,694.5,0.0
Mexico,2024-04-20,18,Monterrey,Mitras Centro,11,13,655.9,0.0
Mexico,2024-04-20,18,Monterrey,Apodaca Centro,11,8,381.4,0.0
Mexico,2024-04-20,18,Monterrey,Escobedo,13,11,555.7,0.0
Mexico,2024-04-20,18,Monterrey,Carretera Nacional,9,9,522.1,0.0
Mexico,2024-04-20,18,Monterrey,MTY_Apodaca_Huinalá,10,9,484.2,0.0
Mexico,2024-04-20,18,Monterrey,San Nicolás,9,8,398.1,0.0
Mexico,2024-04-20,18,Monterrey,Santa Catarina,7,8,468.8,0.0
Mexico,2024-04-20,18,Monterrey,San Pedro,3,2,117.3,0.0
Mexico,2024-04-20,18,Monterrey,Cumbres Poniente,13,11,531.5,0.0
Mexico,2024-04-20,18,Monterrey,La Fe,5,7,410.2,0.0
Mexico,2024-04-20,18,Monterrey,MTY_Guadalupe,11,10,555.2,0.0
Mexico,2024-04-20,18,Monterrey,Independencia,6,8,478.8,0.0
Mexico,2024-04-20,18,Monterrey,Tec,13,10,519.6,0.0
Mexico,2024-04-20,19,Monterrey,Centro,17,15,873.8,0.0
Mexico,2024-04-20,19,Monterrey,Mitras Centro,11,9,410.4,0.0
Mexico,2024-04-20,19,Monterrey,Apodaca Centro,8,10,475.0,0.0
Mexico,2024-04-20,19,Monterrey,Escobedo,12,12,674.4,0.0
Mexico,2024-04-20,19,Monterrey,Carretera Nacional,11,10,592.7,0.0
Mexico,2024-04-20,19,Monterrey,MTY_Apodaca_Huinalá,19,16,837.6,0.0
Mexico,2024-04-20,19,Monterrey,San Nicolás,14,15,782.4,0.0
Mexico,2024-04-20,19,Monterrey,Santa Catarina,13,12,718.4,0.0
Mexico,2024-04-20,19,Monterrey,San Pedro,15,14,730.3,0.0
Mexico,2024-04-20,19,Monterrey,Cumbres Poniente,11,12,592.2,0.0
Mexico,2024-04-20,19,Monterrey,La Fe,18,16,747.9,0.0
Mexico,2024-04-20,19,Monterrey,MTY_Guadalupe,9,11,621.7,0.0
Mexico,2024-04-20,19,Monterrey,Independencia,12,9,477.6,0.0
Mexico,2024-04-20,19,Monterrey,Tec,10,8,448.5,0.0
Mexico,2024-04-20,20,Monterrey,Centro,11,11,537.9,0.0
Mexico,2024-04-20,20,Monterrey,Mitras Centro,8,10,514.0,0.0
Mexico,2024-04-20,20,Monterrey,Apodaca Centro,15,17,980.2,0.0
Mexico,2024-04-20,20,Monterrey,Escobedo,14,11,528.4,0.0
Mexico,2024-04-20,20,Monterrey,Carretera Nacional,14,15,792.9,0.0
Mexico,2024-04-20,20,Monterrey,MTY_Apodaca_Huinalá,12,9,480.5,0.0
Mexico,2024-04-20,20,Monterrey,San Nicolás,11,8,451.5,0.0
Mexico,2024-04-20,20,Monterrey,Santa Catarina,18,17,809.0,0.0
Mexico,2024-04-20,20,Monterrey,San Pedro,14,12,573.4,0.0
Mexico,2024-04-20,20,Monterrey,Cumbres Poniente,11,10,452.7,0.0
Mexico,2024-04-20,20,Monterrey,La Fe,22,23,1269.0,0.0
Mexico,2024-04-20,20,Monterrey,MTY_Guadalupe,21,20,949.3,0.0
Mexico,2024-04-20,20,Monterrey,Independencia,14,14,752.8,0.0
Mexico,2024-04-20,20,Monterrey,Tec,16,15,806.6,0.0
Mexico,2024-04-20,21,Monterrey,Centro,13,12,551.9,0.0
Mexico,2024-04-20,21,Monterrey,Mitras Centro,19,17,953.2,0.0
Mexico,2024-04-20,21,Monterrey,Apodaca Centro,17,15,780.3,0.0
Mexico,2024-04-20,21,Monterrey,Escobedo,15,12,620.8,0.0
Mexico,2024-04-20,21,Monterrey,Carretera Nacional,14,16,917.3,0.0
Mexico,2024-04-20,21,Monterrey,MTY_Apodaca_Huinalá,13,15,812.0,0.0
Mexico,2024-04-20,21,Monterrey,San Nicolás,12,14,753.3,0.0
Mexico,2024-04-20,21,Monterrey,Santa Catarina,22,19,897.3,0.0
Mexico,2024-04-20,21,Monterrey,San Pedro,9,10,473.8,0.0
Mexico,2024-04-20,21,Monterrey,Cumbres Poniente,9,11,632.7,0.0
Mexico,2024-04-20,21,Monterrey,La Fe,12,12,700.1,0.0
Mexico,2024-04-20,21,Monterrey,MTY_Guadalupe,19,17,870.6,0.0
Mexico,2024-04-20,21,Monterrey,Independencia,13,11,602.0,0.0
Mexico,2024-04-20,21,Monterrey,Tec,4,6,337.5,0.0
Mexico,2024-04-20,22,Monterrey,Centro,9,6,333.5,0.0
Mexico,2024-04-20,22,Monterrey,Mitras Centro,7,4,202.0,0.0
Mexico,2024-04-20,22,Monterrey,Apodaca Centro,11,8,403.2,0.0
Mexico,2024-04-20,22,Monterrey,Escobedo,8,10,536.2,0.0
Mexico,2024-04-20,22,Monterrey,Carretera Nacional,7,9,455.3,0.0
Mexico,2024-04-20,22,Monterrey,MTY_Apodaca_Huinalá,8,5,257.0,0.0
Mexico,2024-04-20,22,Monterrey,San Nicolás,8,10,530.7,0.0
Mexico,2024-04-20,22,Monterrey,Santa Catarina,11,8,398.8,0.0
Mexico,2024-04-20,22,Monterrey,San Pedro,13,10,465.8,0.0
Mexico,2024-04-20,22,Monterrey,Cumbres Poniente,14,12,588.4,0.0
Mexico,2024-04-20,22,Monterrey,La Fe,8,5,240.7,0.0
Mexico,2024-04-20,22,Monterrey,MTY_Guadalupe,9,10,467.6,0.0
Mexico,2024-04-20,22,Monterrey,Independencia,6,6,302.6,0.0
Mexico,2024-04-20,22,Monterrey,Tec,7,6,335.7,0.0
Mexico,2024-04-20,23,Monterrey,Centro,8,8,401.8,0.0
Mexico,2024-04-20,23,Monterrey,Mitras Centro,14,11,535.3,0.0
Mexico,2024-04-20,23,Monterrey,Apodaca Centro,3,5,292.3,0.0
Mexico,2024-04-20,23,Monterrey,Escobedo,5,5,275.9,0.0
Mexico,2024-04-20,23,Monterrey,Carretera Nacional,13,12,709.2,0.0
Mexico,2024-04-20,23,Monterrey,MTY_Apodaca_Huinalá,7,5,260.2,0.0
Mexico,2024-04-20,23,Monterrey,San Nicolás,4,4,217.9,0.0
Mexico,2024-04-20,23,Monterrey,Santa Catarina,10,12,663.6,0.0
Mexico,2024-04-20,23,Monterrey,San Pedro,6,8,385.0,0.0
Mexico,2024-04-20,23,Monterrey,Cumbres Poniente,12,10,543.1,0.0
Mexico,2024-04-20,23,Monterrey,La Fe,8,7,388.5,0.0
Mexico,2024-04-20,23,Monterrey,MTY_Guadalupe,8,8,474.1,0.0
Mexico,2024-04-20,23,Monterrey,Independencia,6,6,319.6,0.0
Mexico,2024-04-20,23,Monterrey,Tec,10,7,323.5,0.0
Mexico,2024-04-21,0,Monterrey,Centro,14,11,506.1,0.0
Mexico,2024-04-21,0,Monterrey,Mitras Centro,7,8,430.3,0.0
Mexico,2024-04-21,0,Monterrey,Apodaca Centro,7,9,420.1,0.0
Mexico,2024-04-21,0,Monterrey,Escobedo,8,9,528.2,0.0
Mexico,2024-04-21,0,Monterrey,Carretera Nacional,9,6,349.2,0.0
Mexico,2024-04-21,0,Monterrey,MTY_Apodaca_Huinalá,7,8,478.7,0.0
Mexico,2024-04-21,0,Monterrey,San Nicolás,3,4,223.8,0.0
Mexico,2024-04-21,0,Monterrey,Santa Catarina,9,6,347.2,0.0
Mexico,2024-04-21,0,Monterrey,San Pedro,1,2,119.4,0.0
Mexico,2024-04-21,0,Monterrey,Cumbres Poniente,16,16,822.9,0.0
Mexico,2024-04-21,0,Monterrey,La Fe,9,9,511.3,0.0
Mexico,2024-04-21,0,Monterrey,MTY_Guadalupe,6,6,271.1,0.0
Mexico,2024-04-21,0,Monterrey,Independencia,4,5,277.1,0.0
Mexico,2024-04-21,0,Monterrey,Tec,2,1,45.0,0.0
Mexico,2024-04-21,1,Monterrey,Centro,12,11,535.9,0.0
Mexico,2024-04-21,1,Monterrey,Mitras Centro,6,7,379.7,0.0
Mexico,2024-04-21,1,Monterrey,Apodaca Centro,9,9,424.1,0.0
Mexico,2024-04-21,1,Monterrey,Escobedo,12,11,654.1,0.0
Mexico,2024-04-21,1,Monterrey,Carretera Nacional,6,6,319.8,0.0
Mexico,2024-04-21,1,Monterrey,MTY_Apodaca_Huinalá,10,8,371.7,0.0
Mexico,2024-04-21,1,Monterrey,San Nicolás,11,10,578.8,0.0
Mexico,2024-04-21,1,Monterrey,Santa Catarina,5,5,280.7,0.0
Mexico,2024-04-21,1,Monterrey,San Pedro,7,8,441.2,0.0
Mexico,2024-04-21,1,Monterrey,Cumbres Poniente,9,8,381.2,0.0
Mexico,2024-04-21,1,Monterrey,La Fe,3,4,231.5,0.0
Mexico,2024-04-21,1,Monterrey,MTY_Guadalupe,11,10,578.6,0.0
Mexico,2024-04-21,1,Monterrey,Independencia,11,9,517.3,0.0
Mexico,2024-04-21,1,Monterrey,Tec,6,7,380.4,0.0
Mexico,2024-04-21,2,Monterrey,Centro,14,13,617.3,0.0
Mexico,2024-04-21,2,Monterrey,Mitras Centro,6,7,395.2,0.0
Mexico,2024-04-21,2,Monterrey,Apodaca Centro,7,7,399.5,0.0
Mexico,2024-04-21,2,Monterrey,Escobedo,13,10,513.3,0.0
Mexico,2024-04-21,2,Monterrey,Carretera Nacional,14,12,610.3,0.0
Mexico,2024-04-21,2,Monterrey,MTY_Apodaca_Huinalá,4,2,100.0,0.0
Mexico,2024-04-21,2,Monterrey,San Nicolás,8,9,466.7,0.0
Mexico,2024-04-21,2,Monterrey,Santa Catarina,12,10,589.4,0.0
Mexico,2024-04-21,2,Monterrey,San Pedro,6,3,174.4,0.0
Mexico,2024-04-21,2,Monterrey,Cumbres Poniente,5,5,274.2,0.0
Mexico,2024-04-21,2,Monterrey,La Fe,8,7,403.8,0.0
Mexico,2024-04-21,2,Monterrey,MTY_Guadalupe,11,8,474.7,0.0
Mexico,2024-04-21,2,Monterrey,Independencia,10,7,320.8,0.0
Mexico,2024-04-21,2,Monterrey,Tec,10,8,397.8,0.0
Mexico,2024-04-21,3,Monterrey,Centro,8,5,229.9,0.0
Mexico,2024-04-21,3,Monterrey,Mitras Centro,8,6,348.0,0.0
Mexico,2024-04-21,3,Monterrey,Apodaca Centro,11,9,489.8,0.0
Mexico,2024-04-21,3,Monterrey,Escobedo,12,10,457.0,0.0
Mexico,2024-04-21,3,Monterrey,Carretera Nacional,12,10,521.6,0.0
Mexico,2024-04-21,3,Monterrey,MTY_Apodaca_Huinalá,7,8,427.7,0.0
Mexico,2024-04-21,3,Monterrey,San Nicolás,7,7,327.8,0.0
Mexico,2024-04-21,3,Monterrey,Santa Catarina,10,11,616.3,0.0
Mexico,2024-04-21,3,Monterrey,San Pedro,11,8,378.9,0.0
Mexico,2024-04-21,3,Monterrey,Cumbres Poniente,4,5,265.5,0.0
Mexico,2024-04-21,3,Monterrey,La Fe,4,5,286.4,0.0
Mexico,2024-04-21,3,Monterrey,MTY_Guadalupe,1,1,53.7,0.0
Mexico,2024-04-21,3,Monterrey,Independencia,15,13,652.8,0.0
Mexico,2024-04-21,3,Monterrey,Tec,14,15,823.3,0.0
Mexico,2024-04-21,4,Monterrey,Centro,12,10,550.5,0.0
Mexico,2024-04-21,4,Monterrey,Mitras Centro,9,8,399.8,0.0
Mexico,2024-04-21,4,Monterrey,Apodaca Centro,4,6,297.3,0.0
Mexico,2024-04-21,4,Monterrey,Escobedo,9,9,521.0,0.0
Mexico,2024-04-21,4,Monterrey,Carretera Nacional,10,7,343.3,0.0
Mexico,2024-04-21,4,Monterrey,MTY_Apodaca_Huinalá,12,13,653.0,0.0
Mexico,2024-04-21,4,Monterrey,San Nicolás,6,6,289.2,0.0
Mexico,2024-04-21,4,Monterrey,Santa Catarina,8,9,428.9,0.0
Mexico,2024-04-21,4,Monterrey,San Pedro,9,8,443.5,0.0
Mexico,2024-04-21,4,Monterrey,Cumbres Poniente,9,8,407.4,0.0
Mexico,2024-04-21,4,Monterrey,La Fe,10,9,468.3,0.0
Mexico,2024-04-21,4,Monterrey,MTY_Guadalupe,6,8,366.6,0.0
Mexico,2024-04-21,4,Monterrey,Independencia,9,10,540.7,0.0
Mexico,2024-04-21,4,Monterrey,Tec,16,13,688.9,0.0
Mexico,2024-04-21,5,Monterrey,Centro,6,8,445.4,0.0
Mexico,2024-04-21,5,Monterrey,Mitras Centro,11,10,488.5,0.0
Mexico,2024-04-21,5,Monterrey,Apodaca Centro,5,7,355.3,0.0
Mexico,2024-04-21,5,Monterrey,Escobedo,7,8,366.5,0.0
Mexico,2024-04-21,5,Monterrey,Carretera Nacional,6,8,415.6,0.0
Mexico,2024-04-21,5,Monterrey,MTY_Apodaca_Huinalá,6,8,464.2,0.0
Mexico,2024-04-21,5,Monterrey,San Nicolás,7,6,290.4,0.0
Mexico,2024-04-21,5,Monterrey,Santa Catarina,2,3,169.9,0.0
Mexico,2024-04-21,5,Monterrey,San Pedro,7,8,473.0,0.0
Mexico,2024-04-21,5,Monterrey,Cumbres Poniente,11,10,533.4,0.0
Mexico,2024-04-21,5,Monterrey,La Fe,13,11,609.5,0.0
Mexico,2024-04-21,5,Monterrey,MTY_Guadalupe,9,10,580.3,0.0
Mexico,2024-04-21,5,Monterrey,Independencia,16,13,724.9,0.0
Mexico,2024-04-21,5,Monterrey,Tec,5,5,277.7,0.0
Mexico,2024-04-21,6,Monterrey,Centro,11,9,521.7,0.0
Mexico,2024-04-21,6,Monterrey,Mitras Centro,7,7,387.0,0.0
Mexico,2024-04-21,6,Monterrey,Apodaca Centro,5,3,140.9,0.0
Mexico,2024-04-21,6,Monterrey,Escobedo,14,11,579.1,0.0
Mexico,2024-04-21,6,Monterrey,Carretera Nacional,9,8,393.1,0.0
Mexico,2024-04-21,6,Monterrey,MTY_Apodaca_Huinalá,5,3,178.3,0.0
Mexico,2024-04-21,6,Monterrey,San Nicolás,8,10,500.4,0.0
Mexico,2024-04-21,6,Monterrey,Santa Catarina,5,6,277.4,0.0
Mexico,2024-04-21,6,Monterrey,San Pedro,4,6,295.0,0.0
Mexico,2024-04-21,6,Monterrey,Cumbres Poniente,7,7,363.9,0.0
Mexico,2024-04-21,6,Monterrey,La Fe,8,7,357.6,0.0
Mexico,2024-04-21,6,Monterrey,MTY_Guadalupe,10,12,701.7,0.0
Mexico,2024-04-21,6,Monterrey,Independencia,12,9,506.4,0.0
Mexico,2024-04-21,6,Monterrey,Tec,12,10,576.7,0.0
Mexico,2024-04-21,7,Monterrey,Centro,4,6,346.2,0.0
Mexico,2024-04-21,7,Monterrey,Mitras Centro,5,3,165.4,0.0
Mexico,2024-04-21,7,Monterrey,Apodaca Centro,16,15,764.4,0.0
Mexico,2024-04-21,7,Monterrey,Escobedo,14,15,749.1,0.0
Mexico,2024-04-21,7,Monterrey,Carretera Nacional,5,6,356.3,0.0
Mexico,2024-04-21,7,Monterrey,MTY_Apodaca_Huinalá,10,7,412.6,0.0
Mexico,2024-04-21,7,Monterrey,San Nicolás,10,12,555.0,0.0
Mexico,2024-04-21,7,Monterrey,Santa Catarina,9,8,384.2,0.0
Mexico,2024-04-21,7,Monterrey,San Pedro,10,7,359.3,0.0
Mexico,2024-04-21,7,Monterrey,Cumbres Poniente,6,7,401.4,0.0
Mexico,2024-04-21,7,Monterrey,La Fe,5,6,287.7,0.0
Mexico,2024-04-21,7,Monterrey,MTY_Guadalupe,12,9,434.6,0.0
Mexico,2024-04-21,7,Monterrey,Independencia,8,8,426.3,0.0
Mexico,2024-04-21,7,Monterrey,Tec,5,7,416.2,0.0
Mexico,2024-04-21,8,Monterrey,Centro,4,6,358.1,0.5
Mexico,2024-04-21,8,Monterrey,Mitras Centro,18,15,838.0,0.5
Mexico,2024-04-21,8,Monterrey,Apodaca Centro,14,11,550.0,0.5
Mexico,2024-04-21,8,Monterrey,Escobedo,9,6,342.0,0.5
Mexico,2024-04-21,8,Monterrey,Carretera Nacional,12,12,714.2,0.5
Mexico,2024-04-21,8,Monterrey,MTY_Apodaca_Huinalá,7,8,456.4,0.5
Mexico,2024-04-21,8,Monterrey,San Nicolás,5,7,375.7,0.5
Mexico,2024-04-21,8,Monterrey,Santa Catarina,11,10,509.8,0.5
Mexico,2024-04-21,8,Monterrey,San Pedro,11,10,480.5,0.5
Mexico,2024-04-21,8,Monterrey,Cumbres Poniente,7,7,417.4,0.5
Mexico,2024-04-21,8,Monterrey,La Fe,5,5,227.2,0.5
Mexico,2024-04-21,8,Monterrey,MTY_Guadalupe,7,6,334.0,0.5
Mexico,2024-04-21,8,Monterrey,Independencia,9,11,572.4,0.5
Mexico,2024-04-21,8,Monterrey,Tec,16,13,778.4,0.5
Mexico,2024-04-21,9,Monterrey,Centro,8,6,310.8,0.0
Mexico,2024-04-21,9,Monterrey,Mitras Centro,9,9,508.1,0.0
Mexico,2024-04-21,9,Monterrey,Apodaca Centro,8,7,358.4,0.0
Mexico,2024-04-21,9,Monterrey,Escobedo,12,12,702.1,0.0
Mexico,2024-04-21,9,Monterrey,Carretera Nacional,7,5,230.2,0.0
Mexico,2024-04-21,9,Monterrey,MTY_Apodaca_Huinalá,3,4,190.4,0.0
Mexico,2024-04-21,9,Monterrey,San Nicolás,2,4,199.1,0.0
Mexico,2024-04-21,9,Monterrey,Santa Catarina,12,11,642.0,0.0
Mexico,2024-04-21,9,Monterrey,San Pedro,11,8,471.7,0.0
Mexico,2024-04-21,9,Monterrey,Cumbres Poniente,10,8,403.9,0.0
Mexico,2024-04-21,9,Monterrey,La Fe,5,6,347.2,0.0
Mexico,2024-04-21,9,Monterrey,MTY_Guadalupe,10,11,564.4,0.0
Mexico,2024-04-21,9,Monterrey,Independencia,12,12,646.3,0.0
Mexico,2024-04-21,9,Monterrey,Tec,15,13,738.5,0.0
Mexico,2024-04-21,10,Monterrey,Centro,12,9,451.4,0.0
Mexico,2024-04-21,10,Monterrey,Mitras Centro,11,12,587.7,0.0
Mexico,2024-04-21,10,Monterrey,Apodaca Centro,8,10,464.3,0.0
Mexico,2024-04-21,10,Monterrey,Escobedo,9,10,460.0,0.0
Mexico,2024-04-21,10,Monterrey,Carretera Nacional,13,11,567.3,0.0
Mexico,2024-04-21,10,Monterrey,MTY_Apodaca_Huinalá,8,9,507.5,0.0
Mexico,2024-04-21,10,Monterrey,San Nicolás,7,6,273.3,0.0
Mexico,2024-04-21,10,Monterrey,Santa Catarina,12,11,588.0,0.0
Mexico,2024-04-21,10,Monterrey,San Pedro,10,7,317.7,0.0
Mexico,2024-04-21,10,Monterrey,Cumbres Poniente,13,10,586.5,0.0
Mexico,2024-04-21,10,Monterrey,La Fe,11,10,529.3,0.0
Mexico,2024-04-21,10,Monterrey,MTY_Guadalupe,9,8,380.3,0.0
Mexico,2024-04-21,10,Monterrey,Independencia,5,6,335.6,0.0
Mexico,2024-04-21,10,Monterrey,Tec,8,7,383.0,0.0
Mexico,2024-04-21,11,Monterrey,Centro,7,6,319.4,0.0
Mexico,2024-04-21,11,Monterrey,Mitras Centro,5,7,371.4,0.0
Mexico,2024-04-21,11,Monterrey,Apodaca Centro,10,11,581.3,0.0
Mexico,2024-04-21,11,Monterrey,Escobedo,7,7,390.9,0.0
Mexico,2024-04-21,11,Monterrey,Carretera Nacional,6,6,283.5,0.0
Mexico,2024-04-21,11,Monterrey,MTY_Apodaca_Huinalá,11,10,552.6,0.0
Mexico,2024-04-21,11,Monterrey,San Nicolás,2,4,206.0,0.0
Mexico,2024-04-21,11,Monterrey,Santa Catarina,12,11,576.0,0.0
Mexico,2024-04-21,11,Monterrey,San Pedro,6,7,386.1,0.0
Mexico,2024-04-21,11,Monterrey,Cumbres Poniente,5,7,409.0,0.0
Mexico,2024-04-21,11,Monterrey,La Fe,2,4,224.7,0.0
Mexico,2024-04-21,11,Monterrey,MTY_Guadalupe,4,5,272.7,0.0
Mexico,2024-04-21,11,Monterrey,Independencia,11,9,524.8,0.0
Mexico,2024-04-21,11,Monterrey,Tec,7,9,407.1,0.0
Mexico,2024-04-21,12,Monterrey,Centro,9,6,343.2,0.0
Mexico,2024-04-21,12,Monterrey,Mitras Centro,5,7,353.1,0.0
Mexico,2024-04-21,12,Monterrey,Apodaca Centro,13,13,622.4,0.0
Mexico,2024-04-21,12,Monterrey,Escobedo,11,8,417.1,0.0
Mexico,2024-04-21,12,Monterrey,Carretera Nacional,11,11,596.6,0.0
Mexico,2024-04-21,12,Monterrey,MTY_Apodaca_Huinalá,9,7,373.3,0.0
Mexico,2024-04-21,12,Monterrey,San Nicolás,8,9,464.9,0.0
Mexico,2024-04-21,12,Monterrey,Santa Catarina,9,7,356.8,0.0
Mexico,2024-04-21,12,Monterrey,San Pedro,4,6,338.0,0.0
Mexico,2024-04-21,12,Monterrey,Cumbres Poniente,8,9,495.1,0.0
Mexico,2024-04-21,12,Monterrey,La Fe,10,9,423.6,0.0
Mexico,2024-04-21,12,Monterrey,MTY_Guadalupe,6,7,320.2,0.0
Mexico,2024-04-21,12,Monterrey,Independencia,7,9,482.0,0.0
Mexico,2024-04-21,12,Monterrey,Tec,5,7,369.4,0.0
Mexico,2024-04-21,13,Monterrey,Centro,12,10,525.5,0.0
Mexico,2024-04-21,13,Monterrey,Mitras Centro,13,14,824.1,0.0
Mexico,2024-04-21,13,Monterrey,Apodaca Centro,16,16,781.9,0.0
Mexico,2024-04-21,13,Monterrey,Escobedo,19,17,936.6,0.0
Mexico,2024-04-21,13,Monterrey,Carretera Nacional,14,14,754.8,0.0
Mexico,2024-04-21,13,Monterrey,MTY_Apodaca_Huinalá,9,8,470.8,0.0
Mexico,2024-04-21,13,Monterrey,San Nicolás,18,18,886.4,0.0
Mexico,2024-04-21,13,Monterrey,Santa Catarina,16,14,786.7,0.0
Mexico,2024-04-21,13,Monterrey,San Pedro,13,14,777.9,0.0
Mexico,2024-04-21,13,Monterrey,Cumbres Poniente,15,12,684.6,0.0
Mexico,2024-04-21,13,Monterrey,La Fe,13,13,653.5,0.0
Mexico,2024-04-21,13,Monterrey,MTY_Guadalupe,21,18,904.3,0.0
Mexico,2024-04-21,13,Monterrey,Independencia,17,15,897.2,0.0
Mexico,2024-04-21,13,Monterrey,Tec,19,16,904.7,0.0
Mexico,2024-04-21,14,Monterrey,Centro,13,11,556.2,0.0
Mexico,2024-04-21,14,Monterrey,Mitras Centro,15,12,698.2,0.0
Mexico,2024-04-21,14,Monterrey,Apodaca Centro,10,8,442.6,0.0
Mexico,2024-04-21,14,Monterrey,Escobedo,15,17,953.3,0.0
Mexico,2024-04-21,14,Monterrey,Carretera Nacional,19,18,826.9,0.0
Mexico,2024-04-21,14,Monterrey,MTY_Apodaca_Huinalá,21,19,953.1,0.0
Mexico,2024-04-21,14,Monterrey,San Nicolás,16,13,762.8,0.0
Mexico,2024-04-21,14,Monterrey,Santa Catarina,13,11,551.3,0.0
Mexico,2024-04-21,14,Monterrey,San Pedro,16,13,613.1,0.0
Mexico,2024-04-21,14,Monterrey,Cumbres Poniente,11,13,669.5,0.0
Mexico,2024-04-21,14,Monterrey,La Fe,17,16,802.8,0.0
Mexico,2024-04-21,14,Monterrey,MTY_Guadalupe,15,13,732.9,0.0
Mexico,2024-04-21,14,Monterrey,Independencia,18,18,1008.9,0.0
Mexico,2024-04-21,14,Monterrey,Tec,15,12,562.1,0.0
Mexico,2024-04-21,15,Monterrey,Centro,12,10,460.3,0.0
Mexico,2024-04-21,15,Monterrey,Mitras Centro,9,8,407.0,0.0
Mexico,2024-04-21,15,Monterrey,Apodaca Centro,13,13,599.7,0.0
Mexico,2024-04-21,15,Monterrey,Escobedo,8,9,409.5,0.0
Mexico,2024-04-21,15,Monterrey,Carretera Nacional,14,11,495.3,0.0
Mexico,2024-04-21,15,Monterrey,MTY_Apodaca_Huinalá,8,7,328.1,0.0
Mexico,2024-04-21,15,Monterrey,San Nicolás,4,5,265.7,0.0
Mexico,2024-04-21,15,Monterrey,Santa Catarina,10,7,343.5,0.0
Mexico,2024-04-21,15,Monterrey,San Pedro,6,6,328.7,0.0
Mexico,2024-04-21,15,Monterrey,Cumbres Poniente,8,5,272.5,0.0
Mexico,2024-04-21,15,Monterrey,La Fe,8,5,229.3,0.0
Mexico,2024-04-21,15,Monterrey,MTY_Guadalupe,2,3,153.2,0.0
Mexico,2024-04-21,15,Monterrey,Independencia,12,10,470.5,0.0
Mexico,2024-04-21,15,Monterrey,Tec,5,7,348.1,0.0
Mexico,2024-04-21,16,Monterrey,Centro,6,7,316.9,0.0
Mexico,2024-04-21,16,Monterrey,Mitras Centro,8,10,572.1,0.0
Mexico,2024-04-21,16,Monterrey,Apodaca Centro,14,15,771.1,0.0
Mexico,2024-04-21,16,Monterrey,Escobedo,10,10,510.9,0.0
Mexico,2024-04-21,16,Monterrey,Carretera Nacional,8,9,473.4,0.0
Mexico,2024-04-21,16,Monterrey,MTY_Apodaca_Huinalá,5,6,354.0,0.0
Mexico,2024-04-21,16,Monterrey,San Nicolás,8,7,397.3,0.0
Mexico,2024-04-21,16,Monterrey,Santa Catarina,9,9,534.0,0.0
Mexico,2024-04-21,16,Monterrey,San Pedro,3,1,55.9,0.0
Mexico,2024-04-21,16,Monterrey,Cumbres Poniente,15,13,762.1,0.0
Mexico,2024-04-21,16,Monterrey,La Fe,7,5,265.0,0.0
Mexico,2024-04-21,16,Monterrey,MTY_Guadalupe,11,9,418.5,0.0
Mexico,2024-04-21,16,Monterrey,Independencia,4,6,307.6,0.0
Mexico,2024-04-21,16,Monterrey,Tec,9,8,462.1,0.0
Mexico,2024-04-21,17,Monterrey,Centro,11,10,580.1,0.0
Mexico,2024-04-21,17,Monterrey,Mitras Centro,7,4,192.1,0.0
Mexico,2024-04-21,17,Monterrey,Apodaca Centro,9,10,597.5,0.0
Mexico,2024-04-21,17,Monterrey,Escobedo,10,8,438.3,0.0
Mexico,2024-04-21,17,Monterrey,Carretera Nacional,5,4,205.3,0.0
Mexico,2024-04-21,17,Monterrey,MTY_Apodaca_Huinalá,6,8,397.0,0.0
Mexico,2024-04-21,17,Monterrey,San Nicolás,13,11,637.7,0.0
Mexico,2024-04-21,17,Monterrey,Santa Catarina,5,7,373.9,0.0
Mexico,2024-04-21,17,Monterrey,San Pedro,5,7,394.0,0.0
Mexico,2024-04-21,17,Monterrey,Cumbres Poniente,9,6,271.3,0.0
Mexico,2024-04-21,17,Monterrey,La Fe,10,9,467.5,0.0
Mexico,2024-04-21,17,Monterrey,MTY_Guadalupe,13,12,602.7,0.0
Mexico,2024-04-21,17,Monterrey,Independencia,7,6,296.5,0.0
Mexico,2024-04-21,17,Monterrey,Tec,7,8,429.5,0.0
Mexico,2024-04-21,18,Monterrey,Centro,4,6,294.5,0.0
Mexico,2024-04-21,18,Monterrey,Mitras Centro,15,13,601.3,0.0
Mexico,2024-04-21,18,Monterrey,Apodaca Centro,7,5,239.0,0.0
Mexico,2024-04-21,18,Monterrey,Escobedo,12,11,602.8,0.0
Mexico,2024-04-21,18,Monterrey,Carretera Nacional,8,6,325.9,0.0
Mexico,2024-04-21,18,Monterrey,MTY_Apodaca_Huinalá,9,9,435.1,0.0
Mexico,2024-04-21,18,Monterrey,San Nicolás,7,5,240.0,0.0
Mexico,2024-04-21,18,Monterrey,Santa Catarina,9,8,423.6,0.0
Mexico,2024-04-21,18,Monterrey,San Pedro,9,11,578.8,0.0
Mexico,2024-04-21,18,Monterrey,Cumbres Poniente,7,9,503.8,0.0
Mexico,2024-04-21,18,Monterrey,La Fe,16,15,713.2,0.0
Mexico,2024-04-21,18,Monterrey,MTY_Guadalupe,16,13,638.5,0.0
Mexico,2024-04-21,18,Monterrey,Independencia,14,11,587.4,0.0
Mexico,2024-04-21,18,Monterrey,Tec,5,5,264.6,0.0
Mexico,2024-04-21,19,Monterrey,Centro,14,12,648.4,0.0
Mexico,2024-04-21,19,Monterrey,Mitras Centro,13,12,682.2,0.0
Mexico,2024-04-21,19,Monterrey,Apodaca Centro,21,18,993.2,0.0
Mexico,2024-04-21,19,Monterrey,Escobedo,11,10,561.9,0.0
Mexico,2024-04-21,19,Monterrey,Carretera Nacional,11,12,645.6,0.0
Mexico,2024-04-21,19,Monterrey,MTY_Apodaca_Huinalá,17,19,925.2,0.0
Mexico,2024-04-21,19,Monterrey,San Nicolás,16,15,789.5,0.0
Mexico,2024-04-21,19,Monterrey,Santa Catarina,17,17,877.1,0.0
Mexico,2024-04-21,19,Monterrey,San Pedro,14,13,609.2,0.0
Mexico,2024-04-21,19,Monterrey,Cumbres Poniente,17,16,826.9,0.0
Mexico,2024-04-21,19,Monterrey,La Fe,14,14,820.2,0.0
Mexico,2024-04-21,19,Monterrey,MTY_Guadalupe,10,8,399.9,0.0
Mexico,2024-04-21,19,Monterrey,Independencia,13,14,633.9,0.0
Mexico,2024-04-21,19,Monterrey,Tec,9,7,329.0,0.0
Mexico,2024-04-21,20,Monterrey,Centro,10,9,467.8,0.0
Mexico,2024-04-21,20,Monterrey,Mitras Centro,4,6,315.8,0.0
Mexico,2024-04-21,20,Monterrey,Apodaca Centro,13,12,705.8,0.0
Mexico,2024-04-21,20,Monterrey,Escobedo,9,8,385.6,0.0
Mexico,2024-04-21,20,Monterrey,Carretera Nacional,11,11,559.0,0.0
Mexico,2024-04-21,20,Monterrey,MTY_Apodaca_Huinalá,12,9,495.2,0.0
Mexico,2024-04-21,20,Monterrey,San Nicolás,11,9,515.2,0.0
Mexico,2024-04-21,20,Monterrey,Santa Catarina,12,11,539.4,0.0
Mexico,2024-04-21,20,Monterrey,San Pedro,11,10,536.0,0.0
Mexico,2024-04-21,20,Monterrey,Cumbres Poniente,13,13,746.0,0.0
Mexico,2024-04-21,20,Monterrey,La Fe,21,19,887.4,0.0
Mexico,2024-04-21,20,Monterrey,MTY_Guadalupe,11,11,505.9,0.0
Mexico,2024-04-21,20,Monterrey,Independencia,15,13,763.4,0.0
Mexico,2024-04-21,20,Monterrey,Tec,16,13,675.4,0.0
Mexico,2024-04-21,21,Monterrey,Centro,13,11,549.3,0.5
Mexico,2024-04-21,21,Monterrey,Mitras Centro,15,14,696.0,0.5
Mexico,2024-04-21,21,Monterrey,Apodaca Centro,15,14,643.0,0.5
Mexico,2024-04-21,21,Monterrey,Escobedo,16,14,823.7,0.5
Mexico,2024-04-21,21,Monterrey,Carretera Nacional,15,14,647.0,0.5
Mexico,2024-04-21,21,Monterrey,MTY_Apodaca_Huinalá,14,16,797.9,0.5
Mexico,2024-04-21,21,Monterrey,San Nicolás,14,15,763.6,0.5
Mexico,2024-04-21,21,Monterrey,Santa Catarina,8,9,467.9,0.5
Mexico,2024-04-21,21,Monterrey,San Pedro,14,16,851.1,0.5
Mexico,2024-04-21,21,Monterrey,Cumbres Poniente,18,15,789.3,0.5
Mexico,2024-04-21,21,Monterrey,La Fe,17,14,811.2,0.5
Mexico,2024-04-21,21,Monterrey,MTY_Guadalupe,12,10,596.2,0.5
Mexico,2024-04-21,21,Monterrey,Independencia,17,18,957.6,0.5
Mexico,2024-04-21,21,Monterrey,Tec,22,19,972.8,0.5
Mexico,2024-04-21,22,Monterrey,Centro,9,8,448.0,0.0
Mexico,2024-04-21,22,Monterrey,Mitras Centro,10,9,457.3,0.0
Mexico,2024-04-21,22,Monterrey,Apodaca Centro,8,8,449.5,0.0
Mexico,2024-04-21,22,Monterrey,Escobedo,16,13,587.3,0.0
Mexico,2024-04-21,22,Monterrey,Carretera Nacional,10,11,576.9,0.0
Mexico,2024-04-21,22,Monterrey,MTY_Apodaca_Huinalá,7,8,463.6,0.0
Mexico,2024-04-21,22,Monterrey,San Nicolás,10,8,476.3,0.0
Mexico,2024-04-21,22,Monterrey,Santa Catarina,6,7,346.8,0.0
Mexico,2024-04-21,22,Monterrey,San Pedro,8,9,421.2,0.0
Mexico,2024-04-21,22,Monterrey,Cumbres Poniente,5,7,407.7,0.0
Mexico,2024-04-21,22,Monterrey,La Fe,8,10,493.0,0.0
Mexico,2024-04-21,22,Monterrey,MTY_Guadalupe,3,5,244.7,0.0
Mexico,2024-04-21,22,Monterrey,Independencia,4,6,332.6,0.0
Mexico,2024-04-21,22,Monterrey,Tec,11,9,476.5,0.0
Mexico,2024-04-21,23,Monterrey,Centro,9,8,394.4,0.0
Mexico,2024-04-21,23,Monterrey,Mitras Centro,7,8,452.2,0.0
Mexico,2024-04-21,23,Monterrey,Apodaca Centro,14,15,867.9,0.0
Mexico,2024-04-21,23,Monterrey,Escobedo,9,9,474.5,0.0
Mexico,2024-04-21,23,Monterrey,Carretera Nacional,9,11,534.0,0.0
Mexico,2024-04-21,23,Monterrey,MTY_Apodaca_Huinalá,11,10,456.6,0.0
Mexico,2024-04-21,23,Monterrey,San Nicolás,13,10,556.4,0.0
Mexico,2024-04-21,23,Monterrey,Santa Catarina,7,5,241.1,0.0
Mexico,2024-04-21,23,Monterrey,San Pedro,4,6,302.3,0.0
Mexico,2024-04-21,23,Monterrey,Cumbres Poniente,4,5,243.9,0.0
Mexico,2024-04-21,23,Monterrey,La Fe,11,8,362.4,0.0
Mexico,2024-04-21,23,Monterrey,MTY_Guadalupe,3,4,197.9,0.0
Mexico,2024-04-21,23,Monterrey,Independencia,11,8,420.6,0.0
Mexico,2024-04-21,23,Monterrey,Tec,6,8,445.3,0.0
Mexico,2024-04-22,0,Monterrey,Centro,9,6,292.3,0.0
Mexico,2024-04-22,0,Monterrey,Mitras Centro,5,7,394.5,0.0
Mexico,2024-04-22,0,Monterrey,Apodaca Centro,5,3,172.8,0.0
Mexico,2024-04-22,0,Monterrey,Escobedo,3,4,198.6,0.0
Mexico,2024-04-22,0,Monterrey,Carretera Nacional,5,7,353.4,0.0
Mexico,2024-04-22,0,Monterrey,MTY_Apodaca_Huinalá,5,4,191.7,0.0
Mexico,2024-04-22,0,Monterrey,San Nicolás,4,3,173.7,0.0
Mexico,2024-04-22,0,Monterrey,Santa Catarina,8,6,346.6,0.0
Mexico,2024-04-22,0,Monterrey,San Pedro,5,6,358.1,0.0
Mexico,2024-04-22,0,Monterrey,Cumbres Poniente,1,2,110.0,0.0
Mexico,2024-04-22,0,Monterrey,La Fe,4,5,278.6,0.0
Mexico,2024-04-22,0,Monterrey,MTY_Guadalupe,7,5,246.6,0.0
Mexico,2024-04-22,0,Monterrey,Independencia,3,3,154.6,0.0
Mexico,2024-04-22,0,Monterrey,Tec,9,10,530.0,0.0
Mexico,2024-04-22,1,Monterrey,Centro,7,4,193.5,0.0
Mexico,2024-04-22,1,Monterrey,Mitras Centro,10,8,408.6,0.0
Mexico,2024-04-22,1,Monterrey,Apodaca Centro,6,3,175.2,0.0
Mexico,2024-04-22,1,Monterrey,Escobedo,5,4,232.1,0.0
Mexico,2024-04-22,1,Monterrey,Carretera Nacional,2,2,108.1,0.0
Mexico,2024-04-22,1,Monterrey,MTY_Apodaca_Huinalá,1,2,109.1,0.0
Mexico,2024-04-22,1,Monterrey,San Nicolás,2,4,227.0,0.0
Mexico,2024-04-22,1,Monterrey,Santa Catarina,5,4,223.0,0.0
Mexico,2024-04-22,1,Monterrey,San Pedro,8,8,457.6,0.0
Mexico,2024-04-22,1,Monterrey,Cumbres Poniente,9,11,623.9,0.0
Mexico,2024-04-22,1,Monterrey,La Fe,1,2,94.8,0.0
Mexico,2024-04-22,1,Monterrey,MTY_Guadalupe,6,7,385.8,0.0
Mexico,2024-04-22,1,Monterrey,Independencia,3,2,92.6,0.0
Mexico,2024-04-22,1,Monterrey,Tec,4,2,95.4,0.0
Mexico,2024-04-22,2,Monterrey,Centro,5,4,216.8,0.0
Mexico,2024-04-22,2,Monterrey,Mitras Centro,4,3,152.0,0.0
Mexico,2024-04-22,2,Monterrey,Apodaca Centro,5,7,325.7,0.0
Mexico,2024-04-22,2,Monterrey,Escobedo,8,10,479.8,0.0
Mexico,2024-04-22,2,Monterrey,Carretera Nacional,6,6,286.5,0.0
Mexico,2024-04-22,2,Monterrey,MTY_Apodaca_Huinalá,3,5,289.7,0.0
Mexico,2024-04-22,2,Monterrey,San Nicolás,2,3,136.0,0.0
Mexico,2024-04-22,2,Monterrey,Santa Catarina,11,10,546.8,0.0
Mexico,2024-04-22,2,Monterrey,San Pedro,4,5,245.8,0.0
Mexico,2024-04-22,2,Monterrey,Cumbres Poniente,11,9,514.6,0.0
Mexico,2024-04-22,2,Monterrey,La Fe,10,8,433.3,0.0
Mexico,2024-04-22,2,Monterrey,MTY_Guadalupe,9,8,443.3,0.0
Mexico,2024-04-22,2,Monterrey,Independencia,9,6,292.3,0.0
Mexico,2024-04-22,2,Monterrey,Tec,3,4,237.0,0.0
Mexico,2024-04-22,3,Monterrey,Centro,4,4,203.5,0.0
Mexico,2024-04-22,3,Monterrey,Mitras Centro,9,7,354.3,0.0
Mexico,2024-04-22,3,Monterrey,Apodaca Centro,7,6,293.4,0.0
Mexico,2024-04-22,3,Monterrey,Escobedo,5,3,163.1,0.0
Mexico,2024-04-22,3,Monterrey,Carretera Nacional,11,11,627.9,0.0
Mexico,2024-04-22,3,Monterrey,MTY_Apodaca_Huinalá,3,5,241.5,0.0
Mexico,2024-04-22,3,Monterrey,San Nicolás,8,5,225.4,0.0
Mexico,2024-04-22,3,Monterrey,Santa Catarina,1,1,48.4,0.0
Mexico,2024-04-22,3,Monterrey,San Pedro,9,8,361.0,0.0
Mexico,2024-04-22,3,Monterrey,Cumbres Poniente,3,5,295.6,0.0
Mexico,2024-04-22,3,Monterrey,La Fe,8,5,294.5,0.0
Mexico,2024-04-22,3,Monterrey,MTY_Guadalupe,5,4,231.5,0.0
Mexico,2024-04-22,3,Monterrey,Independencia,9,8,380.4,0.0
Mexico,2024-04-22,3,Monterrey,Tec,3,3,138.7,0.0
Mexico,2024-04-22,4,Monterrey,Centro,3,5,298.0,0.0
Mexico,2024-04-22,4,Monterrey,Mitras Centro,1,3,141.6,0.0
Mexico,2024-04-22,4,Monterrey,Apodaca Centro,5,7,403.2,0.0
Mexico,2024-04-22,4,Monterrey,Escobedo,5,5,297.6,0.0
Mexico,2024-04-22,4,Monterrey,Carretera Nacional,1,2,110.6,0.0
Mexico,2024-04-22,4,Monterrey,MTY_Apodaca_Huinalá,4,6,341.5,0.0
Mexico,2024-04-22,4,Monterrey,San Nicolás,1,1,48.9,0.0
Mexico,2024-04-22,4,Monterrey,Santa Catarina,7,4,203.4,0.0
Mexico,2024-04-22,4,Monterrey,San Pedro,1,0,0.0,0.0
Mexico,2024-04-22,4,Monterrey,Cumbres Poniente,11,10,556.7,0.0
Mexico,2024-04-22,4,Monterrey,La Fe,7,6,328.7,0.0
Mexico,2024-04-22,4,Monterrey,MTY_Guadalupe,6,3,165.4,0.0
Mexico,2024-04-22,4,Monterrey,Independencia,7,4,223.4,0.0
Mexico,2024-04-22,4,Monterrey,Tec,3,5,261.1,0.0
Mexico,2024-04-22,5,Monterrey,Centro,6,5,242.6,0.0
Mexico,2024-04-22,5,Monterrey,Mitras Centro,5,7,327.8,0.0
Mexico,2024-04-22,5,Monterrey,Apodaca Centro,1,2,104.4,0.0
Mexico,2024-04-22,5,Monterrey,Escobedo,8,5,266.5,0.0
Mexico,2024-04-22,5,Monterrey,Carretera Nacional,7,8,477.2,0.0
Mexico,2024-04-22,5,Monterrey,MTY_Apodaca_Huinalá,1,2,93.3,0.0
Mexico,2024-04-22,5,Monterrey,San Nicolás,5,5,276.6,0.0
Mexico,2024-04-22,5,Monterrey,Santa Catarina,5,3,161.4,0.0
Mexico,2024-04-22,5,Monterrey,San Pedro,9,6,359.4,0.0
Mexico,2024-04-22,5,Monterrey,Cumbres Poniente,3,4,206.6,0.0
Mexico,2024-04-22,5,Monterrey,La Fe,9,9,504.1,0.0
Mexico,2024-04-22,5,Monterrey,MTY_Guadalupe,10,11,625.9,0.0
Mexico,2024-04-22,5,Monterrey,Independencia,7,9,523.2,0.0
Mexico,2024-04-22,5,Monterrey,Tec,6,8,453.0,0.0
Mexico,2024-04-22,6,Monterrey,Centro,3,3,179.9,0.0
Mexico,2024-04-22,6,Monterrey,Mitras Centro,7,6,289.3,0.0
Mexico,2024-04-22,6,Monterrey,Apodaca Centro,2,4,189.1,0.0
Mexico,2024-04-22,6,Monterrey,Escobedo,5,4,195.0,0.0
Mexico,2024-04-22,6,Monterrey,Carretera Nacional,6,3,147.1,0.0
Mexico,2024-04-22,6,Monterrey,MTY_Apodaca_Huinalá,5,5,270.5,0.0
Mexico,2024-04-22,6,Monterrey,San Nicolás,8,6,289.0,0.0
Mexico,2024-04-22,6,Monterrey,Santa Catarina,9,11,541.4,0.0
Mexico,2024-04-22,6,Monterrey,San Pedro,1,1,49.6,0.0
Mexico,2024-04-22,6,Monterrey,Cumbres Poniente,4,4,219.0,0.0
Mexico,2024-04-22,6,Monterrey,La Fe,6,4,214.2,0.0
Mexico,2024-04-22,6,Monterrey,MTY_Guadalupe,4,3,170.6,0.0
Mexico,2024-04-22,6,Monterrey,Independencia,4,2,113.0,0.0
Mexico,2024-04-22,6,Monterrey,Tec,7,4,181.8,0.0
Mexico,2024-04-22,7,Monterrey,Centro,5,7,401.0,0.0
Mexico,2024-04-22,7,Monterrey,Mitras Centro,1,3,154.2,0.0
Mexico,2024-04-22,7,Monterrey,Apodaca Centro,10,8,422.4,0.0
Mexico,2024-04-22,7,Monterrey,Escobedo,3,3,175.0,0.0
Mexico,2024-04-22,7,Monterrey,Carretera Nacional,5,7,400.9,0.0
Mexico,2024-04-22,7,Monterrey,MTY_Apodaca_Huinalá,5,5,295.5,0.0
Mexico,2024-04-22,7,Monterrey,San Nicolás,11,8,383.5,0.0
Mexico,2024-04-22,7,Monterrey,Santa Catarina,2,4,234.6,0.0
Mexico,2024-04-22,7,Monterrey,San Pedro,7,5,270.4,0.0
Mexico,2024-04-22,7,Monterrey,Cumbres Poniente,7,6,279.4,0.0
Mexico,2024-04-22,7,Monterrey,La Fe,7,6,354.8,0.0
Mexico,2024-04-22,7,Monterrey,MTY_Guadalupe,7,7,363.2,0.0
Mexico,2024-04-22,7,Monterrey,Independencia,4,3,157.2,0.0
Mexico,2024-04-22,7,Monterrey,Tec,2,2,97.8,0.0
Mexico,2024-04-22,8,Monterrey,Centro,6,5,299.7,0.0
Mexico,2024-04-22,8,Monterrey,Mitras Centro,6,7,409.9,0.0
Mexico,2024-04-22,8,Monterrey,Apodaca Centro,7,5,258.3,0.0
Mexico,2024-04-22,8,Monterrey,Escobedo,3,4,194.7,0.0
Mexico,2024-04-22,8,Monterrey,Carretera Nacional,7,5,260.9,0.0
Mexico,2024-04-22,8,Monterrey,MTY_Apodaca_Huinalá,1,3,175.8,0.0
Mexico,2024-04-22,8,Monterrey,San Nicolás,8,6,274.5,0.0
Mexico,2024-04-22,8,Monterrey,Santa Catarina,8,7,325.5,0.0
Mexico,2024-04-22,8,Monterrey,San Pedro,5,6,316.4,0.0
Mexico,2024-04-22,8,Monterrey,Cumbres Poniente,5,6,333.1,0.0
Mexico,2024-04-22,8,Monterrey,La Fe,5,3,142.0,0.0
Mexico,2024-04-22,8,Monterrey,MTY_Guadalupe,4,5,230.8,0.0
Mexico,2024-04-22,8,Monterrey,Independencia,8,7,417.4,0.0
Mexico,2024-04-22,8,Monterrey,Tec,7,4,214.6,0.0
Mexico,2024-04-22,9,Monterrey,Centro,10,7,326.7,0.0
Mexico,2024-04-22,9,Monterrey,Mitras Centro,5,2,119.1,0.0
Mexico,2024-04-22,9,Monterrey,Apodaca Centro,4,5,226.2,0.0
Mexico,2024-04-22,9,Monterrey,Escobedo,6,7,398.4,0.0
Mexico,2024-04-22,9,Monterrey,Carretera Nacional,4,4,237.3,0.0
Mexico,2024-04-22,9,Monterrey,MTY_Apodaca_Huinalá,10,7,322.3,0.0
Mexico,2024-04-22,9,Monterrey,San Nicolás,8,5,257.2,0.0
Mexico,2024-04-22,9,Monterrey,Santa Catarina,5,3,158.6,0.0
Mexico,2024-04-22,9,Monterrey,San Pedro,7,5,297.8,0.0
Mexico,2024-04-22,9,Monterrey,Cumbres Poniente,9,9,488.6,0.0
Mexico,2024-04-22,9,Monterrey,La Fe,1,3,165.6,0.0
Mexico,2024-04-22,9,Monterrey,MTY_Guadalupe,1,3,164.1,0.0
Mexico,2024-04-22,9,Monterrey,Independencia,9,6,345.7,0.0
Mexico,2024-04-22,9,Monterrey,Tec,4,3,142.7,0.0
Mexico,2024-04-22,10,Monterrey,Centro,4,1,59.7,0.0
Mexico,2024-04-22,10,Monterrey,Mitras Centro,4,5,252.4,0.0
Mexico,2024-04-22,10,Monterrey,Apodaca Centro,4,1,45.7,0.0
Mexico,2024-04-22,10,Monterrey,Escobedo,8,6,305.1,0.0
Mexico,2024-04-22,10,Monterrey,Carretera Nacional,2,2,91.9,0.0
Mexico,2024-04-22,10,Monterrey,MTY_Apodaca_Huinalá,5,6,312.6,0.0
Mexico,2024-04-22,10,Monterrey,San Nicolás,3,5,274.0,0.0
Mexico,2024-04-22,10,Monterrey,Santa Catarina,1,2,90.4,0.0
Mexico,2024-04-22,10,Monterrey,San Pedro,4,4,208.6,0.0
Mexico,2024-04-22,10,Monterrey,Cumbres Poniente,2,4,183.8,0.0
Mexico,2024-04-22,10,Monterrey,La Fe,5,7,384.6,0.0
Mexico,2024-04-22,10,Monterrey,MTY_Guadalupe,3,2,95.3,0.0
Mexico,2024-04-22,10,Monterrey,Independencia,8,5,298.5,0.0
Mexico,2024-04-22,10,Monterrey,Tec,2,4,226.5,0.0
Mexico,2024-04-22,11,Monterrey,Centro,7,4,233.3,0.0
Mexico,2024-04-22,11,Monterrey,Mitras Centro,6,3,146.3,0.0
Mexico,2024-04-22,11,Monterrey,Apodaca Centro,15,12,601.7,0.0
Mexico,2024-04-22,11,Monterrey,Escobedo,1,3,147.2,0.0
Mexico,2024-04-22,11,Monterrey,Carretera Nacional,5,4,237.6,0.0
Mexico,2024-04-22,11,Monterrey,MTY_Apodaca_Huinalá,10,8,467.9,0.0
Mexico,2024-04-22,11,Monterrey,San Nicolás,10,8,462.7,0.0
Mexico,2024-04-22,11,Monterrey,Santa Catarina,3,1,46.0,0.0
Mexico,2024-04-22,11,Monterrey,San Pedro,8,5,263.3,0.0
Mexico,2024-04-22,11,Monterrey,Cumbres Poniente,1,1,49.6,0.0
Mexico,2024-04-22,11,Monterrey,La Fe,4,5,248.3,0.0
Mexico,2024-04-22,11,Monterrey,MTY_Guadalupe,5,5,272.0,0.0
Mexico,2024-04-22,11,Monterrey,Independencia,6,5,261.5,0.0
Mexico,2024-04-22,11,Monterrey,Tec,5,5,294.2,0.0
Mexico,2024-04-22,12,Monterrey,Centro,5,5,275.8,0.0
Mexico,2024-04-22,12,Monterrey,Mitras Centro,9,8,457.1,0.0
Mexico,2024-04-22,12,Monterrey,Apodaca Centro,6,7,348.5,0.0
Mexico,2024-04-22,12,Monterrey,Escobedo,1,2,91.8,0.0
Mexico,2024-04-22,12,Monterrey,Carretera Nacional,3,3,164.5,0.0
Mexico,2024-04-22,12,Monterrey,MTY_Apodaca_Huinalá,9,6,312.8,0.0
Mexico,2024-04-22,12,Monterrey,San Nicolás,7,9,439.9,0.0
Mexico,2024-04-22,12,Monterrey,Santa Catarina,8,5,274.6,0.0
Mexico,2024-04-22,12,Monterrey,San Pedro,3,4,228.2,0.0
Mexico,2024-04-22,12,Monterrey,Cumbres Poniente,6,6,278.8,0.0
Mexico,2024-04-22,12,Monterrey,La Fe,6,5,272.5,0.0
Mexico,2024-04-22,12,Monterrey,MTY_Guadalupe,8,6,280.9,0.0
Mexico,2024-04-22,12,Monterrey,Independencia,1,1,58.5,0.0
Mexico,2024-04-22,12,Monterrey,Tec,7,7,383.6,0.0
Mexico,2024-04-22,13,Monterrey,Centro,8,10,561.2,0.0
Mexico,2024-04-22,13,Monterrey,Mitras Centro,8,8,452.5,0.0
Mexico,2024-04-22,13,Monterrey,Apodaca Centro,12,9,456.2,0.0
Mexico,2024-04-22,13,Monterrey,Escobedo,17,15,816.7,0.0
Mexico,2024-04-22,13,Monterrey,Carretera Nacional,11,13,600.9,0.0
Mexico,2024-04-22,13,Monterrey,MTY_Apodaca_Huinalá,11,10,565.3,0.0
Mexico,2024-04-22,13,Monterrey,San Nicolás,4,6,358.9,0.0
Mexico,2024-04-22,13,Monterrey,Santa Catarina,8,6,340.6,0.0
Mexico,2024-04-22,13,Monterrey,San Pedro,10,11,657.3,0.0
Mexico,2024-04-22,13,Monterrey,Cumbres Poniente,17,15,684.1,0.0
Mexico,2024-04-22,13,Monterrey,La Fe,12,13,622.9,0.0
Mexico,2024-04-22,13,Monterrey,MTY_Guadalupe,12,11,521.0,0.0
Mexico,2024-04-22,13,Monterrey,Independencia,11,9,479.1,0.0
Mexico,2024-04-22,13,Monterrey,Tec,7,9,425.0,0.0
Mexico,2024-04-22,14,Monterrey,Centro,11,8,360.3,0.0
Mexico,2024-04-22,14,Monterrey,Mitras Centro,10,9,424.1,0.0
Mexico,2024-04-22,14,Monterrey,Apodaca Centro,17,18,1022.0,0.0
Mexico,2024-04-22,14,Monterrey,Escobedo,15,12,625.1,0.0
Mexico,2024-04-22,14,Monterrey,Carretera Nacional,5,6,301.3,0.0
Mexico,2024-04-22,14,Monterrey,MTY_Apodaca_Huinalá,9,10,470.0,0.0
Mexico,2024-04-22,14,Monterrey,San Nicolás,8,8,410.2,0.0
Mexico,2024-04-22,14,Monterrey,Santa Catarina,8,7,320.9,0.0
Mexico,2024-04-22,14,Monterrey,San Pedro,6,4,209.4,0.0
Mexico,2024-04-22,14,Monterrey,Cumbres Poniente,8,7,333.2,0.0
Mexico,2024-04-22,14,Monterrey,La Fe,15,13,592.2,0.0
Mexico,2024-04-22,14,Monterrey,MTY_Guadalupe,6,5,297.6,0.0
Mexico,2024-04-22,14,Monterrey,Independencia,8,10,528.1,0.0
Mexico,2024-04-22,14,Monterrey,Tec,14,13,643.6,0.0
Mexico,2024-04-22,15,Monterrey,Centro,5,7,344.4,0.0
Mexico,2024-04-22,15,Monterrey,Mitras Centro,6,6,346.9,0.0
Mexico,2024-04-22,15,Monterrey,Apodaca Centro,7,4,200.7,0.0
Mexico,2024-04-22,15,Monterrey,Escobedo,6,7,332.1,0.0
Mexico,2024-04-22,15,Monterrey,Carretera Nacional,7,6,343.9,0.0
Mexico,2024-04-22,15,Monterrey,MTY_Apodaca_Huinalá,5,3,172.2,0.0
Mexico,2024-04-22,15,Monterrey,San Nicolás,6,5,241.2,0.0
Mexico,2024-04-22,15,Monterrey,Santa Catarina,4,3,153.1,0.0
Mexico,2024-04-22,15,Monterrey,San Pedro,10,8,382.5,0.0
Mexico,2024-04-22,15,Monterrey,Cumbres Poniente,6,5,255.1,0.0
Mexico,2024-04-22,15,Monterrey,La Fe,8,9,476.7,0.0
Mexico,2024-04-22,15,Monterrey,MTY_Guadalupe,4,6,309.6,0.0
Mexico,2024-04-22,15,Monterrey,Independencia,7,6,339.2,0.0
Mexico,2024-04-22,15,Monterrey,Tec,10,8,442.6,0.0
Mexico,2024-04-22,16,Monterrey,Centro,12,9,430.4,0.0
Mexico,2024-04-22,16,Monterrey,Mitras Centro,7,9,494.6,0.0
Mexico,2024-04-22,16,Monterrey,Apodaca Centro,6,6,278.2,0.0
Mexico,2024-04-22,16,Monterrey,Escobedo,5,3,139.8,0.0
Mexico,2024-04-22,16,Monterrey,Carretera Nacional,5,4,202.2,0.0
Mexico,2024-04-22,16,Monterrey,MTY_Apodaca_Huinalá,3,2,95.7,0.0
Mexico,2024-04-22,16,Monterrey,San Nicolás,1,1,48.0,0.0
Mexico,2024-04-22,16,Monterrey,Santa Catarina,9,6,277.8,0.0
Mexico,2024-04-22,16,Monterrey,San Pedro,5,6,283.8,0.0
Mexico,2024-04-22,16,Monterrey,Cumbres Poniente,7,5,294.1,0.0
Mexico,2024-04-22,16,Monterrey,La Fe,5,5,244.7,0.0
Mexico,2024-04-22,16,Monterrey,MTY_Guadalupe,11,9,440.3,0.0
Mexico,2024-04-22,16,Monterrey,Independencia,8,9,432.1,0.0
Mexico,2024-04-22,16,Monterrey,Tec,3,4,194.7,0.0
Mexico,2024-04-22,17,Monterrey,Centro,5,4,192.6,0.0
Mexico,2024-04-22,17,Monterrey,Mitras Centro,3,5,262.3,0.0
Mexico,2024-04-22,17,Monterrey,Apodaca Centro,3,3,171.9,0.0
Mexico,2024-04-22,17,Monterrey,Escobedo,8,5,246.3,0.0
Mexico,2024-04-22,17,Monterrey,Carretera Nacional,8,5,284.1,0.0
Mexico,2024-04-22,17,Monterrey,MTY_Apodaca_Huinalá,5,6,326.3,0.0
Mexico,2024-04-22,17,Monterrey,San Nicolás,6,6,323.3,0.0
Mexico,2024-04-22,17,Monterrey,Santa Catarina,9,7,398.8,0.0
Mexico,2024-04-22,17,Monterrey,San Pedro,4,4,204.1,0.0
Mexico,2024-04-22,17,Monterrey,Cumbres Poniente,6,3,170.6,0.0
Mexico,2024-04-22,17,Monterrey,La Fe,3,5,266.8,0.0
Mexico,2024-04-22,17,Monterrey,MTY_Guadalupe,4,2,91.6,0.0
Mexico,2024-04-22,17,Monterrey,Independencia,4,4,201.3,0.0
Mexico,2024-04-22,17,Monterrey,Tec,8,7,345.4,0.0
Mexico,2024-04-22,18,Monterrey,Centro,6,4,223.8,0.0
Mexico,2024-04-22,18,Monterrey,Mitras Centro,2,3,160.3,0.0
Mexico,2024-04-22,18,Monterrey,Apodaca Centro,1,2,114.4,0.0
Mexico,2024-04-22,18,Monterrey,Escobedo,4,4,215.0,0.0
Mexico,2024-04-22,18,Monterrey,Carretera Nacional,3,4,203.1,0.0
Mexico,2024-04-22,18,Monterrey,MTY_Apodaca_Huinalá,2,4,181.5,0.0
Mexico,2024-04-22,18,Monterrey,San Nicolás,4,6,279.6,0.0
Mexico,2024-04-22,18,Monterrey,Santa Catarina,6,6,282.1,0.0
Mexico,2024-04-22,18,Monterrey,San Pedro,1,2,91.3,0.0
Mexico,2024-04-22,18,Monterrey,Cumbres Poniente,3,3,137.9,0.0
Mexico,2024-04-22,18,Monterrey,La Fe,1,2,113.2,0.0
Mexico,2024-04-22,18,Monterrey,MTY_Guadalupe,10,7,416.5,0.0
Mexico,2024-04-22,18,Monterrey,Independencia,1,1,47.7,0.0
Mexico,2024-04-22,18,Monterrey,Tec,8,5,285.9,0.0
Mexico,2024-04-22,19,Monterrey,Centro,6,8,448.4,0.5
Mexico,2024-04-22,19,Monterrey,Mitras Centro,8,6,337.7,0.5
Mexico,2024-04-22,19,Monterrey,Apodaca Centro,12,9,521.2,0.5
Mexico,2024-04-22,19,Monterrey,Escobedo,17,15,835.8,0.5
Mexico,2024-04-22,19,Monterrey,Carretera Nacional,4,3,170.0,0.5
Mexico,2024-04-22,19,Monterrey,MTY_Apodaca_Huinalá,13,10,539.6,0.5
Mexico,2024-04-22,19,Monterrey,San Nicolás,9,10,597.4,0.5
Mexico,2024-04-22,19,Monterrey,Santa Catarina,9,6,312.2,0.5
Mexico,2024-04-22,19,Monterrey,San Pedro,10,9,459.4,0.5
Mexico,2024-04-22,19,Monterrey,Cumbres Poniente,11,13,628.3,0.5
Mexico,2024-04-22,19,Monterrey,La Fe,11,8,442.6,0.5
Mexico,2024-04-22,19,Monterrey,MTY_Guadalupe,15,15,751.4,0.5
Mexico,2024-04-22,19,Monterrey,Independencia,10,7,397.1,0.5
Mexico,2024-04-22,19,Monterrey,Tec,6,8,465.8,0.5
Mexico,2024-04-22,20,Monterrey,Centro,6,5,257.8,0.0
Mexico,2024-04-22,20,Monterrey,Mitras Centro,10,10,514.3,0.0
Mexico,2024-04-22,20,Monterrey,Apodaca Centro,16,15,895.9,0.0
Mexico,2024-04-22,20,Monterrey,Escobedo,16,14,823.1,0.0
Mexico,2024-04-22,20,Monterrey,Carretera Nacional,10,8,360.3,0.0
Mexico,2024-04-22,20,Monterrey,MTY_Apodaca_Huinalá,12,13,687.7,0.0
Mexico,2024-04-22,20,Monterrey,San Nicolás,2,4,218.7,0.0
Mexico,2024-04-22,20,Monterrey,Santa Catarina,12,13,613.2,0.0
Mexico,2024-04-22,20,Monterrey,San Pedro,10,8,455.5,0.0
Mexico,2024-04-22,20,Monterrey,Cumbres Poniente,12,13,735.5,0.0
Mexico,2024-04-22,20,Monterrey,La Fe,15,12,684.5,0.0
Mexico,2024-04-22,20,Monterrey,MTY_Guadalupe,12,9,530.1,0.0
Mexico,2024-04-22,20,Monterrey,Independencia,13,13,761.9,0.0
Mexico,2024-04-22,20,Monterrey,Tec,10,12,576.4,0.0
Mexico,2024-04-22,21,Monterrey,Centro,12,13,773.3,0.0
Mexico,2024-04-22,21,Monterrey,Mitras Centro,7,8,462.5,0.0
Mexico,2024-04-22,21,Monterrey,Apodaca Centro,18,15,774.0,0.0
Mexico,2024-04-22,21,Monterrey,Escobedo,17,15,750.9,0.0
Mexico,2024-04-22,21,Monterrey,Carretera Nacional,12,9,479.2,0.0
Mexico,2024-04-22,21,Monterrey,MTY_Apodaca_Huinalá,10,9,424.4,0.0
Mexico,2024-04-22,21,Monterrey,San Nicolás,8,8,463.6,0.0
Mexico,2024-04-22,21,Monterrey,Santa Catarina,11,11,569.1,0.0
Mexico,2024-04-22,21,Monterrey,San Pedro,10,8,425.0,0.0
Mexico,2024-04-22,21,Monterrey,Cumbres Poniente,6,7,373.7,0.0
Mexico,2024-04-22,21,Monterrey,La Fe,13,14,737.3,0.0
Mexico,2024-04-22,21,Monterrey,MTY_Guadalupe,11,8,371.2,0.0
Mexico,2024-04-22,21,Monterrey,Independencia,7,8,469.5,0.0
Mexico,2024-04-22,21,Monterrey,Tec,12,11,578.1,0.0
Mexico,2024-04-22,22,Monterrey,Centro,4,3,162.5,0.0
Mexico,2024-04-22,22,Monterrey,Mitras Centro,11,9,517.9,0.0
Mexico,2024-04-22,22,Monterrey,Apodaca Centro,7,9,508.4,0.0
Mexico,2024-04-22,22,Monterrey,Escobedo,2,4,233.4,0.0
Mexico,2024-04-22,22,Monterrey,Carretera Nacional,7,5,253.9,0.0
Mexico,2024-04-22,22,Monterrey,MTY_Apodaca_Huinalá,4,4,210.6,0.0
Mexico,2024-04-22,22,Monterrey,San Nicolás,7,6,315.6,0.0
Mexico,2024-04-22,22,Monterrey,Santa Catarina,11,10,550.7,0.0
Mexico,2024-04-22,22,Monterrey,San Pedro,10,7,366.6,0.0
Mexico,2024-04-22,22,Monterrey,Cumbres Poniente,6,4,219.0,0.0
Mexico,2024-04-22,22,Monterrey,La Fe,3,1,59.9,0.0
Mexico,2024-04-22,22,Monterrey,MTY_Guadalupe,4,6,314.2,0.0
Mexico,2024-04-22,22,Monterrey,Independencia,3,4,237.9,0.0
Mexico,2024-04-22,22,Monterrey,Tec,8,5,261.1,0.0
Mexico,2024-04-22,23,Monterrey,Centro,2,2,94.4,0.0
Mexico,2024-04-22,23,Monterrey,Mitras Centro,9,11,608.4,0.0
Mexico,2024-04-22,23,Monterrey,Apodaca Centro,3,3,178.6,0.0
Mexico,2024-04-22,23,Monterrey,Escobedo,1,2,101.9,0.0
Mexico,2024-04-22,23,Monterrey,Carretera Nacional,6,3,150.7,0.0
Mexico,2024-04-22,23,Monterrey,MTY_Apodaca_Huinalá,12,10,547.6,0.0
Mexico,2024-04-22,23,Monterrey,San Nicolás,4,6,345.4,0.0
Mexico,2024-04-22,23,Monterrey,Santa Catarina,9,7,380.4,0.0
Mexico,2024-04-22,23,Monterrey,San Pedro,6,4,216.2,0.0
Mexico,2024-04-22,23,Monterrey,Cumbres Poniente,9,9,498.3,0.0
Mexico,2024-04-22,23,Monterrey,La Fe,2,4,209.0,0.0
Mexico,2024-04-22,23,Monterrey,MTY_Guadalupe,5,7,355.0,0.0
Mexico,2024-04-22,23,Monterrey,Independencia,6,6,359.7,0.0
Mexico,2024-04-22,23,Monterrey,Tec,8,5,279.4,0.0
Mexico,2024-04-23,0,Monterrey,Centro,6,5,258.5,0.0
Mexico,2024-04-23,0,Monterrey,Mitras Centro,5,5,230.8,0.0
Mexico,2024-04-23,0,Monterrey,Apodaca Centro,15,12,710.4,0.0
Mexico,2024-04-23,0,Monterrey,Escobedo,8,6,349.8,0.0
Mexico,2024-04-23,0,Monterrey,Carretera Nacional,7,5,226.6,0.0
Mexico,2024-04-23,0,Monterrey,MTY_Apodaca_Huinalá,3,2,104.3,0.0
Mexico,2024-04-23,0,Monterrey,San Nicolás,2,4,213.3,0.0
Mexico,2024-04-23,0,Monterrey,Santa Catarina,3,4,229.5,0.0
Mexico,2024-04-23,0,Monterrey,San Pedro,6,4,196.2,0.0
Mexico,2024-04-23,0,Monterrey,Cumbres Poniente,3,5,248.0,0.0
Mexico,2024-04-23,0,Monterrey,La Fe,6,5,282.4,0.0
Mexico,2024-04-23,0,Monterrey,MTY_Guadalupe,4,3,179.5,0.0
Mexico,2024-04-23,0,Monterrey,Independencia,13,11,589.9,0.0
Mexico,2024-04-23,0,Monterrey,Tec,11,8,400.4,0.0
Mexico,2024-04-23,1,Monterrey,Centro,8,7,382.9,0.0
Mexico,2024-04-23,1,Monterrey,Mitras Centro,10,7,349.0,0.0
Mexico,2024-04-23,1,Monterrey,Apodaca Centro,6,3,140.1,0.0
Mexico,2024-04-23,1,Monterrey,Escobedo,5,4,226.5,0.0
Mexico,2024-04-23,1,Monterrey,Carretera Nacional,6,4,189.6,0.0
Mexico,2024-04-23,1,Monterrey,MTY_Apodaca_Huinalá,3,2,114.8,0.0
Mexico,2024-04-23,1,Monterrey,San Nicolás,4,4,188.7,0.0
Mexico,2024-04-23,1,Monterrey,Santa Catarina,2,2,101.8,0.0
Mexico,2024-04-23,1,Monterrey,San Pedro,3,4,191.2,0.0
Mexico,2024-04-23,1,Monterrey,Cumbres Poniente,7,5,256.8,0.0
Mexico,2024-04-23,1,Monterrey,La Fe,7,4,196.9,0.0
Mexico,2024-04-23,1,Monterrey,MTY_Guadalupe,6,6,318.0,0.0
Mexico,2024-04-23,1,Monterrey,Independencia,6,3,175.2,0.0
Mexico,2024-04-23,1,Monterrey,Tec,3,5,288.7,0.0
Mexico,2024-04-23,2,Monterrey,Centro,2,3,176.4,0.0
Mexico,2024-04-23,2,Monterrey,Mitras Centro,5,2,91.0,0.0
Mexico,2024-04-23,2,Monterrey,Apodaca Centro,1,2,91.3,0.0
Mexico,2024-04-23,2,Monterrey,Escobedo,12,11,651.5,0.0
Mexico,2024-04-23,2,Monterrey,Carretera Nacional,1,2,115.4,0.0
Mexico,2024-04-23,2,Monterrey,MTY_Apodaca_Huinalá,7,8,395.5,0.0
Mexico,2024-04-23,2,Monterrey,San Nicolás,7,5,259.9,0.0
Mexico,2024-04-23,2,Monterrey,Santa Catarina,3,1,50.3,0.0
Mexico,2024-04-23,2,Monterrey,San Pedro,7,4,190.3,0.0
Mexico,2024-04-23,2,Monterrey,Cumbres Poniente,4,5,231.7,0.0
Mexico,2024-04-23,2,Monterrey,La Fe,7,6,323.3,0.0
Mexico,2024-04-23,2,Monterrey,MTY_Guadalupe,8,6,299.1,0.0
Mexico,2024-04-23,2,Monterrey,Independencia,3,5,235.5,0.0
Mexico,2024-04-23,2,Monterrey,Tec,4,1,48.9,0.0
Mexico,2024-04-23,3,Monterrey,Centro,4,4,194.4,0.0
Mexico,2024-04-23,3,Monterrey,Mitras Centro,7,6,271.8,0.0
Mexico,2024-04-23,3,Monterrey,Apodaca Centro,9,6,300.9,0.0
Mexico,2024-04-23,3,Monterrey,Escobedo,8,9,428.7,0.0
Mexico,2024-04-23,3,Monterrey,Carretera Nacional,8,5,261.3,0.0
Mexico,2024-04-23,3,Monterrey,MTY_Apodaca_Huinalá,5,7,362.2,0.0
Mexico,2024-04-23,3,Monterrey,San Nicolás,6,5,299.2,0.0
Mexico,2024-04-23,3,Monterrey,Santa Catarina,3,2,112.8,0.0
Mexico,2024-04-23,3,Monterrey,San Pedro,5,2,94.2,0.0
Mexico,2024-04-23,3,Monterrey,Cumbres Poniente,6,6,330.5,0.0
Mexico,2024-04-23,3,Monterrey,La Fe,8,9,522.1,0.0
Mexico,2024-04-23,3,Monterrey,MTY_Guadalupe,3,5,241.3,0.0
Mexico,2024-04-23,3,Monterrey,Independencia,2,4,198.7,0.0
Mexico,2024-04-23,3,Monterrey,Tec,6,3,176.5,0.0
Mexico,2024-04-23,4,Monterrey,Centro,3,2,90.5,0.0
Mexico,2024-04-23,4,Monterrey,Mitras Centro,5,2,109.9,0.0
Mexico,2024-04-23,4,Monterrey,Apodaca Centro,1,3,166.0,0.0
Mexico,2024-04-23,4,Monterrey,Escobedo,7,5,237.7,0.0
Mexico,2024-04-23,4,Monterrey,Carretera Nacional,15,12,655.3,0.0
Mexico,2024-04-23,4,Monterrey,MTY_Apodaca_Huinalá,2,3,177.3,0.0
Mexico,2024-04-23,4,Monterrey,San Nicolás,5,3,136.0,0.0
Mexico,2024-04-23,4,Monterrey,Santa Catarina,7,5,294.4,0.0
Mexico,2024-04-23,4,Monterrey,San Pedro,1,3,161.3,0.0
Mexico,2024-04-23,4,Monterrey,Cumbres Poniente,8,5,274.2,0.0
Mexico,2024-04-23,4,Monterrey,La Fe,9,6,298.3,0.0
Mexico,2024-04-23,4,Monterrey,MTY_Guadalupe,6,7,351.2,0.0
Mexico,2024-04-23,4,Monterrey,Independencia,9,7,331.0,0.0
Mexico,2024-04-23,4,Monterrey,Tec,4,4,236.2,0.0
Mexico,2024-04-23,5,Monterrey,Centro,8,6,279.8,0.0
Mexico,2024-04-23,5,Monterrey,Mitras Centro,6,6,289.4,0.0
Mexico,2024-04-23,5,Monterrey,Apodaca Centro,3,5,267.5,0.0
Mexico,2024-04-23,5,Monterrey,Escobedo,6,4,223.9,0.0
Mexico,2024-04-23,5,Monterrey,Carretera Nacional,10,9,460.4,0.0
Mexico,2024-04-23,5,Monterrey,MTY_Apodaca_Huinalá,1,2,103.4,0.0
Mexico,2024-04-23,5,Monterrey,San Nicolás,6,4,209.4,0.0
Mexico,2024-04-23,5,Monterrey,Santa Catarina,10,8,383.0,0.0
Mexico,2024-04-23,5,Monterrey,San Pedro,5,5,277.5,0.0
Mexico,2024-04-23,5,Monterrey,Cumbres Poniente,2,3,163.3,0.0
Mexico,2024-04-23,5,Monterrey,La Fe,9,6,339.3,0.0
Mexico,2024-04-23,5,Monterrey,MTY_Guadalupe,4,5,230.7,0.0
Mexico,2024-04-23,5,Monterrey,Independencia,12,10,545.7,0.0
Mexico,2024-04-23,5,Monterrey,Tec,6,4,233.0,0.0
Mexico,2024-04-23,6,Monterrey,Centro,4,5,279.9,0.0
Mexico,2024-04-23,6,Monterrey,Mitras Centro,4,6,346.4,0.0
Mexico,2024-04-23,6,Monterrey,Apodaca Centro,4,3,175.1,0.0
Mexico,2024-04-23,6,Monterrey,Escobedo,1,3,179.2,0.0
Mexico,2024-04-23,6,Monterrey,Carretera Nacional,7,8,367.5,0.0
Mexico,2024-04-23,6,Monterrey,MTY_Apodaca_Huinalá,9,9,466.6,0.0
Mexico,2024-04-23,6,Monterrey,San Nicolás,9,11,598.9,0.0
Mexico,2024-04-23,6,Monterrey,Santa Catarina,6,3,163.7,0.0
Mexico,2024-04-23,6,Monterrey,San Pedro,4,6,314.2,0.0
Mexico,2024-04-23,6,Monterrey,Cumbres Poniente,8,10,561.4,0.0
Mexico,2024-04-23,6,Monterrey,La Fe,5,5,254.9,0.0
Mexico,2024-04-23,6,Monterrey,MTY_Guadalupe,1,1,57.5,0.0
Mexico,2024-04-23,6,Monterrey,Independencia,9,6,346.2,0.0
Mexico,2024-04-23,6,Monterrey,Tec,6,8,462.1,0.0
Mexico,2024-04-23,7,Monterrey,Centro,8,5,227.3,0.0
Mexico,2024-04-23,7,Monterrey,Mitras Centro,6,7,345.4,0.0
Mexico,2024-04-23,7,Monterrey,Apodaca Centro,8,8,379.9,0.0
Mexico,2024-04-23,7,Monterrey,Escobedo,7,6,298.1,0.0
Mexico,2024-04-23,7,Monterrey,Carretera Nacional,7,6,302.0,0.0
Mexico,2024-04-23,7,Monterrey,MTY_Apodaca_Huinalá,5,2,107.4,0.0
Mexico,2024-04-23,7,Monterrey,San Nicolás,2,3,179.1,0.0
Mexico,2024-04-23,7,Monterrey,Santa Catarina,8,5,238.2,0.0
Mexico,2024-04-23,7,Monterrey,San Pedro,1,3,146.4,0.0
Mexico,2024-04-23,7,Monterrey,Cumbres Poniente,1,2,108.9,0.0
Mexico,2024-04-23,7,Monterrey,La Fe,10,8,406.3,0.0
Mexico,2024-04-23,7,Monterrey,MTY_Guadalupe,2,2,111.6,0.0
Mexico,2024-04-23,7,Monterrey,Independencia,4,5,227.8,0.0
Mexico,2024-04-23,7,Monterrey,Tec,12,9,534.3,0.0
Mexico,2024-04-23,8,Monterrey,Centro,4,3,148.0,0.0
Mexico,2024-04-23,8,Monterrey,Mitras Centro,7,5,289.6,0.0
Mexico,2024-04-23,8,Monterrey,Apodaca Centro,3,2,116.3,0.0
Mexico,2024-04-23,8,Monterrey,Escobedo,3,5,283.3,0.0
Mexico,2024-04-23,8,Monterrey,Carretera Nacional,6,8,408.1,0.0
Mexico,2024-04-23,8,Monterrey,MTY_Apodaca_Huinalá,10,8,469.1,0.0
Mexico,2024-04-23,8,Monterrey,San Nicolás,6,4,180.2,0.0
Mexico,2024-04-23,8,Monterrey,Santa Catarina,2,4,190.4,0.0
Mexico,2024-04-23,8,Monterrey,San Pedro,6,8,413.3,0.0
Mexico,2024-04-23,8,Monterrey,Cumbres Poniente,3,3,175.3,0.0
Mexico,2024-04-23,8,Monterrey,La Fe,4,6,349.8,0.0
Mexico,2024-04-23,8,Monterrey,MTY_Guadalupe,8,10,498.1,0.0
Mexico,2024-04-23,8,Monterrey,Independencia,8,5,285.6,0.0
Mexico,2024-04-23,8,Monterrey,Tec,1,2,104.1,0.0
Mexico,2024-04-23,9,Monterrey,Centro,1,3,179.8,0.0
Mexico,2024-04-23,9,Monterrey,Mitras Centro,3,3,142.9,0.0
Mexico,2024-04-23,9,Monterrey,Apodaca Centro,7,6,346.4,0.0
Mexico,2024-04-23,9,Monterrey,Escobedo,6,8,382.8,0.0
Mexico,2024-04-23,9,Monterrey,Carretera Nacional,2,4,226.0,0.0
Mexico,2024-04-23,9,Monterrey,MTY_Apodaca_Huinalá,7,7,419.9,0.0
Mexico,2024-04-23,9,Monterrey,San Nicolás,6,6,357.0,0.0
Mexico,2024-04-23,9,Monterrey,Santa Catarina,5,4,180.4,0.0
Mexico,2024-04-23,9,Monterrey,San Pedro,6,7,419.0,0.0
Mexico,2024-04-23,9,Monterrey,Cumbres Poniente,3,4,201.4,0.0
Mexico,2024-04-23,9,Monterrey,La Fe,6,8,403.0,0.0
Mexico,2024-04-23,9,Monterrey,MTY_Guadalupe,9,6,319.8,0.0
Mexico,2024-04-23,9,Monterrey,Independencia,4,5,280.9,0.0
Mexico,2024-04-23,9,Monterrey,Tec,6,5,253.3,0.0
Mexico,2024-04-23,10,Monterrey,Centro,2,2,91.7,0.0
Mexico,2024-04-23,10,Monterrey,Mitras Centro,14,11,574.8,0.0
Mexico,2024-04-23,10,Monterrey,Apodaca Centro,7,6,343.8,0.0
Mexico,2024-04-23,10,Monterrey,Escobedo,8,5,262.6,0.0
Mexico,2024-04-23,10,Monterrey,Carretera Nacional,7,7,378.5,0.0
Mexico,2024-04-23,10,Monterrey,MTY_Apodaca_Huinalá,7,7,346.3,0.0
Mexico,2024-04-23,10,Monterrey,San Nicolás,3,0,0.0,0.0
Mexico,2024-04-23,10,Monterrey,Santa Catarina,5,5,294.0,0.0
Mexico,2024-04-23,10,Monterrey,San Pedro,2,2,95.0,0.0
Mexico,2024-04-23,10,Monterrey,Cumbres Poniente,2,4,237.9,0.0
Mexico,2024-04-23,10,Monterrey,La Fe,6,5,292.3,0.0
Mexico,2024-04-23,10,Monterrey,MTY_Guadalupe,3,4,204.8,0.0
Mexico,2024-04-23,10,Monterrey,Independencia,1,2,114.8,0.0
Mexico,2024-04-23,10,Monterrey,Tec,9,7,356.7,0.0
Mexico,2024-04-23,11,Monterrey,Centro,9,7,333.5,0.0
Mexico,2024-04-23,11,Monterrey,Mitras Centro,4,5,256.0,0.0
Mexico,2024-04-23,11,Monterrey,Apodaca Centro,5,4,222.1,0.0
Mexico,2024-04-23,11,Monterrey,Escobedo,9,9,409.0,0.0
Mexico,2024-04-23,11,Monterrey,Carretera Nacional,6,4,205.5,0.0
Mexico,2024-04-23,11,Monterrey,MTY_Apodaca_Huinalá,4,2,106.3,0.0
Mexico,2024-04-23,11,Monterrey,San Nicolás,7,5,245.4,0.0
Mexico,2024-04-23,11,Monterrey,Santa Catarina,8,10,599.8,0.0
Mexico,2024-04-23,11,Monterrey,San Pedro,4,5,257.3,0.0
Mexico,2024-04-23,11,Monterrey,Cumbres Poniente,5,5,269.7,0.0
Mexico,2024-04-23,11,Monterrey,La Fe,2,4,229.8,0.0
Mexico,2024-04-23,11,Monterrey,MTY_Guadalupe,4,4,205.0,0.0
Mexico,2024-04-23,11,Monterrey,Independencia,4,2,104.8,0.0
Mexico,2024-04-23,11,Monterrey,Tec,3,5,248.8,0.0
Mexico,2024-04-23,12,Monterrey,Centro,7,4,222.3,0.0
Mexico,2024-04-23,12,Monterrey,Mitras Centro,8,6,334.2,0.0
Mexico,2024-04-23,12,Monterrey,Apodaca Centro,6,6,356.9,0.0
Mexico,2024-04-23,12,Monterrey,Escobedo,4,4,194.0,0.0
Mexico,2024-04-23,12,Monterrey,Carretera Nacional,3,4,207.9,0.0
Mexico,2024-04-23,12,Monterrey,MTY_Apodaca_Huinalá,1,1,51.5,0.0
Mexico,2024-04-23,12,Monterrey,San Nicolás,1,1,48.4,0.0
Mexico,2024-04-23,12,Monterrey,Santa Catarina,4,6,321.1,0.0
Mexico,2024-04-23,12,Monterrey,San Pedro,2,4,214.8,0.0
Mexico,2024-04-23,12,Monterrey,Cumbres Poniente,5,4,236.5,0.0
Mexico,2024-04-23,12,Monterrey,La Fe,3,5,258.6,0.0
Mexico,2024-04-23,12,Monterrey,MTY_Guadalupe,5,3,175.5,0.0
Mexico,2024-04-23,12,Monterrey,Independencia,4,5,289.8,0.0
Mexico,2024-04-23,12,Monterrey,Tec,13,10,583.7,0.0
Mexico,2024-04-23,13,Monterrey,Centro,16,13,755.4,0.0
Mexico,2024-04-23,13,Monterrey,Mitras Centro,12,9,407.4,0.0
Mexico,2024-04-23,13,Monterrey,Apodaca Centro,14,11,588.3,0.0
Mexico,2024-04-23,13,Monterrey,Escobedo,10,9,466.1,0.0
Mexico,2024-04-23,13,Monterrey,Carretera Nacional,12,11,536.7,0.0
Mexico,2024-04-23,13,Monterrey,MTY_Apodaca_Huinalá,8,7,365.0,0.0
Mexico,2024-04-23,13,Monterrey,San Nicolás,11,8,458.1,0.0
Mexico,2024-04-23,13,Monterrey,Santa Catarina,22,19,1012.4,0.0
Mexico,2024-04-23,13,Monterrey,San Pedro,9,11,621.9,0.0
Mexico,2024-04-23,13,Monterrey,Cumbres Poniente,14,13,759.3,0.0
Mexico,2024-04-23,13,Monterrey,La Fe,13,11,568.8,0.0
Mexico,2024-04-23,13,Monterrey,MTY_Guadalupe,14,12,697.2,0.0
Mexico,2024-04-23,13,Monterrey,Independencia,14,11,514.1,0.0
Mexico,2024-04-23,13,Monterrey,Tec,9,11,601.7,0.0
Mexico,2024-04-23,14,Monterrey,Centro,12,14,790.6,0.0
Mexico,2024-04-23,14,Monterrey,Mitras Centro,11,9,440.7,0.0
Mexico,2024-04-23,14,Monterrey,Apodaca Centro,7,9,477.5,0.0
Mexico,2024-04-23,14,Monterrey,Escobedo,10,7,393.7,0.0
Mexico,2024-04-23,14,Monterrey,Carretera Nacional,11,8,453.3,0.0
Mexico,2024-04-23,14,Monterrey,MTY_Apodaca_Huinalá,11,12,570.4,0.0
Mexico,2024-04-23,14,Monterrey,San Nicolás,10,9,463.0,0.0
Mexico,2024-04-23,14,Monterrey,Santa Catarina,16,15,884.3,0.0
Mexico,2024-04-23,14,Monterrey,San Pedro,6,7,410.7,0.0
Mexico,2024-04-23,14,Monterrey,Cumbres Poniente,9,7,380.8,0.0
Mexico,2024-04-23,14,Monterrey,La Fe,10,11,603.2,0.0
Mexico,2024-04-23,14,Monterrey,MTY_Guadalupe,14,14,630.3,0.0
Mexico,2024-04-23,14,Monterrey,Independencia,12,10,496.1,0.0
Mexico,2024-04-23,14,Monterrey,Tec,4,6,355.6,0.0
Mexico,2024-04-23,15,Monterrey,Centro,8,7,399.6,0.0
Mexico,2024-04-23,15,Monterrey,Mitras Centro,6,6,272.1,0.0
Mexico,2024-04-23,15,Monterrey,Apodaca Centro,10,10,485.7,0.0
Mexico,2024-04-23,15,Monterrey,Escobedo,2,2,101.0,0.0
Mexico,2024-04-23,15,Monterrey,Carretera Nacional,5,3,160.5,0.0
Mexico,2024-04-23,15,Monterrey,MTY_Apodaca_Huinalá,6,8,441.2,0.0
Mexico,2024-04-23,15,Monterrey,San Nicolás,4,3,179.2,0.0
Mexico,2024-04-23,15,Monterrey,Santa Catarina,4,6,297.4,0.0
Mexico,2024-04-23,15,Monterrey,San Pedro,5,4,195.8,0.0
Mexico,2024-04-23,15,Monterrey,Cumbres Poniente,10,12,649.8,0.0
Mexico,2024-04-23,15,Monterrey,La Fe,9,7,404.3,0.0
Mexico,2024-04-23,15,Monterrey,MTY_Guadalupe,3,0,0.0,0.0
Mexico,2024-04-23,15,Monterrey,Independencia,6,5,299.2,0.0
Mexico,2024-04-23,15,Monterrey,Tec,4,4,189.0,0.0
Mexico,2024-04-23,16,Monterrey,Centro,1,2,104.6,0.0
Mexico,2024-04-23,16,Monterrey,Mitras Centro,6,3,147.1,0.0
Mexico,2024-04-23,16,Monterrey,Apodaca Centro,4,6,285.6,0.0
Mexico,2024-04-23,16,Monterrey,Escobedo,4,4,188.0,0.0
Mexico,2024-04-23,16,Monterrey,Carretera Nacional,4,3,165.4,0.0
Mexico,2024-04-23,16,Monterrey,MTY_Apodaca_Huinalá,4,4,197.3,0.0
Mexico,2024-04-23,16,Monterrey,San Nicolás,6,4,180.4,0.0
Mexico,2024-04-23,16,Monterrey,Santa Catarina,8,6,272.3,0.0
Mexico,2024-04-23,16,Monterrey,San Pedro,4,1,51.8,0.0
Mexico,2024-04-23,16,Monterrey,Cumbres Poniente,5,2,109.2,0.0
Mexico,2024-04-23,16,Monterrey,La Fe,6,5,279.6,0.0
Mexico,2024-04-23,16,Monterrey,MTY_Guadalupe,1,3,146.3,0.0
Mexico,2024-04-23,16,Monterrey,Independencia,3,2,106.7,0.0
Mexico,2024-04-23,16,Monterrey,Tec,4,5,282.0,0.0
Mexico,2024-04-23,17,Monterrey,Centro,1,2,91.4,2.5
Mexico,2024-04-23,17,Monterrey,Mitras Centro,2,2,108.4,2.5
Mexico,2024-04-23,17,Monterrey,Apodaca Centro,3,8,409.7,2.5
Mexico,2024-04-23,17,Monterrey,Escobedo,1,3,142.7,2.5
Mexico,2024-04-23,17,Monterrey,Carretera Nacional,1,5,298.1,2.5
Mexico,2024-04-23,17,Monterrey,MTY_Apodaca_Huinalá,4,4,213.7,2.5
Mexico,2024-04-23,17,Monterrey,San Nicolás,1,4,222.1,2.5
Mexico,2024-04-23,17,Monterrey,Santa Catarina,2,3,145.1,2.5
Mexico,2024-04-23,17,Monterrey,San Pedro,3,8,473.3,2.5
Mexico,2024-04-23,17,Monterrey,Cumbres Poniente,4,6,286.8,2.5
Mexico,2024-04-23,17,Monterrey,La Fe,1,2,112.0,2.5
Mexico,2024-04-23,17,Monterrey,MTY_Guadalupe,3,3,169.4,2.5
Mexico,2024-04-23,17,Monterrey,Independencia,3,3,159.4,2.5
Mexico,2024-04-23,17,Monterrey,Tec,8,9,413.8,2.5
Mexico,2024-04-23,18,Monterrey,Centro,9,9,452.5,0.0
Mexico,2024-04-23,18,Monterrey,Mitras Centro,8,6,340.1,0.0
Mexico,2024-04-23,18,Monterrey,Apodaca Centro,2,2,110.1,0.0
Mexico,2024-04-23,18,Monterrey,Escobedo,4,5,296.6,0.0
Mexico,2024-04-23,18,Monterrey,Carretera Nacional,4,6,309.5,0.0
Mexico,2024-04-23,18,Monterrey,MTY_Apodaca_Huinalá,1,2,119.4,0.0
Mexico,2024-04-23,18,Monterrey,San Nicolás,8,6,339.2,0.0
Mexico,2024-04-23,18,Monterrey,Santa Catarina,4,6,345.6,0.0
Mexico,2024-04-23,18,Monterrey,San Pedro,5,7,316.5,0.0
Mexico,2024-04-23,18,Monterrey,Cumbres Poniente,1,3,156.1,0.0
Mexico,2024-04-23,18,Monterrey,La Fe,9,6,314.3,0.0
Mexico,2024-04-23,18,Monterrey,MTY_Guadalupe,4,4,216.4,0.0
Mexico,2024-04-23,18,Monterrey,Independencia,4,5,264.1,0.0
Mexico,2024-04-23,18,Monterrey,Tec,2,4,215.7,0.0
Mexico,2024-04-23,19,Monterrey,Centro,8,10,599.1,0.5
Mexico,2024-04-23,19,Monterrey,Mitras Centro,7,8,409.1,0.5
Mexico,2024-04-23,19,Monterrey,Apodaca Centro,10,8,445.0,0.5
Mexico,2024-04-23,19,Monterrey,Escobedo,10,10,571.1,0.5
Mexico,2024-04-23,19,Monterrey,Carretera Nacional,17,14,802.5,0.5
Mexico,2024-04-23,19,Monterrey,MTY_Apodaca_Huinalá,9,11,545.2,0.5
Mexico,2024-04-23,19,Monterrey,San Nicolás,18,15,763.2,0.5
Mexico,2024-04-23,19,Monterrey,Santa Catarina,10,11,600.0,0.5
Mexico,2024-04-23,19,Monterrey,San Pedro,10,12,682.4,0.5
Mexico,2024-04-23,19,Monterrey,Cumbres Poniente,7,7,387.7,0.5
Mexico,2024-04-23,19,Monterrey,La Fe,11,8,407.5,0.5
Mexico,2024-04-23,19,Monterrey,MTY_Guadalupe,14,12,574.0,0.5
Mexico,2024-04-23,19,Monterrey,Independencia,6,6,295.8,0.5
Mexico,2024-04-23,19,Monterrey,Tec,10,12,717.1,0.5
Mexico,2024-04-23,20,Monterrey,Centro,13,11,608.2,0.0
Mexico,2024-04-23,20,Monterrey,Mitras Centro,11,10,454.9,0.0
Mexico,2024-04-23,20,Monterrey,Apodaca Centro,8,7,405.4,0.0
Mexico,2024-04-23,20,Monterrey,Escobedo,10,9,440.0,0.0
Mexico,2024-04-23,20,Monterrey,Carretera Nacional,8,10,451.9,0.0
Mexico,2024-04-23,20,Monterrey,MTY_Apodaca_Huinalá,12,10,594.8,0.0
Mexico,2024-04-23,20,Monterrey,San Nicolás,17,14,802.4,0.0
Mexico,2024-04-23,20,Monterrey,Santa Catarina,5,7,362.4,0.0
Mexico,2024-04-23,20,Monterrey,San Pedro,15,15,686.0,0.0
Mexico,2024-04-23,20,Monterrey,Cumbres Poniente,11,11,642.8,0.0
Mexico,2024-04-23,20,Monterrey,La Fe,13,14,837.6,0.0
Mexico,2024-04-23,20,Monterrey,MTY_Guadalupe,9,8,398.8,0.0
Mexico,2024-04-23,20,Monterrey,Independencia,8,9,436.9,0.0
Mexico,2024-04-23,20,Monterrey,Tec,9,10,594.1,0.0
Mexico,2024-04-23,21,Monterrey,Centro,8,7,391.3,0.0
Mexico,2024-04-23,21,Monterrey,Mitras Centro,9,9,425.4,0.0
Mexico,2024-04-23,21,Monterrey,Apodaca Centro,7,9,460.2,0.0
Mexico,2024-04-23,21,Monterrey,Escobedo,12,9,472.6,0.0
Mexico,2024-04-23,21,Monterrey,Carretera Nacional,11,8,370.3,0.0
Mexico,2024-04-23,21,Monterrey,MTY_Apodaca_Huinalá,13,12,570.0,0.0
Mexico,2024-04-23,21,Monterrey,San Nicolás,17,14,730.3,0.0
Mexico,2024-04-23,21,Monterrey,Santa Catarina,16,18,969.4,0.0
Mexico,2024-04-23,21,Monterrey,San Pedro,8,8,414.9,0.0
Mexico,2024-04-23,21,Monterrey,Cumbres Poniente,12,14,644.3,0.0
Mexico,2024-04-23,21,Monterrey,La Fe,13,12,567.9,0.0
Mexico,2024-04-23,21,Monterrey,MTY_Guadalupe,13,10,512.7,0.0
Mexico,2024-04-23,21,Monterrey,Independencia,11,13,627.6,0.0
Mexico,2024-04-23,21,Monterrey,Tec,10,11,535.2,0.0
Mexico,2024-04-23,22,Monterrey,Centro,7,5,268.1,0.0
Mexico,2024-04-23,22,Monterrey,Mitras Centro,7,6,348.4,0.0
Mexico,2024-04-23,22,Monterrey,Apodaca Centro,3,4,218.0,0.0
Mexico,2024-04-23,22,Monterrey,Escobedo,4,5,281.1,0.0
Mexico,2024-04-23,22,Monterrey,Carretera Nacional,7,4,192.9,0.0
Mexico,2024-04-23,22,Monterrey,MTY_Apodaca_Huinalá,7,8,469.9,0.0
Mexico,2024-04-23,22,Monterrey,San Nicolás,1,1,56.6,0.0
Mexico,2024-04-23,22,Monterrey,Santa Catarina,3,5,247.5,0.0
Mexico,2024-04-23,22,Monterrey,San Pedro,4,6,334.2,0.0
Mexico,2024-04-23,22,Monterrey,Cumbres Poniente,6,5,268.0,0.0
Mexico,2024-04-23,22,Monterrey,La Fe,4,4,195.5,0.0
Mexico,2024-04-23,22,Monterrey,MTY_Guadalupe,8,8,373.3,0.0
Mexico,2024-04-23,22,Monterrey,Independencia,5,7,386.8,0.0
Mexico,2024-04-23,22,Monterrey,Tec,4,3,174.7,0.0
Mexico,2024-04-23,23,Monterrey,Centro,1,3,177.3,0.0
Mexico,2024-04-23,23,Monterrey,Mitras Centro,3,4,197.1,0.0
Mexico,2024-04-23,23,Monterrey,Apodaca Centro,5,4,201.4,0.0
Mexico,2024-04-23,23,Monterrey,Escobedo,5,4,182.7,0.0
Mexico,2024-04-23,23,Monterrey,Carretera Nacional,4,5,279.0,0.0
Mexico,2024-04-23,23,Monterrey,MTY_Apodaca_Huinalá,7,7,370.6,0.0
Mexico,2024-04-23,23,Monterrey,San Nicolás,3,2,118.8,0.0
Mexico,2024-04-23,23,Monterrey,Santa Catarina,5,5,268.7,0.0
Mexico,2024-04-23,23,Monterrey,San Pedro,9,9,534.4,0.0
Mexico,2024-04-23,23,Monterrey,Cumbres Poniente,7,8,442.0,0.0
Mexico,2024-04-23,23,Monterrey,La Fe,5,7,385.3,0.0
Mexico,2024-04-23,23,Monterrey,MTY_Guadalupe,6,3,155.9,0.0
Mexico,2024-04-23,23,Monterrey,Independencia,8,6,290.9,0.0
Mexico,2024-04-23,23,Monterrey,Tec,10,7,355.9,0.0
Mexico,2024-04-24,0,Monterrey,Centro,12,9,432.3,0.0
Mexico,2024-04-24,0,Monterrey,Mitras Centro,8,6,304.1,0.0
Mexico,2024-04-24,0,Monterrey,Apodaca Centro,6,5,240.1,0.0
Mexico,2024-04-24,0,Monterrey,Escobedo,7,6,314.4,0.0
Mexico,2024-04-24,0,Monterrey,Carretera Nacional,6,5,294.2,0.0
Mexico,2024-04-24,0,Monterrey,MTY_Apodaca_Huinalá,1,3,140.5,0.0
Mexico,2024-04-24,0,Monterrey,San Nicolás,7,5,267.2,0.0
Mexico,2024-04-24,0,Monterrey,Santa Catarina,8,8,478.0,0.0
Mexico,2024-04-24,0,Monterrey,San Pedro,10,7,419.6,0.0
Mexico,2024-04-24,0,Monterrey,Cumbres Poniente,4,4,227.9,0.0
Mexico,2024-04-24,0,Monterrey,La Fe,10,7,395.5,0.0
Mexico,2024-04-24,0,Monterrey,MTY_Guadalupe,9,7,395.4,0.0
Mexico,2024-04-24,0,Monterrey,Independencia,10,7,386.6,0.0
Mexico,2024-04-24,0,Monterrey,Tec,9,6,330.3,0.0
Mexico,2024-04-24,1,Monterrey,Centro,4,4,217.2,0.5
Mexico,2024-04-24,1,Monterrey,Mitras Centro,2,3,140.4,0.5
Mexico,2024-04-24,1,Monterrey,Apodaca Centro,2,4,189.5,0.5
Mexico,2024-04-24,1,Monterrey,Escobedo,8,7,348.0,0.5
Mexico,2024-04-24,1,Monterrey,Carretera Nacional,2,4,181.7,0.5
Mexico,2024-04-24,1,Monterrey,MTY_Apodaca_Huinalá,7,8,400.4,0.5
Mexico,2024-04-24,1,Monterrey,San Nicolás,5,3,169.5,0.5
Mexico,2024-04-24,1,Monterrey,Santa Catarina,8,8,391.3,0.5
Mexico,2024-04-24,1,Monterrey,San Pedro,3,2,117.9,0.5
Mexico,2024-04-24,1,Monterrey,Cumbres Poniente,4,5,292.5,0.5
Mexico,2024-04-24,1,Monterrey,La Fe,3,3,141.5,0.5
Mexico,2024-04-24,1,Monterrey,MTY_Guadalupe,7,6,342.4,0.5
Mexico,2024-04-24,1,Monterrey,Independencia,3,5,265.0,0.5
Mexico,2024-04-24,1,Monterrey,Tec,6,6,304.5,0.5
Mexico,2024-04-24,2,Monterrey,Centro,6,8,424.0,0.0
Mexico,2024-04-24,2,Monterrey,Mitras Centro,1,3,177.7,0.0
Mexico,2024-04-24,2,Monterrey,Apodaca Centro,4,6,337.5,0.0
Mexico,2024-04-24,2,Monterrey,Escobedo,9,6,281.0,0.0
Mexico,2024-04-24,2,Monterrey,Carretera Nacional,2,2,110.0,0.0
Mexico,2024-04-24,2,Monterrey,MTY_Apodaca_Huinalá,4,5,286.0,0.0
Mexico,2024-04-24,2,Monterrey,San Nicolás,3,3,149.5,0.0
Mexico,2024-04-24,2,Monterrey,Santa Catarina,3,3,169.3,0.0
Mexico,2024-04-24,2,Monterrey,San Pedro,4,6,288.5,0.0
Mexico,2024-04-24,2,Monterrey,Cumbres Poniente,4,2,91.9,0.0
Mexico,2024-04-24,2,Monterrey,La Fe,10,10,589.2,0.0
Mexico,2024-04-24,2,Monterrey,MTY_Guadalupe,1,1,53.8,0.0
Mexico,2024-04-24,2,Monterrey,Independencia,5,6,302.2,0.0
Mexico,2024-04-24,2,Monterrey,Tec,6,3,176.4,0.0
Mexico,2024-04-24,3,Monterrey,Centro,3,5,246.2,0.0
Mexico,2024-04-24,3,Monterrey,Mitras Centro,7,7,358.6,0.0
Mexico,2024-04-24,3,Monterrey,Apodaca Centro,5,3,142.1,0.0
Mexico,2024-04-24,3,Monterrey,Escobedo,4,4,236.8,0.0
Mexico,2024-04-24,3,Monterrey,Carretera Nacional,1,2,112.4,0.0
Mexico,2024-04-24,3,Monterrey,MTY_Apodaca_Huinalá,1,2,119.6,0.0
Mexico,2024-04-24,3,Monterrey,San Nicolás,4,5,226.3,0.0
Mexico,2024-04-24,3,Monterrey,Santa Catarina,14,12,702.2,0.0
Mexico,2024-04-24,3,Monterrey,San Pedro,5,4,206.5,0.0
Mexico,2024-04-24,3,Monterrey,Cumbres Poniente,4,4,223.5,0.0
Mexico,2024-04-24,3,Monterrey,La Fe,3,5,241.4,0.0
Mexico,2024-04-24,3,Monterrey,MTY_Guadalupe,3,4,228.1,0.0
Mexico,2024-04-24,3,Monterrey,Independencia,5,2,107.8,0.0
Mexico,2024-04-24,3,Monterrey,Tec,3,1,57.4,0.0
Mexico,2024-04-24,4,Monterrey,Centro,7,4,204.7,0.0
Mexico,2024-04-24,4,Monterrey,Mitras Centro,8,5,281.9,0.0
Mexico,2024-04-24,4,Monterrey,Apodaca Centro,11,8,379.3,0.0
Mexico,2024-04-24,4,Monterrey,Escobedo,9,7,315.4,0.0
Mexico,2024-04-24,4,Monterrey,Carretera Nacional,4,4,234.4,0.0
Mexico,2024-04-24,4,Monterrey,MTY_Apodaca_Huinalá,8,5,246.4,0.0
Mexico,2024-04-24,4,Monterrey,San Nicolás,3,2,97.9,0.0
Mexico,2024-04-24,4,Monterrey,Santa Catarina,2,2,118.7,0.0
Mexico,2024-04-24,4,Monterrey,San Pedro,5,4,213.5,0.0
Mexico,2024-04-24,4,Monterrey,Cumbres Poniente,5,4,212.3,0.0
Mexico,2024-04-24,4,Monterrey,La Fe,5,4,231.8,0.0
Mexico,2024-04-24,4,Monterrey,MTY_Guadalupe,6,4,213.8,0.0
Mexico,2024-04-24,4,Monterrey,Independencia,7,7,415.8,0.0
Mexico,2024-04-24,4,Monterrey,Tec,4,2,110.9,0.0
Mexico,2024-04-24,5,Monterrey,Centro,6,5,294.5,0.0
Mexico,2024-04-24,5,Monterrey,Mitras Centro,3,4,197.2,0.0
Mexico,2024-04-24,5,Monterrey,Apodaca Centro,4,3,168.1,0.0
Mexico,2024-04-24,5,Monterrey,Escobedo,4,3,153.3,0.0
Mexico,2024-04-24,5,Monterrey,Carretera Nacional,7,7,387.6,0.0
Mexico,2024-04-24,5,Monterrey,MTY_Apodaca_Huinalá,8,5,271.6,0.0
Mexico,2024-04-24,5,Monterrey,San Nicolás,5,6,310.0,0.0
Mexico,2024-04-24,5,Monterrey,Santa Catarina,6,3,137.9,0.0
Mexico,2024-04-24,5,Monterrey,San Pedro,3,5,288.6,0.0
Mexico,2024-04-24,5,Monterrey,Cumbres Poniente,10,7,419.2,0.0
Mexico,2024-04-24,5,Monterrey,La Fe,7,5,298.3,0.0
Mexico,2024-04-24,5,Monterrey,MTY_Guadalupe,7,5,257.2,0.0
Mexico,2024-04-24,5,Monterrey,Independencia,2,3,173.9,0.0
Mexico,2024-04-24,5,Monterrey,Tec,3,5,275.3,0.0
Mexico,2024-04-24,6,Monterrey,Centro,9,8,460.6,0.0
Mexico,2024-04-24,6,Monterrey,Mitras Centro,3,4,195.9,0.0
Mexico,2024-04-24,6,Monterrey,Apodaca Centro,8,10,510.6,0.0
Mexico,2024-04-24,6,Monterrey,Escobedo,2,3,170.7,0.0
Mexico,2024-04-24,6,Monterrey,Carretera Nacional,10,8,459.1,0.0
Mexico,2024-04-24,6,Monterrey,MTY_Apodaca_Huinalá,3,3,140.7,0.0
Mexico,2024-04-24,6,Monterrey,San Nicolás,4,4,196.3,0.0
Mexico,2024-04-24,6,Monterrey,Santa Catarina,4,2,105.0,0.0
Mexico,2024-04-24,6,Monterrey,San Pedro,11,9,450.6,0.0
Mexico,2024-04-24,6,Monterrey,Cumbres Poniente,4,1,54.0,0.0
Mexico,2024-04-24,6,Monterrey,La Fe,6,4,226.3,0.0
Mexico,2024-04-24,6,Monterrey,MTY_Guadalupe,7,7,367.6,0.0
Mexico,2024-04-24,6,Monterrey,Independencia,3,5,246.7,0.0
Mexico,2024-04-24,6,Monterrey,Tec,6,8,442.1,0.0
Mexico,2024-04-24,7,Monterrey,Centro,2,1,52.6,0.5
Mexico,2024-04-24,7,Monterrey,Mitras Centro,8,5,227.7,0.5
Mexico,2024-04-24,7,Monterrey,Apodaca Centro,1,1,49.0,0.5
Mexico,2024-04-24,7,Monterrey,Escobedo,8,5,236.3,0.5
Mexico,2024-04-24,7,Monterrey,Carretera Nacional,7,4,217.1,0.5
Mexico,2024-04-24,7,Monterrey,MTY_Apodaca_Huinalá,1,2,105.0,0.5
Mexico,2024-04-24,7,Monterrey,San Nicolás,5,3,141.3,0.5
Mexico,2024-04-24,7,Monterrey,Santa Catarina,3,4,218.0,0.5
Mexico,2024-04-24,7,Monterrey,San Pedro,2,4,192.0,0.5
Mexico,2024-04-24,7,Monterrey,Cumbres Poniente,8,5,289.2,0.5
Mexico,2024-04-24,7,Monterrey,La Fe,12,11,656.9,0.5
Mexico,2024-04-24,7,Monterrey,MTY_Guadalupe,6,4,200.0,0.5
Mexico,2024-04-24,7,Monterrey,Independencia,5,5,243.0,0.5
Mexico,2024-04-24,7,Monterrey,Tec,6,3,153.3,0.5
Mexico,2024-04-24,8,Monterrey,Centro,7,7,330.8,0.0
Mexico,2024-04-24,8,Monterrey,Mitras Centro,5,7,364.5,0.0
Mexico,2024-04-24,8,Monterrey,Apodaca Centro,3,3,154.3,0.0
Mexico,2024-04-24,8,Monterrey,Escobedo,2,2,101.5,0.0
Mexico,2024-04-24,8,Monterrey,Carretera Nacional,4,3,150.6,0.0
Mexico,2024-04-24,8,Monterrey,MTY_Apodaca_Huinalá,6,3,156.0,0.0
Mexico,2024-04-24,8,Monterrey,San Nicolás,3,5,290.7,0.0
Mexico,2024-04-24,8,Monterrey,Santa Catarina,4,4,194.2,0.0
Mexico,2024-04-24,8,Monterrey,San Pedro,10,8,470.8,0.0
Mexico,2024-04-24,8,Monterrey,Cumbres Poniente,7,9,423.9,0.0
Mexico,2024-04-24,8,Monterrey,La Fe,6,7,341.8,0.0
Mexico,2024-04-24,8,Monterrey,MTY_Guadalupe,9,6,355.2,0.0
Mexico,2024-04-24,8,Monterrey,Independencia,5,4,233.4,0.0
Mexico,2024-04-24,8,Monterrey,Tec,2,4,215.5,0.0
Mexico,2024-04-24,9,Monterrey,Centro,3,5,288.9,0.0
Mexico,2024-04-24,9,Monterrey,Mitras Centro,3,4,200.6,0.0
Mexico,2024-04-24,9,Monterrey,Apodaca Centro,5,3,159.8,0.0
Mexico,2024-04-24,9,Monterrey,Escobedo,5,4,196.0,0.0
Mexico,2024-04-24,9,Monterrey,Carretera Nacional,7,4,215.9,0.0
Mexico,2024-04-24,9,Monterrey,MTY_Apodaca_Huinalá,6,6,305.0,0.0
Mexico,2024-04-24,9,Monterrey,San Nicolás,11,8,414.4,0.0
Mexico,2024-04-24,9,Monterrey,Santa Catarina,6,5,292.0,0.0
Mexico,2024-04-24,9,Monterrey,San Pedro,1,0,0.0,0.0
Mexico,2024-04-24,9,Monterrey,Cumbres Poniente,12,11,569.4,0.0
Mexico,2024-04-24,9,Monterrey,La Fe,6,4,195.0,0.0
Mexico,2024-04-24,9,Monterrey,MTY_Guadalupe,8,7,324.4,0.0
Mexico,2024-04-24,9,Monterrey,Independencia,7,4,204.2,0.0
Mexico,2024-04-24,9,Monterrey,Tec,6,4,197.0,0.0
Mexico,2024-04-24,10,Monterrey,Centro,2,2,105.7,0.5
Mexico,2024-04-24,10,Monterrey,Mitras Centro,2,4,238.5,0.5
Mexico,2024-04-24,10,Monterrey,Apodaca Centro,6,3,161.5,0.5
Mexico,2024-04-24,10,Monterrey,Escobedo,4,2,112.6,0.5
Mexico,2024-04-24,10,Monterrey,Carretera Nacional,4,3,161.3,0.5
Mexico,2024-04-24,10,Monterrey,MTY_Apodaca_Huinalá,10,7,384.2,0.5
Mexico,2024-04-24,10,Monterrey,San Nicolás,5,4,217.7,0.5
Mexico,2024-04-24,10,Monterrey,Santa Catarina,8,5,261.7,0.5
Mexico,2024-04-24,10,Monterrey,San Pedro,2,3,171.5,0.5
Mexico,2024-04-24,10,Monterrey,Cumbres Poniente,8,5,265.5,0.5
Mexico,2024-04-24,10,Monterrey,La Fe,3,4,207.1,0.5
Mexico,2024-04-24,10,Monterrey,MTY_Guadalupe,4,5,261.7,0.5
Mexico,2024-04-24,10,Monterrey,Independencia,9,9,534.2,0.5
Mexico,2024-04-24,10,Monterrey,Tec,2,4,180.1,0.5
Mexico,2024-04-24,11,Monterrey,Centro,2,1,57.4,0.5
Mexico,2024-04-24,11,Monterrey,Mitras Centro,5,5,268.7,0.5
Mexico,2024-04-24,11,Monterrey,Apodaca Centro,6,6,297.3,0.5
Mexico,2024-04-24,11,Monterrey,Escobedo,7,4,238.0,0.5
Mexico,2024-04-24,11,Monterrey,Carretera Nacional,8,5,231.3,0.5
Mexico,2024-04-24,11,Monterrey,MTY_Apodaca_Huinalá,6,6,275.2,0.5
Mexico,2024-04-24,11,Monterrey,San Nicolás,5,4,212.1,0.5
Mexico,2024-04-24,11,Monterrey,Santa Catarina,7,5,229.2,0.5
Mexico,2024-04-24,11,Monterrey,San Pedro,1,1,55.5,0.5
Mexico,2024-04-24,11,Monterrey,Cumbres Poniente,10,7,348.5,0.5
Mexico,2024-04-24,11,Monterrey,La Fe,6,4,216.4,0.5
Mexico,2024-04-24,11,Monterrey,MTY_Guadalupe,6,7,357.7,0.5
Mexico,2024-04-24,11,Monterrey,Independencia,9,7,329.5,0.5
Mexico,2024-04-24,11,Monterrey,Tec,7,8,461.8,0.5
Mexico,2024-04-24,12,Monterrey,Centro,6,4,224.2,0.0
Mexico,2024-04-24,12,Monterrey,Mitras Centro,1,2,105.2,0.0
Mexico,2024-04-24,12,Monterrey,Apodaca Centro,4,5,252.5,0.0
Mexico,2024-04-24,12,Monterrey,Escobedo,7,5,237.8,0.0
Mexico,2024-04-24,12,Monterrey,Carretera Nacional,10,7,382.4,0.0
Mexico,2024-04-24,12,Monterrey,MTY_Apodaca_Huinalá,7,5,225.2,0.0
Mexico,2024-04-24,12,Monterrey,San Nicolás,4,3,138.5,0.0
Mexico,2024-04-24,12,Monterrey,Santa Catarina,4,3,166.8,0.0
Mexico,2024-04-24,12,Monterrey,San Pedro,3,4,181.6,0.0
Mexico,2024-04-24,12,Monterrey,Cumbres Poniente,6,7,316.1,0.0
Mexico,2024-04-24,12,Monterrey,La Fe,10,8,382.5,0.0
Mexico,2024-04-24,12,Monterrey,MTY_Guadalupe,9,6,347.5,0.0
Mexico,2024-04-24,12,Monterrey,Independencia,5,2,94.0,0.0
Mexico,2024-04-24,12,Monterrey,Tec,4,6,328.5,0.0
Mexico,2024-04-24,13,Monterrey,Centro,14,15,831.1,0.0
Mexico,2024-04-24,13,Monterrey,Mitras Centro,14,11,581.4,0.0
Mexico,2024-04-24,13,Monterrey,Apodaca Centro,14,13,677.0,0.0
Mexico,2024-04-24,13,Monterrey,Escobedo,12,14,769.2,0.0
Mexico,2024-04-24,13,Monterrey,Carretera Nacional,15,12,583.1,0.0
Mexico,2024-04-24,13,Monterrey,MTY_Apodaca_Huinalá,12,9,433.9,0.0
Mexico,2024-04-24,13,Monterrey,San Nicolás,6,8,404.5,0.0
Mexico,2024-04-24,13,Monterrey,Santa Catarina,9,7,337.7,0.0
Mexico,2024-04-24,13,Monterrey,San Pedro,13,13,637.0,0.0
Mexico,2024-04-24,13,Monterrey,Cumbres Poniente,7,6,304.6,0.0
Mexico,2024-04-24,13,Monterrey,La Fe,7,9,521.3,0.0
Mexico,2024-04-24,13,Monterrey,MTY_Guadalupe,10,7,388.4,0.0
Mexico,2024-04-24,13,Monterrey,Independencia,13,11,644.5,0.0
Mexico,2024-04-24,13,Monterrey,Tec,6,4,201.6,0.0
Mexico,2024-04-24,14,Monterrey,Centro,12,13,598.1,0.5
Mexico,2024-04-24,14,Monterrey,Mitras Centro,8,8,422.1,0.5
Mexico,2024-04-24,14,Monterrey,Apodaca Centro,10,12,714.8,0.5
Mexico,2024-04-24,14,Monterrey,Escobedo,4,5,262.1,0.5
Mexico,2024-04-24,14,Monterrey,Carretera Nacional,13,13,594.4,0.5
Mexico,2024-04-24,14,Monterrey,MTY_Apodaca_Huinalá,12,9,497.9,0.5
Mexico,2024-04-24,14,Monterrey,San Nicolás,9,7,368.4,0.5
Mexico,2024-04-24,14,Monterrey,Santa Catarina,14,12,708.8,0.5
Mexico,2024-04-24,14,Monterrey,San Pedro,18,19,986.1,0.5
Mexico,2024-04-24,14,Monterrey,Cumbres Poniente,8,8,438.3,0.5
Mexico,2024-04-24,14,Monterrey,La Fe,11,11,550.9,0.5
Mexico,2024-04-24,14,Monterrey,MTY_Guadalupe,9,11,627.1,0.5
Mexico,2024-04-24,14,Monterrey,Independencia,8,10,599.0,0.5
Mexico,2024-04-24,14,Monterrey,Tec,18,15,823.6,0.5
Mexico,2024-04-24,15,Monterrey,Centro,7,8,394.9,0.0
Mexico,2024-04-24,15,Monterrey,Mitras Centro,8,6,315.2,0.0
Mexico,2024-04-24,15,Monterrey,Apodaca Centro,4,4,209.6,0.0
Mexico,2024-04-24,15,Monterrey,Escobedo,7,4,220.0,0.0
Mexico,2024-04-24,15,Monterrey,Carretera Nacional,9,6,303.9,0.0
Mexico,2024-04-24,15,Monterrey,MTY_Apodaca_Huinalá,3,3,146.6,0.0
Mexico,2024-04-24,15,Monterrey,San Nicolás,8,9,448.2,0.0
Mexico,2024-04-24,15,Monterrey,Santa Catarina,3,2,117.4,0.0
Mexico,2024-04-24,15,Monterrey,San Pedro,7,4,225.7,0.0
Mexico,2024-04-24,15,Monterrey,Cumbres Poniente,5,5,228.5,0.0
Mexico,2024-04-24,15,Monterrey,La Fe,11,9,422.7,0.0
Mexico,2024-04-24,15,Monterrey,MTY_Guadalupe,4,4,199.4,0.0
Mexico,2024-04-24,15,Monterrey,Independencia,7,4,223.7,0.0
Mexico,2024-04-24,15,Monterrey,Tec,9,8,405.3,0.0
Mexico,2024-04-24,16,Monterrey,Centro,6,7,346.9,0.0
Mexico,2024-04-24,16,Monterrey,Mitras Centro,9,6,306.6,0.0
Mexico,2024-04-24,16,Monterrey,Apodaca Centro,4,4,234.0,0.0
Mexico,2024-04-24,16,Monterrey,Escobedo,7,4,212.7,0.0
Mexico,2024-04-24,16,Monterrey,Carretera Nacional,6,6,295.3,0.0
Mexico,2024-04-24,16,Monterrey,MTY_Apodaca_Huinalá,6,7,329.0,0.0
Mexico,2024-04-24,16,Monterrey,San Nicolás,7,6,356.1,0.0
Mexico,2024-04-24,16,Monterrey,Santa Catarina,1,2,95.8,0.0
Mexico,2024-04-24,16,Monterrey,San Pedro,12,9,529.0,0.0
Mexico,2024-04-24,16,Monterrey,Cumbres Poniente,5,6,350.8,0.0
Mexico,2024-04-24,16,Monterrey,La Fe,4,4,226.2,0.0
Mexico,2024-04-24,16,Monterrey,MTY_Guadalupe,7,6,334.6,0.0
Mexico,2024-04-24,16,Monterrey,Independencia,9,6,317.9,0.0
Mexico,2024-04-24,16,Monterrey,Tec,5,5,289.7,0.0
Mexico,2024-04-24,17,Monterrey,Centro,1,3,166.7,0.0
Mexico,2024-04-24,17,Monterrey,Mitras Centro,7,4,199.4,0.0
Mexico,2024-04-24,17,Monterrey,Apodaca Centro,7,8,474.0,0.0
Mexico,2024-04-24,17,Monterrey,Escobedo,11,9,470.4,0.0
Mexico,2024-04-24,17,Monterrey,Carretera Nacional,5,4,219.9,0.0
Mexico,2024-04-24,17,Monterrey,MTY_Apodaca_Huinalá,8,6,354.3,0.0
Mexico,2024-04-24,17,Monterrey,San Nicolás,4,3,156.3,0.0
Mexico,2024-04-24,17,Monterrey,Santa Catarina,5,5,249.3,0.0
Mexico,2024-04-24,17,Monterrey,San Pedro,5,3,162.8,0.0
Mexico,2024-04-24,17,Monterrey,Cumbres Poniente,4,2,119.4,0.0
Mexico,2024-04-24,17,Monterrey,La Fe,7,7,382.7,0.0
Mexico,2024-04-24,17,Monterrey,MTY_Guadalupe,8,9,431.1,0.0
Mexico,2024-04-24,17,Monterrey,Independencia,3,5,242.3,0.0
Mexico,2024-04-24,17,Monterrey,Tec,7,6,293.0,0.0
Mexico,2024-04-24,18,Monterrey,Centro,9,10,518.7,0.0
Mexico,2024-04-24,18,Monterrey,Mitras Centro,3,5,259.5,0.0
Mexico,2024-04-24,18,Monterrey,Apodaca Centro,3,5,270.4,0.0
Mexico,2024-04-24,18,Monterrey,Escobedo,5,2,97.8,0.0
Mexico,2024-04-24,18,Monterrey,Carretera Nacional,9,7,356.8,0.0
Mexico,2024-04-24,18,Monterrey,MTY_Apodaca_Huinalá,6,5,246.4,0.0
Mexico,2024-04-24,18,Monterrey,San Nicolás,6,5,227.6,0.0
Mexico,2024-04-24,18,Monterrey,Santa Catarina,9,6,295.7,0.0
Mexico,2024-04-24,18,Monterrey,San Pedro,1,0,0.0,0.0
Mexico,2024-04-24,18,Monterrey,Cumbres Poniente,7,7,356.7,0.0
Mexico,2024-04-24,18,Monterrey,La Fe,1,2,110.2,0.0
Mexico,2024-04-24,18,Monterrey,MTY_Guadalupe,7,9,529.5,0.0
Mexico,2024-04-24,18,Monterrey,Independencia,3,5,292.8,0.0
Mexico,2024-04-24,18,Monterrey,Tec,12,11,582.0,0.0
Mexico,2024-04-24,19,Monterrey,Centro,12,10,579.4,0.0
Mexico,2024-04-24,19,Monterrey,Mitras Centro,10,11,614.7,0.0
Mexico,2024-04-24,19,Monterrey,Apodaca Centro,13,13,772.4,0.0
Mexico,2024-04-24,19,Monterrey,Escobedo,8,8,418.0,0.0
Mexico,2024-04-24,19,Monterrey,Carretera Nacional,10,12,689.7,0.0
Mexico,2024-04-24,19,Monterrey,MTY_Apodaca_Huinalá,12,12,706.0,0.0
Mexico,2024-04-24,19,Monterrey,San Nicolás,17,15,708.2,0.0
Mexico,2024-04-24,19,Monterrey,Santa Catarina,12,11,602.0,0.0
Mexico,2024-04-24,19,Monterrey,San Pedro,13,10,545.6,0.0
Mexico,2024-04-24,19,Monterrey,Cumbres Poniente,16,14,681.0,0.0
Mexico,2024-04-24,19,Monterrey,La Fe,11,12,579.6,0.0
Mexico,2024-04-24,19,Monterrey,MTY_Guadalupe,11,13,714.5,0.0
Mexico,2024-04-24,19,Monterrey,Independencia,12,12,568.2,0.0
Mexico,2024-04-24,19,Monterrey,Tec,14,14,781.2,0.0
Mexico,2024-04-24,20,Monterrey,Centro,12,10,539.3,0.0
Mexico,2024-04-24,20,Monterrey,Mitras Centro,14,14,812.8,0.0
Mexico,2024-04-24,20,Monterrey,Apodaca Centro,11,8,374.9,0.0
Mexico,2024-04-24,20,Monterrey,Escobedo,8,9,448.3,0.0
Mexico,2024-04-24,20,Monterrey,Carretera Nacional,9,10,564.0,0.0
Mexico,2024-04-24,20,Monterrey,MTY_Apodaca_Huinalá,16,14,726.1,0.0
Mexico,2024-04-24,20,Monterrey,San Nicolás,9,6,343.9,0.0
Mexico,2024-04-24,20,Monterrey,Santa Catarina,5,6,333.3,0.0
Mexico,2024-04-24,20,Monterrey,San Pedro,11,10,490.0,0.0
Mexico,2024-04-24,20,Monterrey,Cumbres Poniente,13,13,596.0,0.0
Mexico,2024-04-24,20,Monterrey,La Fe,16,13,618.4,0.0
Mexico,2024-04-24,20,Monterrey,MTY_Guadalupe,6,7,417.0,0.0
Mexico,2024-04-24,20,Monterrey,Independencia,13,15,733.0,0.0
Mexico,2024-04-24,20,Monterrey,Tec,12,14,823.7,0.0
Mexico,2024-04-24,21,Monterrey,Centro,5,7,372.4,2.5
Mexico,2024-04-24,21,Monterrey,Mitras Centro,10,15,687.8,2.5
Mexico,2024-04-24,21,Monterrey,Apodaca Centro,3,4,239.6,2.5
Mexico,2024-04-24,21,Monterrey,Escobedo,8,8,416.2,2.5
Mexico,2024-04-24,21,Monterrey,Carretera Nacional,8,10,476.4,2.5
Mexico,2024-04-24,21,Monterrey,MTY_Apodaca_Huinalá,5,6,336.2,2.5
Mexico,2024-04-24,21,Monterrey,San Nicolás,9,12,695.5,2.5
Mexico,2024-04-24,21,Monterrey,Santa Catarina,8,11,553.8,2.5
Mexico,2024-04-24,21,Monterrey,San Pedro,1,5,242.5,2.5
Mexico,2024-04-24,21,Monterrey,Cumbres Poniente,7,11,544.4,2.5
Mexico,2024-04-24,21,Monterrey,La Fe,9,11,626.9,2.5
Mexico,2024-04-24,21,Monterrey,MTY_Guadalupe,3,8,373.2,2.5
Mexico,2024-04-24,21,Monterrey,Independencia,7,7,339.7,2.5
Mexico,2024-04-24,21,Monterrey,Tec,5,9,514.5,2.5
Mexico,2024-04-24,22,Monterrey,Centro,8,7,357.0,0.0
Mexico,2024-04-24,22,Monterrey,Mitras Centro,6,4,221.1,0.0
Mexico,2024-04-24,22,Monterrey,Apodaca Centro,5,4,239.6,0.0
Mexico,2024-04-24,22,Monterrey,Escobedo,4,4,225.9,0.0
Mexico,2024-04-24,22,Monterrey,Carretera Nacional,7,7,390.3,0.0
Mexico,2024-04-24,22,Monterrey,MTY_Apodaca_Huinalá,3,3,165.8,0.0
Mexico,2024-04-24,22,Monterrey,San Nicolás,5,4,196.9,0.0
Mexico,2024-04-24,22,Monterrey,Santa Catarina,4,3,141.9,0.0
Mexico,2024-04-24,22,Monterrey,San Pedro,5,6,302.5,0.0
Mexico,2024-04-24,22,Monterrey,Cumbres Poniente,7,6,292.6,0.0
Mexico,2024-04-24,22,Monterrey,La Fe,5,4,230.0,0.0
Mexico,2024-04-24,22,Monterrey,MTY_Guadalupe,4,2,118.6,0.0
Mexico,2024-04-24,22,Monterrey,Independencia,6,8,463.5,0.0
Mexico,2024-04-24,22,Monterrey,Tec,1,2,114.1,0.0
Mexico,2024-04-24,23,Monterrey,Centro,9,8,396.5,0.0
Mexico,2024-04-24,23,Monterrey,Mitras Centro,8,6,277.2,0.0
Mexico,2024-04-24,23,Monterrey,Apodaca Centro,4,5,298.6,0.0
Mexico,2024-04-24,23,Monterrey,Escobedo,6,5,256.6,0.0
Mexico,2024-04-24,23,Monterrey,Carretera Nacional,10,7,326.1,0.0
Mexico,2024-04-24,23,Monterrey,MTY_Apodaca_Huinalá,7,4,202.4,0.0
Mexico,2024-04-24,23,Monterrey,San Nicolás,4,5,250.7,0.0
Mexico,2024-04-24,23,Monterrey,Santa Catarina,2,3,141.5,0.0
Mexico,2024-04-24,23,Monterrey,San Pedro,4,1,49.8,0.0
Mexico,2024-04-24,23,Monterrey,Cumbres Poniente,6,4,198.7,0.0
Mexico,2024-04-24,23,Monterrey,La Fe,2,4,231.0,0.0
Mexico,2024-04-24,23,Monterrey,MTY_Guadalupe,6,5,231.4,0.0
Mexico,2024-04-24,23,Monterrey,Independencia,1,2,108.1,0.0
Mexico,2024-04-24,23,Monterrey,Tec,1,2,111.6,0.0
Mexico,2024-04-25,0,Monterrey,Centro,9,6,293.6,0.0
Mexico,2024-04-25,0,Monterrey,Mitras Centro,3,5,273.6,0.0
Mexico,2024-04-25,0,Monterrey,Apodaca Centro,7,5,276.5,0.0
Mexico,2024-04-25,0,Monterrey,Escobedo,5,5,235.2,0.0
Mexico,2024-04-25,0,Monterrey,Carretera Nacional,6,5,286.2,0.0
Mexico,2024-04-25,0,Monterrey,MTY_Apodaca_Huinalá,6,5,236.0,0.0
Mexico,2024-04-25,0,Monterrey,San Nicolás,6,4,221.4,0.0
Mexico,2024-04-25,0,Monterrey,Santa Catarina,7,6,285.3,0.0
Mexico,2024-04-25,0,Monterrey,San Pedro,6,5,297.7,0.0
Mexico,2024-04-25,0,Monterrey,Cumbres Poniente,4,6,323.5,0.0
Mexico,2024-04-25,0,Monterrey,La Fe,6,5,257.0,0.0
Mexico,2024-04-25,0,Monterrey,MTY_Guadalupe,3,2,104.9,0.0
Mexico,2024-04-25,0,Monterrey,Independencia,4,3,173.4,0.0
Mexico,2024-04-25,0,Monterrey,Tec,2,4,215.7,0.0
Mexico,2024-04-25,1,Monterrey,Centro,3,1,47.1,0.0
Mexico,2024-04-25,1,Monterrey,Mitras Centro,6,6,308.9,0.0
Mexico,2024-04-25,1,Monterrey,Apodaca Centro,1,3,146.3,0.0
Mexico,2024-04-25,1,Monterrey,Escobedo,4,6,288.5,0.0
Mexico,2024-04-25,1,Monterrey,Carretera Nacional,7,9,535.1,0.0
Mexico,2024-04-25,1,Monterrey,MTY_Apodaca_Huinalá,3,4,225.9,0.0
Mexico,2024-04-25,1,Monterrey,San Nicolás,6,6,346.4,0.0
Mexico,2024-04-25,1,Monterrey,Santa Catarina,10,7,358.1,0.0
Mexico,2024-04-25,1,Monterrey,San Pedro,4,4,236.9,0.0
Mexico,2024-04-25,1,Monterrey,Cumbres Poniente,9,9,482.5,0.0
Mexico,2024-04-25,1,Monterrey,La Fe,8,5,259.3,0.0
Mexico,2024-04-25,1,Monterrey,MTY_Guadalupe,16,13,649.3,0.0
Mexico,2024-04-25,1,Monterrey,Independencia,7,4,232.2,0.0
Mexico,2024-04-25,1,Monterrey,Tec,2,2,112.7,0.0
Mexico,2024-04-25,2,Monterrey,Centro,7,9,503.2,0.0
Mexico,2024-04-25,2,Monterrey,Mitras Centro,7,5,296.2,0.0
Mexico,2024-04-25,2,Monterrey,Apodaca Centro,3,3,155.2,0.0
Mexico,2024-04-25,2,Monterrey,Escobedo,11,8,427.0,0.0
Mexico,2024-04-25,2,Monterrey,Carretera Nacional,3,4,225.9,0.0
Mexico,2024-04-25,2,Monterrey,MTY_Apodaca_Huinalá,7,8,472.5,0.0
Mexico,2024-04-25,2,Monterrey,San Nicolás,6,3,157.5,0.0
Mexico,2024-04-25,2,Monterrey,Santa Catarina,2,4,183.7,0.0
Mexico,2024-04-25,2,Monterrey,San Pedro,5,5,246.8,0.0
Mexico,2024-04-25,2,Monterrey,Cumbres Poniente,9,7,332.9,0.0
Mexico,2024-04-25,2,Monterrey,La Fe,6,3,139.0,0.0
Mexico,2024-04-25,2,Monterrey,MTY_Guadalupe,3,2,113.8,0.0
Mexico,2024-04-25,2,Monterrey,Independencia,6,5,231.2,0.0
Mexico,2024-04-25,2,Monterrey,Tec,11,8,399.8,0.0
Mexico,2024-04-25,3,Monterrey,Centro,5,4,203.4,0.0
Mexico,2024-04-25,3,Monterrey,Mitras Centro,4,6,306.2,0.0
Mexico,2024-04-25,3,Monterrey,Apodaca Centro,2,3,155.9,0.0
Mexico,2024-04-25,3,Monterrey,Escobedo,7,4,186.1,0.0
Mexico,2024-04-25,3,Monterrey,Carretera Nacional,6,3,143.0,0.0
Mexico,2024-04-25,3,Monterrey,MTY_Apodaca_Huinalá,6,8,478.0,0.0
Mexico,2024-04-25,3,Monterrey,San Nicolás,4,5,294.2,0.0
Mexico,2024-04-25,3,Monterrey,Santa Catarina,4,2,117.1,0.0
Mexico,2024-04-25,3,Monterrey,San Pedro,4,4,193.4,0.0
Mexico,2024-04-25,3,Monterrey,Cumbres Poniente,1,1,55.6,0.0
Mexico,2024-04-25,3,Monterrey,La Fe,9,6,316.9,0.0
Mexico,2024-04-25,3,Monterrey,MTY_Guadalupe,9,6,331.3,0.0
Mexico,2024-04-25,3,Monterrey,Independencia,3,5,277.7,0.0
Mexico,2024-04-25,3,Monterrey,Tec,5,2,119.9,0.0
Mexico,2024-04-25,4,Monterrey,Centro,3,4,196.4,0.0
Mexico,2024-04-25,4,Monterrey,Mitras Centro,8,5,280.9,0.0
Mexico,2024-04-25,4,Monterrey,Apodaca Centro,2,4,216.0,0.0
Mexico,2024-04-25,4,Monterrey,Escobedo,7,8,374.4,0.0
Mexico,2024-04-25,4,Monterrey,Carretera Nacional,7,6,322.7,0.0
Mexico,2024-04-25,4,Monterrey,MTY_Apodaca_Huinalá,2,2,90.8,0.0
Mexico,2024-04-25,4,Monterrey,San Nicolás,1,0,0.0,0.0
Mexico,2024-04-25,4,Monterrey,Santa Catarina,4,4,225.7,0.0
Mexico,2024-04-25,4,Monterrey,San Pedro,6,3,136.5,0.0
Mexico,2024-04-25,4,Monterrey,Cumbres Poniente,5,4,198.5,0.0
Mexico,2024-04-25,4,Monterrey,La Fe,1,2,99.7,0.0
Mexico,2024-04-25,4,Monterrey,MTY_Guadalupe,10,9,445.9,0.0
Mexico,2024-04-25,4,Monterrey,Independencia,5,6,312.6,0.0
Mexico,2024-04-25,4,Monterrey,Tec,1,3,137.3,0.0
Mexico,2024-04-25,5,Monterrey,Centro,7,8,474.9,0.0
Mexico,2024-04-25,5,Monterrey,Mitras Centro,7,4,188.6,0.0
Mexico,2024-04-25,5,Monterrey,Apodaca Centro,5,3,173.1,0.0
Mexico,2024-04-25,5,Monterrey,Escobedo,3,5,230.1,0.0
Mexico,2024-04-25,5,Monterrey,Carretera Nacional,8,8,391.5,0.0
Mexico,2024-04-25,5,Monterrey,MTY_Apodaca_Huinalá,6,5,258.6,0.0
Mexico,2024-04-25,5,Monterrey,San Nicolás,6,6,317.4,0.0
Mexico,2024-04-25,5,Monterrey,Santa Catarina,4,4,238.7,0.0
Mexico,2024-04-25,5,Monterrey,San Pedro,5,4,199.6,0.0
Mexico,2024-04-25,5,Monterrey,Cumbres Poniente,1,3,160.7,0.0
Mexico,2024-04-25,5,Monterrey,La Fe,4,4,186.4,0.0
Mexico,2024-04-25,5,Monterrey,MTY_Guadalupe,2,4,212.4,0.0
Mexico,2024-04-25,5,Monterrey,Independencia,8,5,274.3,0.0
Mexico,2024-04-25,5,Monterrey,Tec,3,5,260.1,0.0
Mexico,2024-04-25,6,Monterrey,Centro,2,2,92.7,0.5
Mexico,2024-04-25,6,Monterrey,Mitras Centro,9,6,295.5,0.5
Mexico,2024-04-25,6,Monterrey,Apodaca Centro,11,8,464.8,0.5
Mexico,2024-04-25,6,Monterrey,Escobedo,7,4,197.6,0.5
Mexico,2024-04-25,6,Monterrey,Carretera Nacional,8,5,242.0,0.5
Mexico,2024-04-25,6,Monterrey,MTY_Apodaca_Huinalá,3,2,108.7,0.5
Mexico,2024-04-25,6,Monterrey,San Nicolás,2,4,199.0,0.5
Mexico,2024-04-25,6,Monterrey,Santa Catarina,3,4,225.5,0.5
Mexico,2024-04-25,6,Monterrey,San Pedro,1,2,104.0,0.5
Mexico,2024-04-25,6,Monterrey,Cumbres Poniente,3,5,226.6,0.5
Mexico,2024-04-25,6,Monterrey,La Fe,5,3,146.8,0.5
Mexico,2024-04-25,6,Monterrey,MTY_Guadalupe,5,7,327.0,0.5
Mexico,2024-04-25,6,Monterrey,Independencia,9,7,344.4,0.5
Mexico,2024-04-25,6,Monterrey,Tec,9,7,376.2,0.5
Mexico,2024-04-25,7,Monterrey,Centro,6,4,233.0,0.0
Mexico,2024-04-25,7,Monterrey,Mitras Centro,5,5,279.0,0.0
Mexico,2024-04-25,7,Monterrey,Apodaca Centro,9,7,348.8,0.0
Mexico,2024-04-25,7,Monterrey,Escobedo,6,6,285.4,0.0
Mexico,2024-04-25,7,Monterrey,Carretera Nacional,5,3,146.7,0.0
Mexico,2024-04-25,7,Monterrey,MTY_Apodaca_Huinalá,4,3,151.2,0.0
Mexico,2024-04-25,7,Monterrey,San Nicolás,3,0,0.0,0.0
Mexico,2024-04-25,7,Monterrey,Santa Catarina,3,4,182.3,0.0
Mexico,2024-04-25,7,Monterrey,San Pedro,4,4,218.0,0.0
Mexico,2024-04-25,7,Monterrey,Cumbres Poniente,4,4,217.1,0.0
Mexico,2024-04-25,7,Monterrey,La Fe,11,8,395.7,0.0
Mexico,2024-04-25,7,Monterrey,MTY_Guadalupe,3,2,119.3,0.0
Mexico,2024-04-25,7,Monterrey,Independencia,2,4,180.0,0.0
Mexico,2024-04-25,7,Monterrey,Tec,4,6,303.2,0.0
Mexico,2024-04-25,8,Monterrey,Centro,5,7,397.0,0.0
Mexico,2024-04-25,8,Monterrey,Mitras Centro,3,4,228.7,0.0
Mexico,2024-04-25,8,Monterrey,Apodaca Centro,9,6,352.8,0.0
Mexico,2024-04-25,8,Monterrey,Escobedo,6,6,354.1,0.0
Mexico,2024-04-25,8,Monterrey,Carretera Nacional,3,4,208.0,0.0
Mexico,2024-04-25,8,Monterrey,MTY_Apodaca_Huinalá,5,3,168.5,0.0
Mexico,2024-04-25,8,Monterrey,San Nicolás,3,2,103.0,0.0
Mexico,2024-04-25,8,Monterrey,Santa Catarina,3,5,250.5,0.0
Mexico,2024-04-25,8,Monterrey,San Pedro,3,4,237.4,0.0
Mexico,2024-04-25,8,Monterrey,Cumbres Poniente,7,6,343.9,0.0
Mexico,2024-04-25,8,Monterrey,La Fe,6,7,367.8,0.0
Mexico,2024-04-25,8,Monterrey,MTY_Guadalupe,5,7,403.3,0.0
Mexico,2024-04-25,8,Monterrey,Independencia,5,7,335.4,0.0
Mexico,2024-04-25,8,Monterrey,Tec,6,5,226.4,0.0
Mexico,2024-04-25,9,Monterrey,Centro,3,3,161.6,0.0
Mexico,2024-04-25,9,Monterrey,Mitras Centro,10,11,549.6,0.0
Mexico,2024-04-25,9,Monterrey,Apodaca Centro,5,3,179.0,0.0
Mexico,2024-04-25,9,Monterrey,Escobedo,13,11,562.3,0.0
Mexico,2024-04-25,9,Monterrey,Carretera Nacional,9,6,342.6,0.0
Mexico,2024-04-25,9,Monterrey,MTY_Apodaca_Huinalá,4,3,179.4,0.0
Mexico,2024-04-25,9,Monterrey,San Nicolás,8,5,291.2,0.0
Mexico,2024-04-25,9,Monterrey,Santa Catarina,8,10,533.0,0.0
Mexico,2024-04-25,9,Monterrey,San Pedro,9,6,323.8,0.0
Mexico,2024-04-25,9,Monterrey,Cumbres Poniente,2,2,104.9,0.0
Mexico,2024-04-25,9,Monterrey,La Fe,9,8,389.1,0.0
Mexico,2024-04-25,9,Monterrey,MTY_Guadalupe,6,8,363.7,0.0
Mexico,2024-04-25,9,Monterrey,Independencia,5,7,400.1,0.0
Mexico,2024-04-25,9,Monterrey,Tec,6,8,454.3,0.0
Mexico,2024-04-25,10,Monterrey,Centro,7,5,255.7,0.0
Mexico,2024-04-25,10,Monterrey,Mitras Centro,4,4,228.3,0.0
Mexico,2024-04-25,10,Monterrey,Apodaca Centro,9,8,369.3,0.0
Mexico,2024-04-25,10,Monterrey,Escobedo,9,6,330.4,0.0
Mexico,2024-04-25,10,Monterrey,Carretera Nacional,8,7,404.9,0.0
Mexico,2024-04-25,10,Monterrey,MTY_Apodaca_Huinalá,8,6,311.1,0.0
Mexico,2024-04-25,10,Monterrey,San Nicolás,3,4,221.9,0.0
Mexico,2024-04-25,10,Monterrey,Santa Catarina,11,11,544.3,0.0
Mexico,2024-04-25,10,Monterrey,San Pedro,8,5,262.3,0.0
Mexico,2024-04-25,10,Monterrey,Cumbres Poniente,5,5,248.0,0.0
Mexico,2024-04-25,10,Monterrey,La Fe,1,3,175.2,0.0
Mexico,2024-04-25,10,Monterrey,MTY_Guadalupe,1,1,46.1,0.0
Mexico,2024-04-25,10,Monterrey,Independencia,4,2,102.6,0.0
Mexico,2024-04-25,10,Monterrey,Tec,4,5,278.0,0.0
Mexico,2024-04-25,11,Monterrey,Centro,7,9,496.2,0.0
Mexico,2024-04-25,11,Monterrey,Mitras Centro,4,3,150.2,0.0
Mexico,2024-04-25,11,Monterrey,Apodaca Centro,1,3,153.8,0.0
Mexico,2024-04-25,11,Monterrey,Escobedo,2,4,183.6,0.0
Mexico,2024-04-25,11,Monterrey,Carretera Nacional,10,8,442.0,0.0
Mexico,2024-04-25,11,Monterrey,MTY_Apodaca_Huinalá,3,5,278.2,0.0
Mexico,2024-04-25,11,Monterrey,San Nicolás,2,4,209.1,0.0
Mexico,2024-04-25,11,Monterrey,Santa Catarina,11,10,511.9,0.0
Mexico,2024-04-25,11,Monterrey,San Pedro,7,8,411.2,0.0
Mexico,2024-04-25,11,Monterrey,Cumbres Poniente,4,4,239.8,0.0
Mexico,2024-04-25,11,Monterrey,La Fe,3,1,56.1,0.0
Mexico,2024-04-25,11,Monterrey,MTY_Guadalupe,6,5,267.1,0.0
Mexico,2024-04-25,11,Monterrey,Independencia,7,4,222.5,0.0
Mexico,2024-04-25,11,Monterrey,Tec,8,10,457.0,0.0
Mexico,2024-04-25,12,Monterrey,Centro,2,4,234.3,0.0
Mexico,2024-04-25,12,Monterrey,Mitras Centro,8,9,408.2,0.0
Mexico,2024-04-25,12,Monterrey,Apodaca Centro,8,5,261.3,0.0
Mexico,2024-04-25,12,Monterrey,Escobedo,10,8,479.2,0.0
Mexico,2024-04-25,12,Monterrey,Carretera Nacional,9,8,469.4,0.0
Mexico,2024-04-25,12,Monterrey,MTY_Apodaca_Huinalá,4,4,192.5,0.0
Mexico,2024-04-25,12,Monterrey,San Nicolás,4,3,165.7,0.0
Mexico,2024-04-25,12,Monterrey,Santa Catarina,5,5,231.4,0.0
Mexico,2024-04-25,12,Monterrey,San Pedro,3,3,167.8,0.0
Mexico,2024-04-25,12,Monterrey,Cumbres Poniente,7,6,346.2,0.0
Mexico,2024-04-25,12,Monterrey,La Fe,6,3,160.3,0.0
Mexico,2024-04-25,12,Monterrey,MTY_Guadalupe,2,3,138.6,0.0
Mexico,2024-04-25,12,Monterrey,Independencia,8,5,244.3,0.0
Mexico,2024-04-25,12,Monterrey,Tec,11,8,466.7,0.0
Mexico,2024-04-25,13,Monterrey,Centro,8,9,523.6,0.0
Mexico,2024-04-25,13,Monterrey,Mitras Centro,4,6,325.2,0.0
Mexico,2024-04-25,13,Monterrey,Apodaca Centro,12,10,560.3,0.0
Mexico,2024-04-25,13,Monterrey,Escobedo,10,9,440.7,0.0
Mexico,2024-04-25,13,Monterrey,Carretera Nacional,14,12,673.1,0.0
Mexico,2024-04-25,13,Monterrey,MTY_Apodaca_Huinalá,9,7,362.3,0.0
Mexico,2024-04-25,13,Monterrey,San Nicolás,12,14,782.0,0.0
Mexico,2024-04-25,13,Monterrey,Santa Catarina,13,10,511.5,0.0
Mexico,2024-04-25,13,Monterrey,San Pedro,11,10,598.7,0.0
Mexico,2024-04-25,13,Monterrey,Cumbres Poniente,9,10,593.7,0.0
Mexico,2024-04-25,13,Monterrey,La Fe,4,6,291.3,0.0
Mexico,2024-04-25,13,Monterrey,MTY_Guadalupe,10,9,539.0,0.0
Mexico,2024-04-25,13,Monterrey,Independencia,10,11,600.9,0.0
Mexico,2024-04-25,13,Monterrey,Tec,14,12,552.2,0.0
Mexico,2024-04-25,14,Monterrey,Centro,9,10,568.8,0.0
Mexico,2024-04-25,14,Monterrey,Mitras Centro,12,11,646.9,0.0
Mexico,2024-04-25,14,Monterrey,Apodaca Centro,11,12,662.9,0.0
Mexico,2024-04-25,14,Monterrey,Escobedo,6,5,273.5,0.0
Mexico,2024-04-25,14,Monterrey,Carretera Nacional,9,11,582.0,0.0
Mexico,2024-04-25,14,Monterrey,MTY_Apodaca_Huinalá,13,11,601.5,0.0
Mexico,2024-04-25,14,Monterrey,San Nicolás,9,9,448.1,0.0
Mexico,2024-04-25,14,Monterrey,Santa Catarina,12,12,630.7,0.0
Mexico,2024-04-25,14,Monterrey,San Pedro,10,9,451.0,0.0
Mexico,2024-04-25,14,Monterrey,Cumbres Poniente,11,11,565.0,0.0
Mexico,2024-04-25,14,Monterrey,La Fe,12,11,566.9,0.0
Mexico,2024-04-25,14,Monterrey,MTY_Guadalupe,13,12,576.1,0.0
Mexico,2024-04-25,14,Monterrey,Independencia,15,14,696.2,0.0
Mexico,2024-04-25,14,Monterrey,Tec,9,10,539.1,0.0
Mexico,2024-04-25,15,Monterrey,Centro,2,3,168.2,0.0
Mexico,2024-04-25,15,Monterrey,Mitras Centro,1,1,54.2,0.0
Mexico,2024-04-25,15,Monterrey,Apodaca Centro,1,3,170.4,0.0
Mexico,2024-04-25,15,Monterrey,Escobedo,1,2,91.3,0.0
Mexico,2024-04-25,15,Monterrey,Carretera Nacional,1,0,0.0,0.0
Mexico,2024-04-25,15,Monterrey,MTY_Apodaca_Huinalá,8,6,355.3,0.0
Mexico,2024-04-25,15,Monterrey,San Nicolás,3,2,114.9,0.0
Mexico,2024-04-25,15,Monterrey,Santa Catarina,8,7,358.3,0.0
Mexico,2024-04-25,15,Monterrey,San Pedro,10,7,360.8,0.0
Mexico,2024-04-25,15,Monterrey,Cumbres Poniente,6,6,275.6,0.0
Mexico,2024-04-25,15,Monterrey,La Fe,6,8,426.5,0.0
Mexico,2024-04-25,15,Monterrey,MTY_Guadalupe,6,7,402.3,0.0
Mexico,2024-04-25,15,Monterrey,Independencia,9,6,299.7,0.0
Mexico,2024-04-25,15,Monterrey,Tec,1,2,117.1,0.0
Mexico,2024-04-25,16,Monterrey,Centro,8,7,408.8,0.0
Mexico,2024-04-25,16,Monterrey,Mitras Centro,10,7,366.8,0.0
Mexico,2024-04-25,16,Monterrey,Apodaca Centro,5,6,279.3,0.0
Mexico,2024-04-25,16,Monterrey,Escobedo,1,3,148.0,0.0
Mexico,2024-04-25,16,Monterrey,Carretera Nacional,3,4,228.9,0.0
Mexico,2024-04-25,16,Monterrey,MTY_Apodaca_Huinalá,8,5,296.1,0.0
Mexico,2024-04-25,16,Monterrey,San Nicolás,3,4,218.9,0.0
Mexico,2024-04-25,16,Monterrey,Santa Catarina,4,5,226.5,0.0
Mexico,2024-04-25,16,Monterrey,San Pedro,2,4,201.2,0.0
Mexico,2024-04-25,16,Monterrey,Cumbres Poniente,5,5,232.6,0.0
Mexico,2024-04-25,16,Monterrey,La Fe,8,6,313.9,0.0
Mexico,2024-04-25,16,Monterrey,MTY_Guadalupe,5,3,142.4,0.0
Mexico,2024-04-25,16,Monterrey,Independencia,3,3,149.8,0.0
Mexico,2024-04-25,16,Monterrey,Tec,2,1,46.9,0.0
Mexico,2024-04-25,17,Monterrey,Centro,6,3,167.7,0.0
Mexico,2024-04-25,17,Monterrey,Mitras Centro,4,6,316.1,0.0
Mexico,2024-04-25,17,Monterrey,Apodaca Centro,1,0,0.0,0.0
Mexico,2024-04-25,17,Monterrey,Escobedo,1,3,154.3,0.0
Mexico,2024-04-25,17,Monterrey,Carretera Nacional,7,6,280.5,0.0
Mexico,2024-04-25,17,Monterrey,MTY_Apodaca_Huinalá,7,4,191.0,0.0
Mexico,2024-04-25,17,Monterrey,San Nicolás,5,5,231.8,0.0
Mexico,2024-04-25,17,Monterrey,Santa Catarina,5,3,169.4,0.0
Mexico,2024-04-25,17,Monterrey,San Pedro,6,6,314.3,0.0
Mexico,2024-04-25,17,Monterrey,Cumbres Poniente,2,1,51.1,0.0
Mexico,2024-04-25,17,Monterrey,La Fe,3,5,286.4,0.0
Mexico,2024-04-25,17,Monterrey,MTY_Guadalupe,2,0,0.0,0.0
Mexico,2024-04-25,17,Monterrey,Independencia,3,4,186.2,0.0
Mexico,2024-04-25,17,Monterrey,Tec,8,7,333.8,0.0
Mexico,2024-04-25,18,Monterrey,Centro,4,4,237.2,0.0
Mexico,2024-04-25,18,Monterrey,Mitras Centro,7,6,336.5,0.0
Mexico,2024-04-25,18,Monterrey,Apodaca Centro,8,7,357.1,0.0
Mexico,2024-04-25,18,Monterrey,Escobedo,3,3,159.9,0.0
Mexico,2024-04-25,18,Monterrey,Carretera Nacional,1,1,58.3,0.0
Mexico,2024-04-25,18,Monterrey,MTY_Apodaca_Huinalá,5,3,149.1,0.0
Mexico,2024-04-25,18,Monterrey,San Nicolás,5,7,395.4,0.0
Mexico,2024-04-25,18,Monterrey,Santa Catarina,3,5,299.4,0.0
Mexico,2024-04-25,18,Monterrey,San Pedro,7,6,299.0,0.0
Mexico,2024-04-25,18,Monterrey,Cumbres Poniente,6,8,376.6,0.0
Mexico,2024-04-25,18,Monterrey,La Fe,7,9,506.3,0.0
Mexico,2024-04-25,18,Monterrey,MTY_Guadalupe,5,5,236.9,0.0
Mexico,2024-04-25,18,Monterrey,Independencia,6,3,149.6,0.0
Mexico,2024-04-25,18,Monterrey,Tec,8,6,332.0,0.0
Mexico,2024-04-25,19,Monterrey,Centro,11,10,454.9,0.0
Mexico,2024-04-25,19,Monterrey,Mitras Centro,7,8,365.5,0.0
Mexico,2024-04-25,19,Monterrey,Apodaca Centro,7,7,379.4,0.0
Mexico,2024-04-25,19,Monterrey,Escobedo,10,7,328.4,0.0
Mexico,2024-04-25,19,Monterrey,Carretera Nacional,10,10,557.0,0.0
Mexico,2024-04-25,19,Monterrey,MTY_Apodaca_Huinalá,12,9,538.2,0.0
Mexico,2024-04-25,19,Monterrey,San Nicolás,20,20,1099.7,0.0
Mexico,2024-04-25,19,Monterrey,Santa Catarina,9,11,639.9,0.0
Mexico,2024-04-25,19,Monterrey,San Pedro,10,10,596.3,0.0
Mexico,2024-04-25,19,Monterrey,Cumbres Poniente,5,6,339.0,0.0
Mexico,2024-04-25,19,Monterrey,La Fe,3,4,203.0,0.0
Mexico,2024-04-25,19,Monterrey,MTY_Guadalupe,4,4,187.7,0.0
Mexico,2024-04-25,19,Monterrey,Independencia,14,12,557.9,0.0
Mexico,2024-04-25,19,Monterrey,Tec,16,16,925.9,0.0
Mexico,2024-04-25,20,Monterrey,Centro,12,13,620.0,0.0
Mexico,2024-04-25,20,Monterrey,Mitras Centro,8,7,345.0,0.0
Mexico,2024-04-25,20,Monterrey,Apodaca Centro,6,6,304.1,0.0
Mexico,2024-04-25,20,Monterrey,Escobedo,16,14,643.2,0.0
Mexico,2024-04-25,20,Monterrey,Carretera Nacional,8,8,468.3,0.0
Mexico,2024-04-25,20,Monterrey,MTY_Apodaca_Huinalá,2,4,235.7,0.0
Mexico,2024-04-25,20,Monterrey,San Nicolás,7,8,371.9,0.0
Mexico,2024-04-25,20,Monterrey,Santa Catarina,9,8,461.7,0.0
Mexico,2024-04-25,20,Monterrey,San Pedro,18,19,870.0,0.0
Mexico,2024-04-25,20,Monterrey,Cumbres Poniente,11,11,641.6,0.0
Mexico,2024-04-25,20,Monterrey,La Fe,10,8,381.0,0.0
Mexico,2024-04-25,20,Monterrey,MTY_Guadalupe,11,10,573.8,0.0
Mexico,2024-04-25,20,Monterrey,Independencia,12,9,458.8,0.0
Mexico,2024-04-25,20,Monterrey,Tec,16,16,720.2,0.0
Mexico,2024-04-25,21,Monterrey,Centro,12,10,542.5,0.0
Mexico,2024-04-25,21,Monterrey,Mitras Centro,11,12,715.7,0.0
Mexico,2024-04-25,21,Monterrey,Apodaca Centro,11,10,522.1,0.0
Mexico,2024-04-25,21,Monterrey,Escobedo,10,12,630.4,0.0
Mexico,2024-04-25,21,Monterrey,Carretera Nacional,8,10,567.5,0.0
Mexico,2024-04-25,21,Monterrey,MTY_Apodaca_Huinalá,11,11,558.1,0.0
Mexico,2024-04-25,21,Monterrey,San Nicolás,5,3,164.0,0.0
Mexico,2024-04-25,21,Monterrey,Santa Catarina,11,8,442.6,0.0
Mexico,2024-04-25,21,Monterrey,San Pedro,11,11,618.1,0.0
Mexico,2024-04-25,21,Monterrey,Cumbres Poniente,11,13,605.5,0.0
Mexico,2024-04-25,21,Monterrey,La Fe,11,11,561.8,0.0
Mexico,2024-04-25,21,Monterrey,MTY_Guadalupe,4,5,245.6,0.0
Mexico,2024-04-25,21,Monterrey,Independencia,3,4,234.2,0.0
Mexico,2024-04-25,21,Monterrey,Tec,5,6,318.3,0.0
Mexico,2024-04-25,22,Monterrey,Centro,5,3,147.3,0.0
Mexico,2024-04-25,22,Monterrey,Mitras Centro,1,3,149.2,0.0
Mexico,2024-04-25,22,Monterrey,Apodaca Centro,4,6,273.6,0.0
Mexico,2024-04-25,22,Monterrey,Escobedo,5,5,227.7,0.0
Mexico,2024-04-25,22,Monterrey,Carretera Nacional,5,4,238.4,0.0
Mexico,2024-04-25,22,Monterrey,MTY_Apodaca_Huinalá,6,8,410.7,0.0
Mexico,2024-04-25,22,Monterrey,San Nicolás,7,7,352.7,0.0
Mexico,2024-04-25,22,Monterrey,Santa Catarina,7,4,202.0,0.0
Mexico,2024-04-25,22,Monterrey,San Pedro,1,3,142.5,0.0
Mexico,2024-04-25,22,Monterrey,Cumbres Poniente,7,7,322.3,0.0
Mexico,2024-04-25,22,Monterrey,La Fe,4,2,100.6,0.0
Mexico,2024-04-25,22,Monterrey,MTY_Guadalupe,7,6,297.3,0.0
Mexico,2024-04-25,22,Monterrey,Independencia,3,4,200.7,0.0
Mexico,2024-04-25,22,Monterrey,Tec,7,7,382.0,0.0
Mexico,2024-04-25,23,Monterrey,Centro,8,7,316.4,0.0
Mexico,2024-04-25,23,Monterrey,Mitras Centro,8,8,408.5,0.0
Mexico,2024-04-25,23,Monterrey,Apodaca Centro,2,3,164.4,0.0
Mexico,2024-04-25,23,Monterrey,Escobedo,1,2,118.1,0.0
Mexico,2024-04-25,23,Monterrey,Carretera Nacional,4,4,186.0,0.0
Mexico,2024-04-25,23,Monterrey,MTY_Apodaca_Huinalá,6,7,368.7,0.0
Mexico,2024-04-25,23,Monterrey,San Nicolás,6,4,231.4,0.0
Mexico,2024-04-25,23,Monterrey,Santa Catarina,6,5,243.7,0.0
Mexico,2024-04-25,23,Monterrey,San Pedro,6,6,334.7,0.0
Mexico,2024-04-25,23,Monterrey,Cumbres Poniente,2,3,177.8,0.0
Mexico,2024-04-25,23,Monterrey,La Fe,8,6,354.8,0.0
Mexico,2024-04-25,23,Monterrey,MTY_Guadalupe,5,4,207.7,0.0
Mexico,2024-04-25,23,Monterrey,Independencia,9,7,316.2,0.0
Mexico,2024-04-25,23,Monterrey,Tec,2,3,139.0,0.0
Mexico,2024-04-26,0,Monterrey,Centro,5,6,298.3,2.5
Mexico,2024-04-26,0,Monterrey,Mitras Centro,7,8,417.1,2.5
Mexico,2024-04-26,0,Monterrey,Apodaca Centro,5,6,309.0,2.5
Mexico,2024-04-26,0,Monterrey,Escobedo,1,3,171.2,2.5
Mexico,2024-04-26,0,Monterrey,Carretera Nacional,4,6,309.7,2.5
Mexico,2024-04-26,0,Monterrey,MTY_Apodaca_Huinalá,2,6,330.5,2.5
Mexico,2024-04-26,0,Monterrey,San Nicolás,3,6,283.8,2.5
Mexico,2024-04-26,0,Monterrey,Santa Catarina,10,11,650.3,2.5
Mexico,2024-04-26,0,Monterrey,San Pedro,2,4,193.4,2.5
Mexico,2024-04-26,0,Monterrey,Cumbres Poniente,4,5,288.0,2.5
Mexico,2024-04-26,0,Monterrey,La Fe,1,1,56.7,2.5
Mexico,2024-04-26,0,Monterrey,MTY_Guadalupe,3,4,201.4,2.5
Mexico,2024-04-26,0,Monterrey,Independencia,3,3,176.0,2.5
Mexico,2024-04-26,0,Monterrey,Tec,1,6,281.9,2.5
Mexico,2024-04-26,1,Monterrey,Centro,7,5,230.5,0.0
Mexico,2024-04-26,1,Monterrey,Mitras Centro,12,11,570.8,0.0
Mexico,2024-04-26,1,Monterrey,Apodaca Centro,2,2,90.5,0.0
Mexico,2024-04-26,1,Monterrey,Escobedo,4,5,252.4,0.0
Mexico,2024-04-26,1,Monterrey,Carretera Nacional,7,6,295.4,0.0
Mexico,2024-04-26,1,Monterrey,MTY_Apodaca_Huinalá,8,8,399.3,0.0
Mexico,2024-04-26,1,Monterrey,San Nicolás,1,2,110.9,0.0
Mexico,2024-04-26,1,Monterrey,Santa Catarina,4,6,333.7,0.0
Mexico,2024-04-26,1,Monterrey,San Pedro,4,1,57.8,0.0
Mexico,2024-04-26,1,Monterrey,Cumbres Poniente,3,3,148.3,0.0
Mexico,2024-04-26,1,Monterrey,La Fe,3,4,232.9,0.0
Mexico,2024-04-26,1,Monterrey,MTY_Guadalupe,2,4,225.5,0.0
Mexico,2024-04-26,1,Monterrey,Independencia,12,10,497.6,0.0
Mexico,2024-04-26,1,Monterrey,Tec,11,9,409.7,0.0
Mexico,2024-04-26,2,Monterrey,Centro,6,6,275.6,0.0
Mexico,2024-04-26,2,Monterrey,Mitras Centro,4,4,231.2,0.0
Mexico,2024-04-26,2,Monterrey,Apodaca Centro,4,5,261.4,0.0
Mexico,2024-04-26,2,Monterrey,Escobedo,5,3,148.6,0.0
Mexico,2024-04-26,2,Monterrey,Carretera Nacional,5,4,191.9,0.0
Mexico,2024-04-26,2,Monterrey,MTY_Apodaca_Huinalá,9,6,332.9,0.0
Mexico,2024-04-26,2,Monterrey,San Nicolás,4,3,156.7,0.0
Mexico,2024-04-26,2,Monterrey,Santa Catarina,3,4,193.0,0.0
Mexico,2024-04-26,2,Monterrey,San Pedro,1,3,136.6,0.0
Mexico,2024-04-26,2,Monterrey,Cumbres Poniente,1,2,114.4,0.0
Mexico,2024-04-26,2,Monterrey,La Fe,1,1,51.6,0.0
Mexico,2024-04-26,2,Monterrey,MTY_Guadalupe,5,5,288.7,0.0
Mexico,2024-04-26,2,Monterrey,Independencia,1,0,0.0,0.0
Mexico,2024-04-26,2,Monterrey,Tec,5,5,289.0,0.0
Mexico,2024-04-26,3,Monterrey,Centro,5,4,238.9,0.0
Mexico,2024-04-26,3,Monterrey,Mitras Centro,7,5,245.9,0.0
Mexico,2024-04-26,3,Monterrey,Apodaca Centro,9,7,397.1,0.0
Mexico,2024-04-26,3,Monterrey,Escobedo,7,7,410.1,0.0
Mexico,2024-04-26,3,Monterrey,Carretera Nacional,6,6,354.6,0.0
Mexico,2024-04-26,3,Monterrey,MTY_Apodaca_Huinalá,7,8,393.1,0.0
Mexico,2024-04-26,3,Monterrey,San Nicolás,10,8,382.1,0.0
Mexico,2024-04-26,3,Monterrey,Santa Catarina,2,3,147.4,0.0
Mexico,2024-04-26,3,Monterrey,San Pedro,11,9,497.5,0.0
Mexico,2024-04-26,3,Monterrey,Cumbres Poniente,4,3,143.0,0.0
Mexico,2024-04-26,3,Monterrey,La Fe,4,6,340.5,0.0
Mexico,2024-04-26,3,Monterrey,MTY_Guadalupe,10,8,428.1,0.0
Mexico,2024-04-26,3,Monterrey,Independencia,8,7,326.3,0.0
Mexico,2024-04-26,3,Monterrey,Tec,6,4,221.9,0.0
Mexico,2024-04-26,4,Monterrey,Centro,12,12,584.2,0.0
Mexico,2024-04-26,4,Monterrey,Mitras Centro,5,5,239.8,0.0
Mexico,2024-04-26,4,Monterrey,Apodaca Centro,7,6,313.2,0.0
Mexico,2024-04-26,4,Monterrey,Escobedo,4,5,232.3,0.0
Mexico,2024-04-26,4,Monterrey,Carretera Nacional,12,11,502.3,0.0
Mexico,2024-04-26,4,Monterrey,MTY_Apodaca_Huinalá,8,5,257.3,0.0
Mexico,2024-04-26,4,Monterrey,San Nicolás,2,3,178.9,0.0
Mexico,2024-04-26,4,Monterrey,Santa Catarina,7,5,291.9,0.0
Mexico,2024-04-26,4,Monterrey,San Pedro,3,4,194.6,0.0
Mexico,2024-04-26,4,Monterrey,Cumbres Poniente,9,8,416.1,0.0
Mexico,2024-04-26,4,Monterrey,La Fe,7,5,258.9,0.0
Mexico,2024-04-26,4,Monterrey,MTY_Guadalupe,5,7,411.0,0.0
Mexico,2024-04-26,4,Monterrey,Independencia,8,9,520.5,0.0
Mexico,2024-04-26,4,Monterrey,Tec,1,2,110.0,0.0
Mexico,2024-04-26,5,Monterrey,Centro,11,11,591.1,2.5
Mexico,2024-04-26,5,Monterrey,Mitras Centro,5,5,293.2,2.5
Mexico,2024-04-26,5,Monterrey,Apodaca Centro,1,3,150.2,2.5
Mexico,2024-04-26,5,Monterrey,Escobedo,5,5,276.6,2.5
Mexico,2024-04-26,5,Monterrey,Carretera Nacional,2,3,162.0,2.5
Mexico,2024-04-26,5,Monterrey,MTY_Apodaca_Huinalá,1,5,293.2,2.5
Mexico,2024-04-26,5,Monterrey,San Nicolás,1,3,177.8,2.5
Mexico,2024-04-26,5,Monterrey,Santa Catarina,1,2,94.0,2.5
Mexico,2024-04-26,5,Monterrey,San Pedro,2,5,258.2,2.5
Mexico,2024-04-26,5,Monterrey,Cumbres Poniente,1,2,108.5,2.5
Mexico,2024-04-26,5,Monterrey,La Fe,2,5,238.7,2.5
Mexico,2024-04-26,5,Monterrey,MTY_Guadalupe,1,5,280.6,2.5
Mexico,2024-04-26,5,Monterrey,Independencia,3,5,286.0,2.5
Mexico,2024-04-26,5,Monterrey,Tec,4,7,387.4,2.5
Mexico,2024-04-26,6,Monterrey,Centro,3,2,106.9,0.0
Mexico,2024-04-26,6,Monterrey,Mitras Centro,5,4,196.0,0.0
Mexico,2024-04-26,6,Monterrey,Apodaca Centro,10,7,367.0,0.0
Mexico,2024-04-26,6,Monterrey,Escobedo,9,6,277.0,0.0
Mexico,2024-04-26,6,Monterrey,Carretera Nacional,5,5,248.7,0.0
Mexico,2024-04-26,6,Monterrey,MTY_Apodaca_Huinalá,3,5,284.7,0.0
Mexico,2024-04-26,6,Monterrey,San Nicolás,5,3,157.5,0.0
Mexico,2024-04-26,6,Monterrey,Santa Catarina,6,3,144.4,0.0
Mexico,2024-04-26,6,Monterrey,San Pedro,8,5,280.7,0.0
Mexico,2024-04-26,6,Monterrey,Cumbres Poniente,3,3,173.0,0.0
Mexico,2024-04-26,6,Monterrey,La Fe,3,2,115.0,0.0
Mexico,2024-04-26,6,Monterrey,MTY_Guadalupe,9,8,394.3,0.0
Mexico,2024-04-26,6,Monterrey,Independencia,6,7,345.4,0.0
Mexico,2024-04-26,6,Monterrey,Tec,7,7,355.9,0.0
Mexico,2024-04-26,7,Monterrey,Centro,10,10,557.8,0.0
Mexico,2024-04-26,7,Monterrey,Mitras Centro,5,7,417.1,0.0
Mexico,2024-04-26,7,Monterrey,Apodaca Centro,9,10,504.8,0.0
Mexico,2024-04-26,7,Monterrey,Escobedo,6,6,288.0,0.0
Mexico,2024-04-26,7,Monterrey,Carretera Nacional,4,3,171.1,0.0
Mexico,2024-04-26,7,Monterrey,MTY_Apodaca_Huinalá,8,5,297.8,0.0
Mexico,2024-04-26,7,Monterrey,San Nicolás,1,3,136.7,0.0
Mexico,2024-04-26,7,Monterrey,Santa Catarina,7,7,392.6,0.0
Mexico,2024-04-26,7,Monterrey,San Pedro,6,3,161.4,0.0
Mexico,2024-04-26,7,Monterrey,Cumbres Poniente,6,5,276.2,0.0
Mexico,2024-04-26,7,Monterrey,La Fe,5,5,287.6,0.0
Mexico,2024-04-26,7,Monterrey,MTY_Guadalupe,9,7,330.3,0.0
Mexico,2024-04-26,7,Monterrey,Independencia,5,5,262.8,0.0
Mexico,2024-04-26,7,Monterrey,Tec,2,2,90.4,0.0
Mexico,2024-04-26,8,Monterrey,Centro,4,2,113.7,0.0
Mexico,2024-04-26,8,Monterrey,Mitras Centro,2,3,157.4,0.0
Mexico,2024-04-26,8,Monterrey,Apodaca Centro,2,2,105.7,0.0
Mexico,2024-04-26,8,Monterrey,Escobedo,1,3,171.8,0.0
Mexico,2024-04-26,8,Monterrey,Carretera Nacional,7,6,284.9,0.0
Mexico,2024-04-26,8,Monterrey,MTY_Apodaca_Huinalá,7,7,392.8,0.0
Mexico,2024-04-26,8,Monterrey,San Nicolás,5,4,187.5,0.0
Mexico,2024-04-26,8,Monterrey,Santa Catarina,2,4,216.6,0.0
Mexico,2024-04-26,8,Monterrey,San Pedro,4,5,267.8,0.0
Mexico,2024-04-26,8,Monterrey,Cumbres Poniente,7,5,284.0,0.0
Mexico,2024-04-26,8,Monterrey,La Fe,1,0,0.0,0.0
Mexico,2024-04-26,8,Monterrey,MTY_Guadalupe,9,6,308.6,0.0
Mexico,2024-04-26,8,Monterrey,Independencia,5,4,202.2,0.0
Mexico,2024-04-26,8,Monterrey,Tec,5,4,203.4,0.0
Mexico,2024-04-26,9,Monterrey,Centro,3,4,198.4,0.5
Mexico,2024-04-26,9,Monterrey,Mitras Centro,3,5,243.1,0.5
Mexico,2024-04-26,9,Monterrey,Apodaca Centro,7,8,450.4,0.5
Mexico,2024-04-26,9,Monterrey,Escobedo,9,7,385.0,0.5
Mexico,2024-04-26,9,Monterrey,Carretera Nacional,6,5,266.6,0.5
Mexico,2024-04-26,9,Monterrey,MTY_Apodaca_Huinalá,8,6,345.8,0.5
Mexico,2024-04-26,9,Monterrey,San Nicolás,2,4,221.8,0.5
Mexico,2024-04-26,9,Monterrey,Santa Catarina,3,4,223.5,0.5
Mexico,2024-04-26,9,Monterrey,San Pedro,7,4,194.7,0.5
Mexico,2024-04-26,9,Monterrey,Cumbres Poniente,4,6,350.1,0.5
Mexico,2024-04-26,9,Monterrey,La Fe,6,5,257.0,0.5
Mexico,2024-04-26,9,Monterrey,MTY_Guadalupe,4,4,215.4,0.5
Mexico,2024-04-26,9,Monterrey,Independencia,6,5,230.6,0.5
Mexico,2024-04-26,9,Monterrey,Tec,5,7,404.1,0.5
Mexico,2024-04-26,10,Monterrey,Centro,3,5,277.4,0.0
Mexico,2024-04-26,10,Monterrey,Mitras Centro,10,7,378.3,0.0
Mexico,2024-04-26,10,Monterrey,Apodaca Centro,10,7,374.0,0.0
Mexico,2024-04-26,10,Monterrey,Escobedo,1,3,176.1,0.0
Mexico,2024-04-26,10,Monterrey,Carretera Nacional,3,3,146.5,0.0
Mexico,2024-04-26,10,Monterrey,MTY_Apodaca_Huinalá,5,3,172.0,0.0
Mexico,2024-04-26,10,Monterrey,San Nicolás,10,8,415.1,0.0
Mexico,2024-04-26,10,Monterrey,Santa Catarina,8,8,476.4,0.0
Mexico,2024-04-26,10,Monterrey,San Pedro,7,6,323.1,0.0
Mexico,2024-04-26,10,Monterrey,Cumbres Poniente,10,10,523.6,0.0
Mexico,2024-04-26,10,Monterrey,La Fe,3,3,171.3,0.0
Mexico,2024-04-26,10,Monterrey,MTY_Guadalupe,3,5,265.2,0.0
Mexico,2024-04-26,10,Monterrey,Independencia,1,3,166.7,0.0
Mexico,2024-04-26,10,Monterrey,Tec,6,5,259.7,0.0
Mexico,2024-04-26,11,Monterrey,Centro,7,4,195.3,0.5
Mexico,2024-04-26,11,Monterrey,Mitras Centro,6,4,196.3,0.5
Mexico,2024-04-26,11,Monterrey,Apodaca Centro,9,6,352.3,0.5
Mexico,2024-04-26,11,Monterrey,Escobedo,10,7,375.9,0.5
Mexico,2024-04-26,11,Monterrey,Carretera Nacional,4,3,143.3,0.5
Mexico,2024-04-26,11,Monterrey,MTY_Apodaca_Huinalá,6,5,261.8,0.5
Mexico,2024-04-26,11,Monterrey,San Nicolás,3,2,90.1,0.5
Mexico,2024-04-26,11,Monterrey,Santa Catarina,1,3,156.6,0.5
Mexico,2024-04-26,11,Monterrey,San Pedro,2,4,230.0,0.5
Mexico,2024-04-26,11,Monterrey,Cumbres Poniente,7,6,291.8,0.5
Mexico,2024-04-26,11,Monterrey,La Fe,7,8,460.4,0.5
Mexico,2024-04-26,11,Monterrey,MTY_Guadalupe,1,2,94.1,0.5
Mexico,2024-04-26,11,Monterrey,Independencia,3,4,213.7,0.5
Mexico,2024-04-26,11,Monterrey,Tec,9,8,389.7,0.5
Mexico,2024-04-26,12,Monterrey,Centro,4,3,179.5,0.0
Mexico,2024-04-26,12,Monterrey,Mitras Centro,11,9,534.5,0.0
Mexico,2024-04-26,12,Monterrey,Apodaca Centro,2,4,190.2,0.0
Mexico,2024-04-26,12,Monterrey,Escobedo,4,2,104.0,0.0
Mexico,2024-04-26,12,Monterrey,Carretera Nacional,13,11,641.5,0.0
Mexico,2024-04-26,12,Monterrey,MTY_Apodaca_Huinalá,7,7,321.0,0.0
Mexico,2024-04-26,12,Monterrey,San Nicolás,5,3,149.6,0.0
Mexico,2024-04-26,12,Monterrey,Santa Catarina,5,3,168.9,0.0
Mexico,2024-04-26,12,Monterrey,San Pedro,5,5,293.3,0.0
Mexico,2024-04-26,12,Monterrey,Cumbres Poniente,1,3,172.6,0.0
Mexico,2024-04-26,12,Monterrey,La Fe,5,4,226.2,0.0
Mexico,2024-04-26,12,Monterrey,MTY_Guadalupe,1,2,100.2,0.0
Mexico,2024-04-26,12,Monterrey,Independencia,10,7,318.9,0.0
Mexico,2024-04-26,12,Monterrey,Tec,1,3,148.1,0.0
Mexico,2024-04-26,13,Monterrey,Centro,13,13,778.2,0.0
Mexico,2024-04-26,13,Monterrey,Mitras Centro,9,8,436.0,0.0
Mexico,2024-04-26,13,Monterrey,Apodaca Centro,10,9,437.2,0.0
Mexico,2024-04-26,13,Monterrey,Escobedo,13,10,492.9,0.0
Mexico,2024-04-26,13,Monterrey,Carretera Nacional,11,8,450.4,0.0
Mexico,2024-04-26,13,Monterrey,MTY_Apodaca_Huinalá,9,10,478.1,0.0
Mexico,2024-04-26,13,Monterrey,San Nicolás,10,10,579.8,0.0
Mexico,2024-04-26,13,Monterrey,Santa Catarina,11,8,397.9,0.0
Mexico,2024-04-26,13,Monterrey,San Pedro,9,9,423.5,0.0
Mexico,2024-04-26,13,Monterrey,Cumbres Poniente,10,9,509.8,0.0
Mexico,2024-04-26,13,Monterrey,La Fe,5,4,222.0,0.0
Mexico,2024-04-26,13,Monterrey,MTY_Guadalupe,13,13,601.8,0.0
Mexico,2024-04-26,13,Monterrey,Independencia,13,13,757.6,0.0
Mexico,2024-04-26,13,Monterrey,Tec,6,8,402.0,0.0
Mexico,2024-04-26,14,Monterrey,Centro,12,12,672.8,0.0
Mexico,2024-04-26,14,Monterrey,Mitras Centro,10,10,597.1,0.0
Mexico,2024-04-26,14,Monterrey,Apodaca Centro,10,9,447.4,0.0
Mexico,2024-04-26,14,Monterrey,Escobedo,8,7,372.5,0.0
Mexico,2024-04-26,14,Monterrey,Carretera Nacional,13,11,574.2,0.0
Mexico,2024-04-26,14,Monterrey,MTY_Apodaca_Huinalá,11,9,510.9,0.0
Mexico,2024-04-26,14,Monterrey,San Nicolás,15,13,688.3,0.0
Mexico,2024-04-26,14,Monterrey,Santa Catarina,11,9,464.2,0.0
Mexico,2024-04-26,14,Monterrey,San Pedro,8,10,482.4,0.0
Mexico,2024-04-26,14,Monterrey,Cumbres Poniente,14,12,583.7,0.0
Mexico,2024-04-26,14,Monterrey,La Fe,8,7,331.3,0.0
Mexico,2024-04-26,14,Monterrey,MTY_Guadalupe,4,5,233.5,0.0
Mexico,2024-04-26,14,Monterrey,Independencia,8,5,287.6,0.0
Mexico,2024-04-26,14,Monterrey,Tec,7,6,283.4,0.0
Mexico,2024-04-26,15,Monterrey,Centro,5,6,327.7,0.0
Mexico,2024-04-26,15,Monterrey,Mitras Centro,11,8,425.7,0.0
Mexico,2024-04-26,15,Monterrey,Apodaca Centro,6,3,158.1,0.0
Mexico,2024-04-26,15,Monterrey,Escobedo,9,6,271.1,0.0
Mexico,2024-04-26,15,Monterrey,Carretera Nacional,1,3,166.8,0.0
Mexico,2024-04-26,15,Monterrey,MTY_Apodaca_Huinalá,10,10,569.2,0.0
Mexico,2024-04-26,15,Monterrey,San Nicolás,8,9,526.5,0.0
Mexico,2024-04-26,15,Monterrey,Santa Catarina,5,2,111.2,0.0
Mexico,2024-04-26,15,Monterrey,San Pedro,6,6,338.4,0.0
Mexico,2024-04-26,15,Monterrey,Cumbres Poniente,4,6,346.2,0.0
Mexico,2024-04-26,15,Monterrey,La Fe,4,4,194.9,0.0
Mexico,2024-04-26,15,Monterrey,MTY_Guadalupe,7,9,487.6,0.0
Mexico,2024-04-26,15,Monterrey,Independencia,6,7,326.2,0.0
Mexico,2024-04-26,15,Monterrey,Tec,7,4,219.1,0.0
Mexico,2024-04-26,16,Monterrey,Centro,9,7,374.5,0.0
Mexico,2024-04-26,16,Monterrey,Mitras Centro,7,4,207.5,0.0
Mexico,2024-04-26,16,Monterrey,Apodaca Centro,6,3,171.0,0.0
Mexico,2024-04-26,16,Monterrey,Escobedo,5,3,139.1,0.0
Mexico,2024-04-26,16,Monterrey,Carretera Nacional,7,6,300.8,0.0
Mexico,2024-04-26,16,Monterrey,MTY_Apodaca_Huinalá,5,4,197.2,0.0
Mexico,2024-04-26,16,Monterrey,San Nicolás,3,1,50.2,0.0
Mexico,2024-04-26,16,Monterrey,Santa Catarina,9,10,577.2,0.0
Mexico,2024-04-26,16,Monterrey,San Pedro,3,3,160.1,0.0
Mexico,2024-04-26,16,Monterrey,Cumbres Poniente,11,9,472.9,0.0
Mexico,2024-04-26,16,Monterrey,La Fe,6,4,238.6,0.0
Mexico,2024-04-26,16,Monterrey,MTY_Guadalupe,6,3,166.7,0.0
Mexico,2024-04-26,16,Monterrey,Independencia,11,8,420.0,0.0
Mexico,2024-04-26,16,Monterrey,Tec,7,5,233.2,0.0
Mexico,2024-04-26,17,Monterrey,Centro,3,4,233.0,0.0
Mexico,2024-04-26,17,Monterrey,Mitras Centro,3,3,167.0,0.0
Mexico,2024-04-26,17,Monterrey,Apodaca Centro,7,5,261.5,0.0
Mexico,2024-04-26,17,Monterrey,Escobedo,3,5,270.5,0.0
Mexico,2024-04-26,17,Monterrey,Carretera Nacional,3,4,203.5,0.0
Mexico,2024-04-26,17,Monterrey,MTY_Apodaca_Huinalá,3,5,250.0,0.0
Mexico,2024-04-26,17,Monterrey,San Nicolás,4,3,176.4,0.0
Mexico,2024-04-26,17,Monterrey,Santa Catarina,2,4,234.0,0.0
Mexico,2024-04-26,17,Monterrey,San Pedro,6,7,315.5,0.0
Mexico,2024-04-26,17,Monterrey,Cumbres Poniente,3,3,179.7,0.0
Mexico,2024-04-26,17,Monterrey,La Fe,5,3,163.2,0.0
Mexico,2024-04-26,17,Monterrey,MTY_Guadalupe,5,6,271.9,0.0
Mexico,2024-04-26,17,Monterrey,Independencia,4,4,217.3,0.0
Mexico,2024-04-26,17,Monterrey,Tec,3,2,117.7,0.0
Mexico,2024-04-26,18,Monterrey,Centro,9,6,348.8,0.0
Mexico,2024-04-26,18,Monterrey,Mitras Centro,4,2,119.7,0.0
Mexico,2024-04-26,18,Monterrey,Apodaca Centro,3,4,222.7,0.0
Mexico,2024-04-26,18,Monterrey,Escobedo,7,5,283.2,0.0
Mexico,2024-04-26,18,Monterrey,Carretera Nacional,11,8,411.5,0.0
Mexico,2024-04-26,18,Monterrey,MTY_Apodaca_Huinalá,5,4,201.0,0.0
Mexico,2024-04-26,18,Monterrey,San Nicolás,9,7,385.1,0.0
Mexico,2024-04-26,18,Monterrey,Santa Catarina,2,4,213.8,0.0
Mexico,2024-04-26,18,Monterrey,San Pedro,4,4,180.9,0.0
Mexico,2024-04-26,18,Monterrey,Cumbres Poniente,1,3,139.6,0.0
Mexico,2024-04-26,18,Monterrey,La Fe,3,2,103.9,0.0
Mexico,2024-04-26,18,Monterrey,MTY_Guadalupe,7,4,188.8,0.0
Mexico,2024-04-26,18,Monterrey,Independencia,5,4,206.1,0.0
Mexico,2024-04-26,18,Monterrey,Tec,5,7,337.8,0.0
Mexico,2024-04-26,19,Monterrey,Centro,11,12,668.9,0.0
Mexico,2024-04-26,19,Monterrey,Mitras Centro,12,13,626.5,0.0
Mexico,2024-04-26,19,Monterrey,Apodaca Centro,8,8,364.8,0.0
Mexico,2024-04-26,19,Monterrey,Escobedo,9,10,493.8,0.0
Mexico,2024-04-26,19,Monterrey,Carretera Nacional,6,6,271.6,0.0
Mexico,2024-04-26,19,Monterrey,MTY_Apodaca_Huinalá,12,10,514.9,0.0
Mexico,2024-04-26,19,Monterrey,San Nicolás,16,17,849.7,0.0
Mexico,2024-04-26,19,Monterrey,Santa Catarina,9,9,413.2,0.0
Mexico,2024-04-26,19,Monterrey,San Pedro,5,6,312.9,0.0
Mexico,2024-04-26,19,Monterrey,Cumbres Poniente,2,3,179.2,0.0
Mexico,2024-04-26,19,Monterrey,La Fe,15,12,540.2,0.0
Mexico,2024-04-26,19,Monterrey,MTY_Guadalupe,7,9,457.1,0.0
Mexico,2024-04-26,19,Monterrey,Independencia,3,4,181.6,0.0
Mexico,2024-04-26,19,Monterrey,Tec,10,11,531.7,0.0
Mexico,2024-04-26,20,Monterrey,Centro,9,8,397.7,0.0
Mexico,2024-04-26,20,Monterrey,Mitras Centro,12,10,567.9,0.0
Mexico,2024-04-26,20,Monterrey,Apodaca Centro,6,7,325.9,0.0
Mexico,2024-04-26,20,Monterrey,Escobedo,7,8,378.1,0.0
Mexico,2024-04-26,20,Monterrey,Carretera Nacional,13,12,703.6,0.0
Mexico,2024-04-26,20,Monterrey,MTY_Apodaca_Huinalá,7,6,275.5,0.0
Mexico,2024-04-26,20,Monterrey,San Nicolás,6,6,340.1,0.0
Mexico,2024-04-26,20,Monterrey,Santa Catarina,8,7,383.6,0.0
Mexico,2024-04-26,20,Monterrey,San Pedro,14,12,700.5,0.0
Mexico,2024-04-26,20,Monterrey,Cumbres Poniente,10,8,397.3,0.0
Mexico,2024-04-26,20,Monterrey,La Fe,12,10,553.1,0.0
Mexico,2024-04-26,20,Monterrey,MTY_Guadalupe,11,10,521.0,0.0
Mexico,2024-04-26,20,Monterrey,Independencia,11,8,402.7,0.0
Mexico,2024-04-26,20,Monterrey,Tec,5,5,281.7,0.0
Mexico,2024-04-26,21,Monterrey,Centro,6,5,289.5,0.0
Mexico,2024-04-26,21,Monterrey,Mitras Centro,12,9,491.2,0.0
Mexico,2024-04-26,21,Monterrey,Apodaca Centro,11,10,514.5,0.0
Mexico,2024-04-26,21,Monterrey,Escobedo,10,7,411.4,0.0
Mexico,2024-04-26,21,Monterrey,Carretera Nacional,13,15,827.8,0.0
Mexico,2024-04-26,21,Monterrey,MTY_Apodaca_Huinalá,1,3,143.1,0.0
Mexico,2024-04-26,21,Monterrey,San Nicolás,13,10,519.0,0.0
Mexico,2024-04-26,21,Monterrey,Santa Catarina,9,8,462.5,0.0
Mexico,2024-04-26,21,Monterrey,San Pedro,12,11,576.1,0.0
Mexico,2024-04-26,21,Monterrey,Cumbres Poniente,9,6,336.2,0.0
Mexico,2024-04-26,21,Monterrey,La Fe,8,8,388.3,0.0
Mexico,2024-04-26,21,Monterrey,MTY_Guadalupe,10,8,451.3,0.0
Mexico,2024-04-26,21,Monterrey,Independencia,17,15,850.6,0.0
Mexico,2024-04-26,21,Monterrey,Tec,14,13,775.6,0.0
Mexico,2024-04-26,22,Monterrey,Centro,5,4,239.9,0.0
Mexico,2024-04-26,22,Monterrey,Mitras Centro,4,4,214.7,0.0
Mexico,2024-04-26,22,Monterrey,Apodaca Centro,6,5,226.2,0.0
Mexico,2024-04-26,22,Monterrey,Escobedo,8,5,247.2,0.0
Mexico,2024-04-26,22,Monterrey,Carretera Nacional,2,2,105.6,0.0
Mexico,2024-04-26,22,Monterrey,MTY_Apodaca_Huinalá,6,3,174.6,0.0
Mexico,2024-04-26,22,Monterrey,San Nicolás,4,4,199.9,0.0
Mexico,2024-04-26,22,Monterrey,Santa Catarina,1,2,102.2,0.0
Mexico,2024-04-26,22,Monterrey,San Pedro,3,4,208.7,0.0
Mexico,2024-04-26,22,Monterrey,Cumbres Poniente,4,5,261.2,0.0
Mexico,2024-04-26,22,Monterrey,La Fe,7,4,198.8,0.0
Mexico,2024-04-26,22,Monterrey,MTY_Guadalupe,7,4,229.4,0.0
Mexico,2024-04-26,22,Monterrey,Independencia,3,5,268.2,0.0
Mexico,2024-04-26,22,Monterrey,Tec,3,3,138.8,0.0
Mexico,2024-04-26,23,Monterrey,Centro,8,5,251.8,0.0
Mexico,2024-04-26,23,Monterrey,Mitras Centro,8,9,537.2,0.0
Mexico,2024-04-26,23,Monterrey,Apodaca Centro,3,3,162.6,0.0
Mexico,2024-04-26,23,Monterrey,Escobedo,4,4,192.2,0.0
Mexico,2024-04-26,23,Monterrey,Carretera Nacional,3,1,55.2,0.0
Mexico,2024-04-26,23,Monterrey,MTY_Apodaca_Huinalá,4,5,293.0,0.0
Mexico,2024-04-26,23,Monterrey,San Nicolás,4,3,167.4,0.0
Mexico,2024-04-26,23,Monterrey,Santa Catarina,8,5,289.5,0.0
Mexico,2024-04-26,23,Monterrey,San Pedro,9,10,500.8,0.0
Mexico,2024-04-26,23,Monterrey,Cumbres Poniente,6,5,271.8,0.0
Mexico,2024-04-26,23,Monterrey,La Fe,9,6,329.9,0.0
Mexico,2024-04-26,23,Monterrey,MTY_Guadalupe,8,5,234.4,0.0
Mexico,2024-04-26,23,Monterrey,Independencia,5,4,218.2,0.0
Mexico,2024-04-26,23,Monterrey,Tec,5,7,328.2,0.0
Mexico,2024-04-27,0,Monterrey,Centro,6,7,377.3,0.5
Mexico,2024-04-27,0,Monterrey,Mitras Centro,8,9,408.0,0.5
Mexico,2024-04-27,0,Monterrey,Apodaca Centro,13,10,501.9,0.5
Mexico,2024-04-27,0,Monterrey,Escobedo,9,6,344.5,0.5
Mexico,2024-04-27,0,Monterrey,Carretera Nacional,5,5,286.1,0.5
Mexico,2024-04-27,0,Monterrey,MTY_Apodaca_Huinalá,9,9,531.8,0.5
Mexico,2024-04-27,0,Monterrey,San Nicolás,6,8,455.3,0.5
Mexico,2024-04-27,0,Monterrey,Santa Catarina,9,8,399.4,0.5
Mexico,2024-04-27,0,Monterrey,San Pedro,15,14,826.7,0.5
Mexico,2024-04-27,0,Monterrey,Cumbres Poniente,9,6,349.6,0.5
Mexico,2024-04-27,0,Monterrey,La Fe,5,6,291.6,0.5
Mexico,2024-04-27,0,Monterrey,MTY_Guadalupe,9,10,460.0,0.5
Mexico,2024-04-27,0,Monterrey,Independencia,6,8,441.5,0.5
Mexico,2024-04-27,0,Monterrey,Tec,11,8,376.6,0.5
Mexico,2024-04-27,1,Monterrey,Centro,10,8,463.0,0.0
Mexico,2024-04-27,1,Monterrey,Mitras Centro,4,4,202.1,0.0
Mexico,2024-04-27,1,Monterrey,Apodaca Centro,12,11,648.3,0.0
Mexico,2024-04-27,1,Monterrey,Escobedo,3,5,241.0,0.0
Mexico,2024-04-27,1,Monterrey,Carretera Nacional,4,5,266.2,0.0
Mexico,2024-04-27,1,Monterrey,MTY_Apodaca_Huinalá,1,3,166.8,0.0
Mexico,2024-04-27,1,Monterrey,San Nicolás,7,5,296.0,0.0
Mexico,2024-04-27,1,Monterrey,Santa Catarina,3,5,261.9,0.0
Mexico,2024-04-27,1,Monterrey,San Pedro,10,7,338.7,0.0
Mexico,2024-04-27,1,Monterrey,Cumbres Poniente,10,10,494.5,0.0
Mexico,2024-04-27,1,Monterrey,La Fe,11,11,582.1,0.0
Mexico,2024-04-27,1,Monterrey,MTY_Guadalupe,8,8,439.9,0.0
Mexico,2024-04-27,1,Monterrey,Independencia,11,8,454.8,0.0
Mexico,2024-04-27,1,Monterrey,Tec,14,12,542.7,0.0
Mexico,2024-04-27,2,Monterrey,Centro,4,6,299.4,0.0
Mexico,2024-04-27,2,Monterrey,Mitras Centro,7,4,181.2,0.0
Mexico,2024-04-27,2,Monterrey,Apodaca Centro,9,7,364.3,0.0
Mexico,2024-04-27,2,Monterrey,Escobedo,8,8,460.8,0.0
Mexico,2024-04-27,2,Monterrey,Carretera Nacional,12,11,542.5,0.0
Mexico,2024-04-27,2,Monterrey,MTY_Apodaca_Huinalá,9,6,276.1,0.0
Mexico,2024-04-27,2,Monterrey,San Nicolás,11,8,411.3,0.0
Mexico,2024-04-27,2,Monterrey,Santa Catarina,7,7,335.9,0.0
Mexico,2024-04-27,2,Monterrey,San Pedro,6,5,275.3,0.0
Mexico,2024-04-27,2,Monterrey,Cumbres Poniente,14,11,558.1,0.0
Mexico,2024-04-27,2,Monterrey,La Fe,9,7,412.1,0.0
Mexico,2024-04-27,2,Monterrey,MTY_Guadalupe,6,8,396.7,0.0
Mexico,2024-04-27,2,Monterrey,Independencia,9,6,284.9,0.0
Mexico,2024-04-27,2,Monterrey,Tec,9,8,467.3,0.0
Mexico,2024-04-27,3,Monterrey,Centro,6,6,300.8,0.0
Mexico,2024-04-27,3,Monterrey,Mitras Centro,10,11,511.0,0.0
Mexico,2024-04-27,3,Monterrey,Apodaca Centro,11,9,512.6,0.0
Mexico,2024-04-27,3,Monterrey,Escobedo,10,8,474.8,0.0
Mexico,2024-04-27,3,Monterrey,Carretera Nacional,9,8,479.2,0.0
Mexico,2024-04-27,3,Monterrey,MTY_Apodaca_Huinalá,7,7,387.5,0.0
Mexico,2024-04-27,3,Monterrey,San Nicolás,5,7,413.3,0.0
Mexico,2024-04-27,3,Monterrey,Santa Catarina,6,6,272.4,0.0
Mexico,2024-04-27,3,Monterrey,San Pedro,5,7,363.7,0.0
Mexico,2024-04-27,3,Monterrey,Cumbres Poniente,11,9,498.8,0.0
Mexico,2024-04-27,3,Monterrey,La Fe,2,3,174.4,0.0
Mexico,2024-04-27,3,Monterrey,MTY_Guadalupe,3,4,239.7,0.0
Mexico,2024-04-27,3,Monterrey,Independencia,13,11,514.6,0.0
Mexico,2024-04-27,3,Monterrey,Tec,8,9,454.6,0.0
Mexico,2024-04-27,4,Monterrey,Centro,10,7,414.7,0.0
Mexico,2024-04-27,4,Monterrey,Mitras Centro,5,5,256.9,0.0
Mexico,2024-04-27,4,Monterrey,Apodaca Centro,7,9,455.7,0.0
Mexico,2024-04-27,4,Monterrey,Escobedo,8,10,591.7,0.0
Mexico,2024-04-27,4,Monterrey,Carretera Nacional,13,13,719.8,0.0
Mexico,2024-04-27,4,Monterrey,MTY_Apodaca_Huinalá,17,15,818.3,0.0
Mexico,2024-04-27,4,Monterrey,San Nicolás,12,13,665.3,0.0
Mexico,2024-04-27,4,Monterrey,Santa Catarina,4,5,233.5,0.0
Mexico,2024-04-27,4,Monterrey,San Pedro,6,8,436.0,0.0
Mexico,2024-04-27,4,Monterrey,Cumbres Poniente,14,11,517.4,0.0
Mexico,2024-04-27,4,Monterrey,La Fe,7,9,435.3,0.0
Mexico,2024-04-27,4,Monterrey,MTY_Guadalupe,2,2,117.0,0.0
Mexico,2024-04-27,4,Monterrey,Independencia,9,10,468.5,0.0
Mexico,2024-04-27,4,Monterrey,Tec,13,10,460.4,0.0
Mexico,2024-04-27,5,Monterrey,Centro,4,5,275.3,0.0
Mexico,2024-04-27,5,Monterrey,Mitras Centro,10,11,639.9,0.0
Mexico,2024-04-27,5,Monterrey,Apodaca Centro,5,4,224.1,0.0
Mexico,2024-04-27,5,Monterrey,Escobedo,10,9,473.1,0.0
Mexico,2024-04-27,5,Monterrey,Carretera Nacional,14,16,895.0,0.0
Mexico,2024-04-27,5,Monterrey,MTY_Apodaca_Huinalá,10,12,643.0,0.0
Mexico,2024-04-27,5,Monterrey,San Nicolás,8,8,415.2,0.0
Mexico,2024-04-27,5,Monterrey,Santa Catarina,7,9,523.8,0.0
Mexico,2024-04-27,5,Monterrey,San Pedro,11,8,476.7,0.0
Mexico,2024-04-27,5,Monterrey,Cumbres Poniente,1,3,172.2,0.0
Mexico,2024-04-27,5,Monterrey,La Fe,6,7,389.7,0.0
Mexico,2024-04-27,5,Monterrey,MTY_Guadalupe,7,6,321.8,0.0
Mexico,2024-04-27,5,Monterrey,Independencia,10,7,349.8,0.0
Mexico,2024-04-27,5,Monterrey,Tec,12,9,447.1,0.0
Mexico,2024-04-27,6,Monterrey,Centro,6,7,368.5,0.0
Mexico,2024-04-27,6,Monterrey,Mitras Centro,10,11,635.8,0.0
Mexico,2024-04-27,6,Monterrey,Apodaca Centro,8,10,496.8,0.0
Mexico,2024-04-27,6,Monterrey,Escobedo,4,6,319.0,0.0
Mexico,2024-04-27,6,Monterrey,Carretera Nacional,5,3,159.8,0.0
Mexico,2024-04-27,6,Monterrey,MTY_Apodaca_Huinalá,11,10,545.5,0.0
Mexico,2024-04-27,6,Monterrey,San Nicolás,17,14,803.3,0.0
Mexico,2024-04-27,6,Monterrey,Santa Catarina,10,8,361.2,0.0
Mexico,2024-04-27,6,Monterrey,San Pedro,3,3,137.4,0.0
Mexico,2024-04-27,6,Monterrey,Cumbres Poniente,8,7,364.8,0.0
Mexico,2024-04-27,6,Monterrey,La Fe,7,8,453.3,0.0
Mexico,2024-04-27,6,Monterrey,MTY_Guadalupe,13,11,643.8,0.0
Mexico,2024-04-27,6,Monterrey,Independencia,8,5,286.3,0.0
Mexico,2024-04-27,6,Monterrey,Tec,7,8,403.5,0.0
Mexico,2024-04-27,7,Monterrey,Centro,7,9,481.1,0.0
Mexico,2024-04-27,7,Monterrey,Mitras Centro,11,9,423.8,0.0
Mexico,2024-04-27,7,Monterrey,Apodaca Centro,12,9,447.9,0.0
Mexico,2024-04-27,7,Monterrey,Escobedo,8,9,493.2,0.0
Mexico,2024-04-27,7,Monterrey,Carretera Nacional,9,11,520.7,0.0
Mexico,2024-04-27,7,Monterrey,MTY_Apodaca_Huinalá,11,11,593.6,0.0
Mexico,2024-04-27,7,Monterrey,San Nicolás,4,2,98.1,0.0
Mexico,2024-04-27,7,Monterrey,Santa Catarina,6,8,368.1,0.0
Mexico,2024-04-27,7,Monterrey,San Pedro,13,12,595.3,0.0
Mexico,2024-04-27,7,Monterrey,Cumbres Poniente,15,12,695.1,0.0
Mexico,2024-04-27,7,Monterrey,La Fe,7,7,332.4,0.0
Mexico,2024-04-27,7,Monterrey,MTY_Guadalupe,6,5,274.1,0.0
Mexico,2024-04-27,7,Monterrey,Independencia,8,6,277.9,0.0
Mexico,2024-04-27,7,Monterrey,Tec,5,7,362.8,0.0
Mexico,2024-04-27,8,Monterrey,Centro,6,7,329.5,0.0
Mexico,2024-04-27,8,Monterrey,Mitras Centro,10,8,399.9,0.0
Mexico,2024-04-27,8,Monterrey,Apodaca Centro,5,4,218.7,0.0
Mexico,2024-04-27,8,Monterrey,Escobedo,8,7,413.0,0.0
Mexico,2024-04-27,8,Monterrey,Carretera Nacional,13,12,621.5,0.0
Mexico,2024-04-27,8,Monterrey,MTY_Apodaca_Huinalá,11,10,469.3,0.0
Mexico,2024-04-27,8,Monterrey,San Nicolás,10,11,610.0,0.0
Mexico,2024-04-27,8,Monterrey,Santa Catarina,8,9,471.1,0.0
Mexico,2024-04-27,8,Monterrey,San Pedro,8,7,388.6,0.0
Mexico,2024-04-27,8,Monterrey,Cumbres Poniente,9,7,413.3,0.0
Mexico,2024-04-27,8,Monterrey,La Fe,5,3,135.2,0.0
Mexico,2024-04-27,8,Monterrey,MTY_Guadalupe,8,7,323.6,0.0
Mexico,2024-04-27,8,Monterrey,Independencia,5,7,322.3,0.0
Mexico,2024-04-27,8,Monterrey,Tec,4,6,358.3,0.0
Mexico,2024-04-27,9,Monterrey,Centro,7,7,317.5,0.0
Mexico,2024-04-27,9,Monterrey,Mitras Centro,10,9,519.3,0.0
Mexico,2024-04-27,9,Monterrey,Apodaca Centro,8,6,332.4,0.0
Mexico,2024-04-27,9,Monterrey,Escobedo,12,9,460.8,0.0
Mexico,2024-04-27,9,Monterrey,Carretera Nacional,12,10,503.9,0.0
Mexico,2024-04-27,9,Monterrey,MTY_Apodaca_Huinalá,9,6,335.0,0.0
Mexico,2024-04-27,9,Monterrey,San Nicolás,9,6,343.2,0.0
Mexico,2024-04-27,9,Monterrey,Santa Catarina,10,8,454.3,0.0
Mexico,2024-04-27,9,Monterrey,San Pedro,7,6,332.5,0.0
Mexico,2024-04-27,9,Monterrey,Cumbres Poniente,11,8,379.1,0.0
Mexico,2024-04-27,9,Monterrey,La Fe,12,12,693.4,0.0
Mexico,2024-04-27,9,Monterrey,MTY_Guadalupe,3,4,239.1,0.0
Mexico,2024-04-27,9,Monterrey,Independencia,10,11,620.1,0.0
Mexico,2024-04-27,9,Monterrey,Tec,10,12,670.6,0.0
Mexico,2024-04-27,10,Monterrey,Centro,9,9,466.8,0.0
Mexico,2024-04-27,10,Monterrey,Mitras Centro,3,4,236.6,0.0
Mexico,2024-04-27,10,Monterrey,Apodaca Centro,8,8,447.0,0.0
Mexico,2024-04-27,10,Monterrey,Escobedo,7,8,458.5,0.0
Mexico,2024-04-27,10,Monterrey,Carretera Nacional,10,8,444.4,0.0
Mexico,2024-04-27,10,Monterrey,MTY_Apodaca_Huinalá,11,9,457.3,0.0
Mexico,2024-04-27,10,Monterrey,San Nicolás,7,9,475.1,0.0
Mexico,2024-04-27,10,Monterrey,Santa Catarina,5,7,395.0,0.0
Mexico,2024-04-27,10,Monterrey,San Pedro,7,4,227.9,0.0
Mexico,2024-04-27,10,Monterrey,Cumbres Poniente,9,6,310.0,0.0
Mexico,2024-04-27,10,Monterrey,La Fe,13,12,610.0,0.0
Mexico,2024-04-27,10,Monterrey,MTY_Guadalupe,12,10,531.0,0.0
Mexico,2024-04-27,10,Monterrey,Independencia,7,8,462.8,0.0
Mexico,2024-04-27,10,Monterrey,Tec,8,5,294.8,0.0
Mexico,2024-04-27,11,Monterrey,Centro,3,5,267.6,0.0
Mexico,2024-04-27,11,Monterrey,Mitras Centro,4,3,158.7,0.0
Mexico,2024-04-27,11,Monterrey,Apodaca Centro,14,12,648.3,0.0
Mexico,2024-04-27,11,Monterrey,Escobedo,10,10,472.0,0.0
Mexico,2024-04-27,11,Monterrey,Carretera Nacional,8,7,338.7,0.0
Mexico,2024-04-27,11,Monterrey,MTY_Apodaca_Huinalá,6,8,442.1,0.0
Mexico,2024-04-27,11,Monterrey,San Nicolás,8,6,274.8,0.0
Mexico,2024-04-27,11,Monterrey,Santa Catarina,10,8,389.0,0.0
Mexico,2024-04-27,11,Monterrey,San Pedro,3,4,188.0,0.0
Mexico,2024-04-27,11,Monterrey,Cumbres Poniente,10,10,569.1,0.0
Mexico,2024-04-27,11,Monterrey,La Fe,10,11,642.0,0.0
Mexico,2024-04-27,11,Monterrey,MTY_Guadalupe,9,6,343.0,0.0
Mexico,2024-04-27,11,Monterrey,Independencia,2,4,226.4,0.0
Mexico,2024-04-27,11,Monterrey,Tec,5,6,354.9,0.0
Mexico,2024-04-27,12,Monterrey,Centro,7,9,469.1,0.0
Mexico,2024-04-27,12,Monterrey,Mitras Centro,8,5,246.8,0.0
Mexico,2024-04-27,12,Monterrey,Apodaca Centro,9,10,546.8,0.0
Mexico,2024-04-27,12,Monterrey,Escobedo,3,3,140.0,0.0
Mexico,2024-04-27,12,Monterrey,Carretera Nacional,7,6,334.1,0.0
Mexico,2024-04-27,12,Monterrey,MTY_Apodaca_Huinalá,10,7,344.3,0.0
Mexico,2024-04-27,12,Monterrey,San Nicolás,8,8,371.1,0.0
Mexico,2024-04-27,12,Monterrey,Santa Catarina,9,7,413.1,0.0
Mexico,2024-04-27,12,Monterrey,San Pedro,8,7,323.7,0.0
Mexico,2024-04-27,12,Monterrey,Cumbres Poniente,10,7,333.4,0.0
Mexico,2024-04-27,12,Monterrey,La Fe,12,11,634.4,0.0
Mexico,2024-04-27,12,Monterrey,MTY_Guadalupe,8,7,363.6,0.0
Mexico,2024-04-27,12,Monterrey,Independencia,5,2,103.4,0.0
Mexico,2024-04-27,12,Monterrey,Tec,9,7,410.1,0.0
Mexico,2024-04-27,13,Monterrey,Centro,10,8,383.1,0.0
Mexico,2024-04-27,13,Monterrey,Mitras Centro,5,6,324.1,0.0
Mexico,2024-04-27,13,Monterrey,Apodaca Centro,14,14,697.6,0.0
Mexico,2024-04-27,13,Monterrey,Escobedo,10,9,448.1,0.0
Mexico,2024-04-27,13,Monterrey,Carretera Nacional,14,11,547.8,0.0
Mexico,2024-04-27,13,Monterrey,MTY_Apodaca_Huinalá,17,17,806.1,0.0
Mexico,2024-04-27,13,Monterrey,San Nicolás,18,17,792.8,0.0
Mexico,2024-04-27,13,Monterrey,Santa Catarina,13,10,571.4,0.0
Mexico,2024-04-27,13,Monterrey,San Pedro,9,6,318.3,0.0
Mexico,2024-04-27,13,Monterrey,Cumbres Poniente,9,11,583.0,0.0
Mexico,2024-04-27,13,Monterrey,La Fe,8,10,561.5,0.0
Mexico,2024-04-27,13,Monterrey,MTY_Guadalupe,17,17,974.6,0.0
Mexico,2024-04-27,13,Monterrey,Independencia,10,10,584.1,0.0
Mexico,2024-04-27,13,Monterrey,Tec,15,16,793.8,0.0
Mexico,2024-04-27,14,Monterrey,Centro,15,15,764.6,0.0
Mexico,2024-04-27,14,Monterrey,Mitras Centro,20,18,991.3,0.0
Mexico,2024-04-27,14,Monterrey,Apodaca Centro,6,8,405.7,0.0
Mexico,2024-04-27,14,Monterrey,Escobedo,13,15,725.3,0.0
Mexico,2024-04-27,14,Monterrey,Carretera Nacional,11,12,654.4,0.0
Mexico,2024-04-27,14,Monterrey,MTY_Apodaca_Huinalá,15,16,754.8,0.0
Mexico,2024-04-27,14,Monterrey,San Nicolás,15,12,696.3,0.0
Mexico,2024-04-27,14,Monterrey,Santa Catarina,23,21,1113.1,0.0
Mexico,2024-04-27,14,Monterrey,San Pedro,16,16,771.6,0.0
Mexico,2024-04-27,14,Monterrey,Cumbres Poniente,20,18,969.8,0.0
Mexico,2024-04-27,14,Monterrey,La Fe,12,12,599.0,0.0
Mexico,2024-04-27,14,Monterrey,MTY_Guadalupe,14,13,643.0,0.0
Mexico,2024-04-27,14,Monterrey,Independencia,17,17,944.5,0.0
Mexico,2024-04-27,14,Monterrey,Tec,18,15,877.8,0.0
Mexico,2024-04-27,15,Monterrey,Centro,14,11,563.6,0.0
Mexico,2024-04-27,15,Monterrey,Mitras Centro,8,8,421.1,0.0
Mexico,2024-04-27,15,Monterrey,Apodaca Centro,11,8,394.1,0.0
Mexico,2024-04-27,15,Monterrey,Escobedo,9,11,540.2,0.0
Mexico,2024-04-27,15,Monterrey,Carretera Nacional,6,8,363.4,0.0
Mexico,2024-04-27,15,Monterrey,MTY_Apodaca_Huinalá,11,9,534.8,0.0
Mexico,2024-04-27,15,Monterrey,San Nicolás,2,4,219.5,0.0
Mexico,2024-04-27,15,Monterrey,Santa Catarina,14,11,520.1,0.0
Mexico,2024-04-27,15,Monterrey,San Pedro,11,8,399.3,0.0
Mexico,2024-04-27,15,Monterrey,Cumbres Poniente,13,10,524.7,0.0
Mexico,2024-04-27,15,Monterrey,La Fe,8,8,395.2,0.0
Mexico,2024-04-27,15,Monterrey,MTY_Guadalupe,15,13,610.9,0.0
Mexico,2024-04-27,15,Monterrey,Independencia,4,5,248.6,0.0
Mexico,2024-04-27,15,Monterrey,Tec,4,3,150.2,0.0
Mexico,2024-04-27,16,Monterrey,Centro,14,11,556.9,0.0
Mexico,2024-04-27,16,Monterrey,Mitras Centro,11,8,363.7,0.0
Mexico,2024-04-27,16,Monterrey,Apodaca Centro,7,7,412.0,0.0
Mexico,2024-04-27,16,Monterrey,Escobedo,9,10,504.1,0.0
Mexico,2024-04-27,16,Monterrey,Carretera Nacional,11,12,675.7,0.0
Mexico,2024-04-27,16,Monterrey,MTY_Apodaca_Huinalá,7,9,429.5,0.0
Mexico,2024-04-27,16,Monterrey,San Nicolás,9,6,354.9,0.0
Mexico,2024-04-27,16,Monterrey,Santa Catarina,11,10,525.7,0.0
Mexico,2024-04-27,16,Monterrey,San Pedro,10,7,367.9,0.0
Mexico,2024-04-27,16,Monterrey,Cumbres Poniente,7,9,424.5,0.0
Mexico,2024-04-27,16,Monterrey,La Fe,7,9,518.4,0.0
Mexico,2024-04-27,16,Monterrey,MTY_Guadalupe,15,15,807.3,0.0
Mexico,2024-04-27,16,Monterrey,Independencia,6,4,217.9,0.0
Mexico,2024-04-27,16,Monterrey,Tec,6,5,274.4,0.0
Mexico,2024-04-27,17,Monterrey,Centro,6,5,232.4,0.0
Mexico,2024-04-27,17,Monterrey,Mitras Centro,8,6,304.9,0.0
Mexico,2024-04-27,17,Monterrey,Apodaca Centro,8,10,594.8,0.0
Mexico,2024-04-27,17,Monterrey,Escobedo,11,10,472.4,0.0
Mexico,2024-04-27,17,Monterrey,Carretera Nacional,12,9,488.6,0.0
Mexico,2024-04-27,17,Monterrey,MTY_Apodaca_Huinalá,9,7,371.5,0.0
Mexico,2024-04-27,17,Monterrey,San Nicolás,8,7,328.2,0.0
Mexico,2024-04-27,17,Monterrey,Santa Catarina,11,12,604.4,0.0
Mexico,2024-04-27,17,Monterrey,San Pedro,9,11,558.4,0.0
Mexico,2024-04-27,17,Monterrey,Cumbres Poniente,3,5,227.1,0.0
Mexico,2024-04-27,17,Monterrey,La Fe,11,9,466.0,0.0
Mexico,2024-04-27,17,Monterrey,MTY_Guadalupe,12,13,702.5,0.0
Mexico,2024-04-27,17,Monterrey,Independencia,3,4,227.9,0.0
Mexico,2024-04-27,17,Monterrey,Tec,11,8,457.0,0.0
Mexico,2024-04-27,18,Monterrey,Centro,11,10,578.6,0.0
Mexico,2024-04-27,18,Monterrey,Mitras Centro,7,4,213.4,0.0
Mexico,2024-04-27,18,Monterrey,Apodaca Centro,12,9,452.9,0.0
Mexico,2024-04-27,18,Monterrey,Escobedo,16,13,768.8,0.0
Mexico,2024-04-27,18,Monterrey,Carretera Nacional,8,7,352.2,0.0
Mexico,2024-04-27,18,Monterrey,MTY_Apodaca_Huinalá,10,9,471.4,0.0
Mexico,2024-04-27,18,Monterrey,San Nicolás,7,8,433.4,0.0
Mexico,2024-04-27,18,Monterrey,Santa Catarina,8,5,245.3,0.0
Mexico,2024-04-27,18,Monterrey,San Pedro,7,6,302.0,0.0
Mexico,2024-04-27,18,Monterrey,Cumbres Poniente,10,11,658.0,0.0
Mexico,2024-04-27,18,Monterrey,La Fe,11,8,363.3,0.0
Mexico,2024-04-27,18,Monterrey,MTY_Guadalupe,9,11,599.1,0.0
Mexico,2024-04-27,18,Monterrey,Independencia,8,7,398.9,0.0
Mexico,2024-04-27,18,Monterrey,Tec,6,8,445.3,0.0
Mexico,2024-04-27,19,Monterrey,Centro,14,11,625.1,0.0
Mexico,2024-04-27,19,Monterrey,Mitras Centro,16,13,689.9,0.0
Mexico,2024-04-27,19,Monterrey,Apodaca Centro,12,10,468.9,0.0
Mexico,2024-04-27,19,Monterrey,Escobedo,17,17,846.8,0.0
Mexico,2024-04-27,19,Monterrey,Carretera Nacional,14,13,731.2,0.0
Mexico,2024-04-27,19,Monterrey,MTY_Apodaca_Huinalá,21,18,874.5,0.0
Mexico,2024-04-27,19,Monterrey,San Nicolás,13,10,546.1,0.0
Mexico,2024-04-27,19,Monterrey,Santa Catarina,12,9,421.8,0.0
Mexico,2024-04-27,19,Monterrey,San Pedro,11,9,437.2,0.0
Mexico,2024-04-27,19,Monterrey,Cumbres Poniente,7,7,411.4,0.0
Mexico,2024-04-27,19,Monterrey,La Fe,16,16,798.5,0.0
Mexico,2024-04-27,19,Monterrey,MTY_Guadalupe,12,12,710.5,0.0
Mexico,2024-04-27,19,Monterrey,Independencia,22,20,1049.8,0.0
Mexico,2024-04-27,19,Monterrey,Tec,6,7,387.6,0.0
Mexico,2024-04-27,20,Monterrey,Centro,15,13,632.1,0.5
Mexico,2024-04-27,20,Monterrey,Mitras Centro,17,14,763.2,0.5
Mexico,2024-04-27,20,Monterrey,Apodaca Centro,17,14,819.4,0.5
Mexico,2024-04-27,20,Monterrey,Escobedo,12,12,660.5,0.5
Mexico,2024-04-27,20,Monterrey,Carretera Nacional,20,17,835.1,0.5
Mexico,2024-04-27,20,Monterrey,MTY_Apodaca_Huinalá,4,6,358.2,0.5
Mexico,2024-04-27,20,Monterrey,San Nicolás,10,11,574.7,0.5
Mexico,2024-04-27,20,Monterrey,Santa Catarina,18,17,971.2,0.5
Mexico,2024-04-27,20,Monterrey,San Pedro,12,13,698.4,0.5
Mexico,2024-04-27,20,Monterrey,Cumbres Poniente,19,17,846.2,0.5
Mexico,2024-04-27,20,Monterrey,La Fe,10,10,522.2,0.5
Mexico,2024-04-27,20,Monterrey,MTY_Guadalupe,17,17,935.0,0.5
Mexico,2024-04-27,20,Monterrey,Independencia,14,14,698.1,0.5
Mexico,2024-04-27,20,Monterrey,Tec,11,10,556.2,0.5
Mexico,2024-04-27,21,Monterrey,Centro,6,6,321.9,0.0
Mexico,2024-04-27,21,Monterrey,Mitras Centro,15,13,598.0,0.0
Mexico,2024-04-27,21,Monterrey,Apodaca Centro,15,12,627.6,0.0
Mexico,2024-04-27,21,Monterrey,Escobedo,5,7,405.1,0.0
Mexico,2024-04-27,21,Monterrey,Carretera Nacional,16,14,713.6,0.0
Mexico,2024-04-27,21,Monterrey,MTY_Apodaca_Huinalá,15,15,873.8,0.0
Mexico,2024-04-27,21,Monterrey,San Nicolás,12,10,471.8,0.0
Mexico,2024-04-27,21,Monterrey,Santa Catarina,17,14,666.9,0.0
Mexico,2024-04-27,21,Monterrey,San Pedro,15,15,681.4,0.0
Mexico,2024-04-27,21,Monterrey,Cumbres Poniente,16,18,891.1,0.0
Mexico,2024-04-27,21,Monterrey,La Fe,5,5,259.9,0.0
Mexico,2024-04-27,21,Monterrey,MTY_Guadalupe,23,21,1020.6,0.0
Mexico,2024-04-27,21,Monterrey,Independencia,14,15,842.8,0.0
Mexico,2024-04-27,21,Monterrey,Tec,16,14,631.7,0.0
Mexico,2024-04-27,22,Monterrey,Centro,9,7,346.6,0.0
Mexico,2024-04-27,22,Monterrey,Mitras Centro,9,8,474.0,0.0
Mexico,2024-04-27,22,Monterrey,Apodaca Centro,9,8,371.8,0.0
Mexico,2024-04-27,22,Monterrey,Escobedo,10,9,474.2,0.0
Mexico,2024-04-27,22,Monterrey,Carretera Nacional,8,10,543.9,0.0
Mexico,2024-04-27,22,Monterrey,MTY_Apodaca_Huinalá,9,7,415.9,0.0
Mexico,2024-04-27,22,Monterrey,San Nicolás,10,11,506.5,0.0
Mexico,2024-04-27,22,Monterrey,Santa Catarina,13,12,692.5,0.0
Mexico,2024-04-27,22,Monterrey,San Pedro,12,9,421.9,0.0
Mexico,2024-04-27,22,Monterrey,Cumbres Poniente,10,11,582.1,0.0
Mexico,2024-04-27,22,Monterrey,La Fe,15,14,687.6,0.0
Mexico,2024-04-27,22,Monterrey,MTY_Guadalupe,9,10,513.7,0.0
Mexico,2024-04-27,22,Monterrey,Independencia,7,5,241.6,0.0
Mexico,2024-04-27,22,Monterrey,Tec,8,7,362.6,0.0
Mexico,2024-04-27,23,Monterrey,Centro,7,5,241.4,0.0
Mexico,2024-04-27,23,Monterrey,Mitras Centro,5,6,274.1,0.0
Mexico,2024-04-27,23,Monterrey,Apodaca Centro,6,7,352.8,0.0
Mexico,2024-04-27,23,Monterrey,Escobedo,13,11,597.1,0.0
Mexico,2024-04-27,23,Monterrey,Carretera Nacional,9,6,314.6,0.0
Mexico,2024-04-27,23,Monterrey,MTY_Apodaca_Huinalá,10,8,431.2,0.0
Mexico,2024-04-27,23,Monterrey,San Nicolás,11,8,360.4,0.0
Mexico,2024-04-27,23,Monterrey,Santa Catarina,12,9,413.3,0.0
Mexico,2024-04-27,23,Monterrey,San Pedro,9,8,403.7,0.0
Mexico,2024-04-27,23,Monterrey,Cumbres Poniente,9,7,349.7,0.0
Mexico,2024-04-27,23,Monterrey,La Fe,7,9,535.5,0.0
Mexico,2024-04-27,23,Monterrey,MTY_Guadalupe,4,6,294.7,0.0
Mexico,2024-04-27,23,Monterrey,Independencia,7,9,495.1,0.0
Mexico,2024-04-27,23,Monterrey,Tec,11,9,509.7,0.0
Mexico,2024-04-28,0,Monterrey,Centro,9,9,461.4,2.5
Mexico,2024-04-28,0,Monterrey,Mitras Centro,2,7,363.0,2.5
Mexico,2024-04-28,0,Monterrey,Apodaca Centro,8,9,409.3,2.5
Mexico,2024-04-28,0,Monterrey,Escobedo,1,3,174.9,2.5
Mexico,2024-04-28,0,Monterrey,Carretera Nacional,2,5,252.8,2.5
Mexico,2024-04-28,0,Monterrey,MTY_Apodaca_Huinalá,1,3,162.9,2.5
Mexico,2024-04-28,0,Monterrey,San Nicolás,3,4,218.6,2.5
Mexico,2024-04-28,0,Monterrey,Santa Catarina,11,12,622.2,2.5
Mexico,2024-04-28,0,Monterrey,San Pedro,9,11,580.2,2.5
Mexico,2024-04-28,0,Monterrey,Cumbres Poniente,2,7,343.1,2.5
Mexico,2024-04-28,0,Monterrey,La Fe,8,11,572.6,2.5
Mexico,2024-04-28,0,Monterrey,MTY_Guadalupe,8,8,427.9,2.5
Mexico,2024-04-28,0,Monterrey,Independencia,10,10,460.7,2.5
Mexico,2024-04-28,0,Monterrey,Tec,4,8,419.1,2.5
Mexico,2024-04-28,1,Monterrey,Centro,5,7,382.7,0.0
Mexico,2024-04-28,1,Monterrey,Mitras Centro,9,7,339.7,0.0
Mexico,2024-04-28,1,Monterrey,Apodaca Centro,16,13,775.2,0.0
Mexico,2024-04-28,1,Monterrey,Escobedo,7,8,421.0,0.0
Mexico,2024-04-28,1,Monterrey,Carretera Nacional,22,19,1005.0,0.0
Mexico,2024-04-28,1,Monterrey,MTY_Apodaca_Huinalá,7,5,256.3,0.0
Mexico,2024-04-28,1,Monterrey,San Nicolás,3,5,238.4,0.0
Mexico,2024-04-28,1,Monterrey,Santa Catarina,11,9,529.7,0.0
Mexico,2024-04-28,1,Monterrey,San Pedro,6,3,140.0,0.0
Mexico,2024-04-28,1,Monterrey,Cumbres Poniente,17,15,684.4,0.0
Mexico,2024-04-28,1,Monterrey,La Fe,8,7,356.7,0.0
Mexico,2024-04-28,1,Monterrey,MTY_Guadalupe,8,5,264.9,0.0
Mexico,2024-04-28,1,Monterrey,Independencia,7,5,274.9,0.0
Mexico,2024-04-28,1,Monterrey,Tec,16,13,676.7,0.0
Mexico,2024-04-28,2,Monterrey,Centro,5,7,316.6,0.0
Mexico,2024-04-28,2,Monterrey,Mitras Centro,6,8,402.5,0.0
Mexico,2024-04-28,2,Monterrey,Apodaca Centro,8,6,283.6,0.0
Mexico,2024-04-28,2,Monterrey,Escobedo,11,13,661.6,0.0
Mexico,2024-04-28,2,Monterrey,Carretera Nacional,10,7,397.3,0.0
Mexico,2024-04-28,2,Monterrey,MTY_Apodaca_Huinalá,9,6,296.6,0.0
Mexico,2024-04-28,2,Monterrey,San Nicolás,10,7,388.3,0.0
Mexico,2024-04-28,2,Monterrey,Santa Catarina,10,11,558.7,0.0
Mexico,2024-04-28,2,Monterrey,San Pedro,7,6,299.1,0.0
Mexico,2024-04-28,2,Monterrey,Cumbres Poniente,6,8,436.3,0.0
Mexico,2024-04-28,2,Monterrey,La Fe,9,9,440.8,0.0
Mexico,2024-04-28,2,Monterrey,MTY_Guadalupe,10,9,490.3,0.0
Mexico,2024-04-28,2,Monterrey,Independencia,7,7,376.7,0.0
Mexico,2024-04-28,2,Monterrey,Tec,15,12,648.0,0.0
Mexico,2024-04-28,3,Monterrey,Centro,5,7,411.3,0.0
Mexico,2024-04-28,3,Monterrey,Mitras Centro,12,12,552.0,0.0
Mexico,2024-04-28,3,Monterrey,Apodaca Centro,13,11,555.3,0.0
Mexico,2024-04-28,3,Monterrey,Escobedo,13,12,562.5,0.0
Mexico,2024-04-28,3,Monterrey,Carretera Nacional,9,8,439.1,0.0
Mexico,2024-04-28,3,Monterrey,MTY_Apodaca_Huinalá,7,4,184.7,0.0
Mexico,2024-04-28,3,Monterrey,San Nicolás,8,7,386.6,0.0
Mexico,2024-04-28,3,Monterrey,Santa Catarina,10,8,456.8,0.0
Mexico,2024-04-28,3,Monterrey,San Pedro,11,9,438.8,0.0
Mexico,2024-04-28,3,Monterrey,Cumbres Poniente,8,8,369.9,0.0
Mexico,2024-04-28,3,Monterrey,La Fe,5,5,274.6,0.0
Mexico,2024-04-28,3,Monterrey,MTY_Guadalupe,9,8,439.2,0.0
Mexico,2024-04-28,3,Monterrey,Independencia,9,11,549.5,0.0
Mexico,2024-04-28,3,Monterrey,Tec,4,6,320.7,0.0
Mexico,2024-04-28,4,Monterrey,Centro,8,10,507.0,0.0
Mexico,2024-04-28,4,Monterrey,Mitras Centro,6,5,244.8,0.0
Mexico,2024-04-28,4,Monterrey,Apodaca Centro,12,13,600.9,0.0
Mexico,2024-04-28,4,Monterrey,Escobedo,6,6,333.5,0.0
Mexico,2024-04-28,4,Monterrey,Carretera Nacional,7,8,378.2,0.0
Mexico,2024-04-28,4,Monterrey,MTY_Apodaca_Huinalá,12,9,502.4,0.0
Mexico,2024-04-28,4,Monterrey,San Nicolás,4,4,192.4,0.0
Mexico,2024-04-28,4,Monterrey,Santa Catarina,7,5,229.0,0.0
Mexico,2024-04-28,4,Monterrey,San Pedro,10,7,363.0,0.0
Mexico,2024-04-28,4,Monterrey,Cumbres Poniente,4,4,205.3,0.0
Mexico,2024-04-28,4,Monterrey,La Fe,5,2,106.6,0.0
Mexico,2024-04-28,4,Monterrey,MTY_Guadalupe,10,10,590.1,0.0
Mexico,2024-04-28,4,Monterrey,Independencia,7,9,467.1,0.0
Mexico,2024-04-28,4,Monterrey,Tec,8,10,542.2,0.0
Mexico,2024-04-28,5,Monterrey,Centro,8,6,282.1,0.0
Mexico,2024-04-28,5,Monterrey,Mitras Centro,8,9,412.7,0.0
Mexico,2024-04-28,5,Monterrey,Apodaca Centro,3,4,187.7,0.0
Mexico,2024-04-28,5,Monterrey,Escobedo,11,13,614.8,0.0
Mexico,2024-04-28,5,Monterrey,Carretera Nacional,9,8,430.7,0.0
Mexico,2024-04-28,5,Monterrey,MTY_Apodaca_Huinalá,9,6,323.6,0.0
Mexico,2024-04-28,5,Monterrey,San Nicolás,10,10,486.2,0.0
Mexico,2024-04-28,5,Monterrey,Santa Catarina,6,3,168.2,0.0
Mexico,2024-04-28,5,Monterrey,San Pedro,6,8,378.6,0.0
Mexico,2024-04-28,5,Monterrey,Cumbres Poniente,9,7,332.6,0.0
Mexico,2024-04-28,5,Monterrey,La Fe,9,9,460.4,0.0
Mexico,2024-04-28,5,Monterrey,MTY_Guadalupe,4,4,197.2,0.0
Mexico,2024-04-28,5,Monterrey,Independencia,9,10,498.3,0.0
Mexico,2024-04-28,5,Monterrey,Tec,4,6,316.2,0.0
Mexico,2024-04-28,6,Monterrey,Centro,11,8,461.0,0.0
Mexico,2024-04-28,6,Monterrey,Mitras Centro,9,6,315.9,0.0
Mexico,2024-04-28,6,Monterrey,Apodaca Centro,9,7,336.3,0.0
Mexico,2024-04-28,6,Monterrey,Escobedo,8,7,409.5,0.0
Mexico,2024-04-28,6,Monterrey,Carretera Nacional,4,5,242.1,0.0
Mexico,2024-04-28,6,Monterrey,MTY_Apodaca_Huinalá,8,7,371.0,0.0
Mexico,2024-04-28,6,Monterrey,San Nicolás,5,6,302.8,0.0
Mexico,2024-04-28,6,Monterrey,Santa Catarina,13,10,460.5,0.0
Mexico,2024-04-28,6,Monterrey,San Pedro,14,14,743.2,0.0
Mexico,2024-04-28,6,Monterrey,Cumbres Poniente,8,9,468.0,0.0
Mexico,2024-04-28,6,Monterrey,La Fe,5,6,302.4,0.0
Mexico,2024-04-28,6,Monterrey,MTY_Guadalupe,1,3,172.4,0.0
Mexico,2024-04-28,6,Monterrey,Independencia,8,5,266.3,0.0
Mexico,2024-04-28,6,Monterrey,Tec,6,4,205.5,0.0
Mexico,2024-04-28,7,Monterrey,Centro,12,10,561.5,0.5
Mexico,2024-04-28,7,Monterrey,Mitras Centro,5,6,337.5,0.5
Mexico,2024-04-28,7,Monterrey,Apodaca Centro,9,7,349.3,0.5
Mexico,2024-04-28,7,Monterrey,Escobedo,11,12,679.1,0.5
Mexico,2024-04-28,7,Monterrey,Carretera Nacional,8,7,377.3,0.5
Mexico,2024-04-28,7,Monterrey,MTY_Apodaca_Huinalá,12,10,554.2,0.5
Mexico,2024-04-28,7,Monterrey,San Nicolás,7,7,365.2,0.5
Mexico,2024-04-28,7,Monterrey,Santa Catarina,9,8,378.4,0.5
Mexico,2024-04-28,7,Monterrey,San Pedro,5,7,337.9,0.5
Mexico,2024-04-28,7,Monterrey,Cumbres Poniente,2,4,213.7,0.5
Mexico,2024-04-28,7,Monterrey,La Fe,13,11,502.2,0.5
Mexico,2024-04-28,7,Monterrey,MTY_Guadalupe,6,4,232.4,0.5
Mexico,2024-04-28,7,Monterrey,Independencia,12,9,487.6,0.5
Mexico,2024-04-28,7,Monterrey,Tec,9,7,331.6,0.5
Mexico,2024-04-28,8,Monterrey,Centro,4,6,302.0,0.0
Mexico,2024-04-28,8,Monterrey,Mitras Centro,9,8,433.9,0.0
Mexico,2024-04-28,8,Monterrey,Apodaca Centro,5,6,310.1,0.0
Mexico,2024-04-28,8,Monterrey,Escobedo,5,7,331.2,0.0
Mexico,2024-04-28,8,Monterrey,Carretera Nacional,6,8,459.6,0.0
Mexico,2024-04-28,8,Monterrey,MTY_Apodaca_Huinalá,10,12,546.1,0.0
Mexico,2024-04-28,8,Monterrey,San Nicolás,10,7,367.5,0.0
Mexico,2024-04-28,8,Monterrey,Santa Catarina,8,5,277.3,0.0
Mexico,2024-04-28,8,Monterrey,San Pedro,16,16,803.1,0.0
Mexico,2024-04-28,8,Monterrey,Cumbres Poniente,20,17,781.0,0.0
Mexico,2024-04-28,8,Monterrey,La Fe,14,15,879.2,0.0
Mexico,2024-04-28,8,Monterrey,MTY_Guadalupe,4,3,169.2,0.0
Mexico,2024-04-28,8,Monterrey,Independencia,6,5,225.8,0.0
Mexico,2024-04-28,8,Monterrey,Tec,1,2,115.2,0.0
Mexico,2024-04-28,9,Monterrey,Centro,3,5,279.7,0.0
Mexico,2024-04-28,9,Monterrey,Mitras Centro,9,7,333.8,0.0
Mexico,2024-04-28,9,Monterrey,Apodaca Centro,10,8,383.6,0.0
Mexico,2024-04-28,9,Monterrey,Escobedo,11,11,521.2,0.0
Mexico,2024-04-28,9,Monterrey,Carretera Nacional,10,12,695.6,0.0
Mexico,2024-04-28,9,Monterrey,MTY_Apodaca_Huinalá,12,14,789.8,0.0
Mexico,2024-04-28,9,Monterrey,San Nicolás,8,8,467.4,0.0
Mexico,2024-04-28,9,Monterrey,Santa Catarina,5,4,234.3,0.0
Mexico,2024-04-28,9,Monterrey,San Pedro,14,11,560.5,0.0
Mexico,2024-04-28,9,Monterrey,Cumbres Poniente,9,8,419.6,0.0
Mexico,2024-04-28,9,Monterrey,La Fe,13,10,573.9,0.0
Mexico,2024-04-28,9,Monterrey,MTY_Guadalupe,6,6,340.8,0.0
Mexico,2024-04-28,9,Monterrey,Independencia,8,5,257.1,0.0
Mexico,2024-04-28,9,Monterrey,Tec,7,7,417.3,0.0
Mexico,2024-04-28,10,Monterrey,Centro,10,7,330.9,0.0
Mexico,2024-04-28,10,Monterrey,Mitras Centro,11,13,651.5,0.0
Mexico,2024-04-28,10,Monterrey,Apodaca Centro,6,5,257.0,0.0
Mexico,2024-04-28,10,Monterrey,Escobedo,8,5,228.2,0.0
Mexico,2024-04-28,10,Monterrey,Carretera Nacional,8,8,394.7,0.0
Mexico,2024-04-28,10,Monterrey,MTY_Apodaca_Huinalá,10,8,436.4,0.0
Mexico,2024-04-28,10,Monterrey,San Nicolás,8,8,363.5,0.0
Mexico,2024-04-28,10,Monterrey,Santa Catarina,3,5,261.3,0.0
Mexico,2024-04-28,10,Monterrey,San Pedro,10,7,372.5,0.0
Mexico,2024-04-28,10,Monterrey,Cumbres Poniente,8,8,447.4,0.0
Mexico,2024-04-28,10,Monterrey,La Fe,15,12,645.1,0.0
Mexico,2024-04-28,10,Monterrey,MTY_Guadalupe,5,5,236.8,0.0
Mexico,2024-04-28,10,Monterrey,Independencia,12,13,654.3,0.0
Mexico,2024-04-28,10,Monterrey,Tec,1,1,53.8,0.0
Mexico,2024-04-28,11,Monterrey,Centro,13,10,493.1,0.0
Mexico,2024-04-28,11,Monterrey,Mitras Centro,6,8,474.6,0.0
Mexico,2024-04-28,11,Monterrey,Apodaca Centro,5,4,226.9,0.0
Mexico,2024-04-28,11,Monterrey,Escobedo,7,8,396.5,0.0
Mexico,2024-04-28,11,Monterrey,Carretera Nacional,4,6,308.2,0.0
Mexico,2024-04-28,11,Monterrey,MTY_Apodaca_Huinalá,10,9,450.7,0.0
Mexico,2024-04-28,11,Monterrey,San Nicolás,2,4,227.9,0.0
Mexico,2024-04-28,11,Monterrey,Santa Catarina,8,7,351.4,0.0
Mexico,2024-04-28,11,Monterrey,San Pedro,7,6,318.6,0.0
Mexico,2024-04-28,11,Monterrey,Cumbres Poniente,5,4,183.9,0.0
Mexico,2024-04-28,11,Monterrey,La Fe,3,4,211.4,0.0
Mexico,2024-04-28,11,Monterrey,MTY_Guadalupe,12,13,750.2,0.0
Mexico,2024-04-28,11,Monterrey,Independencia,6,7,404.1,0.0
Mexico,2024-04-28,11,Monterrey,Tec,7,4,200.2,0.0
Mexico,2024-04-28,12,Monterrey,Centro,10,8,460.6,0.0
Mexico,2024-04-28,12,Monterrey,Mitras Centro,5,7,344.0,0.0
Mexico,2024-04-28,12,Monterrey,Apodaca Centro,5,3,171.1,0.0
Mexico,2024-04-28,12,Monterrey,Escobedo,5,7,402.8,0.0
Mexico,2024-04-28,12,Monterrey,Carretera Nacional,7,7,387.1,0.0
Mexico,2024-04-28,12,Monterrey,MTY_Apodaca_Huinalá,4,4,213.9,0.0
Mexico,2024-04-28,12,Monterrey,San Nicolás,6,8,456.0,0.0
Mexico,2024-04-28,12,Monterrey,Santa Catarina,10,8,386.4,0.0
Mexico,2024-04-28,12,Monterrey,San Pedro,4,6,338.7,0.0
Mexico,2024-04-28,12,Monterrey,Cumbres Poniente,11,9,524.6,0.0
Mexico,2024-04-28,12,Monterrey,La Fe,9,9,446.1,0.0
Mexico,2024-04-28,12,Monterrey,MTY_Guadalupe,10,8,421.2,0.0
Mexico,2024-04-28,12,Monterrey,Independencia,13,12,697.9,0.0
Mexico,2024-04-28,12,Monterrey,Tec,11,9,457.0,0.0
Mexico,2024-04-28,13,Monterrey,Centro,13,10,459.0,0.0
Mexico,2024-04-28,13,Monterrey,Mitras Centro,12,13,651.4,0.0
Mexico,2024-04-28,13,Monterrey,Apodaca Centro,14,16,881.0,0.0
Mexico,2024-04-28,13,Monterrey,Escobedo,8,10,551.2,0.0
Mexico,2024-04-28,13,Monterrey,Carretera Nacional,12,12,541.3,0.0
Mexico,2024-04-28,13,Monterrey,MTY_Apodaca_Huinalá,15,12,629.5,0.0
Mexico,2024-04-28,13,Monterrey,San Nicolás,12,12,593.8,0.0
Mexico,2024-04-28,13,Monterrey,Santa Catarina,12,14,775.0,0.0
Mexico,2024-04-28,13,Monterrey,San Pedro,21,19,1120.6,0.0
Mexico,2024-04-28,13,Monterrey,Cumbres Poniente,13,13,778.4,0.0
Mexico,2024-04-28,13,Monterrey,La Fe,10,12,693.9,0.0
Mexico,2024-04-28,13,Monterrey,MTY_Guadalupe,13,15,776.4,0.0
Mexico,2024-04-28,13,Monterrey,Independencia,13,12,598.8,0.0
Mexico,2024-04-28,13,Monterrey,Tec,10,12,621.9,0.0
Mexico,2024-04-28,14,Monterrey,Centro,17,14,832.0,0.0
Mexico,2024-04-28,14,Monterrey,Mitras Centro,12,13,679.2,0.0
Mexico,2024-04-28,14,Monterrey,Apodaca Centro,11,12,558.7,0.0
Mexico,2024-04-28,14,Monterrey,Escobedo,13,15,746.3,0.0
Mexico,2024-04-28,14,Monterrey,Carretera Nacional,14,12,547.0,0.0
Mexico,2024-04-28,14,Monterrey,MTY_Apodaca_Huinalá,13,12,619.6,0.0
Mexico,2024-04-28,14,Monterrey,San Nicolás,16,16,920.4,0.0
Mexico,2024-04-28,14,Monterrey,Santa Catarina,14,16,792.8,0.0
Mexico,2024-04-28,14,Monterrey,San Pedro,4,6,323.1,0.0
Mexico,2024-04-28,14,Monterrey,Cumbres Poniente,13,12,586.8,0.0
Mexico,2024-04-28,14,Monterrey,La Fe,15,12,718.1,0.0
Mexico,2024-04-28,14,Monterrey,MTY_Guadalupe,13,15,831.4,0.0
Mexico,2024-04-28,14,Monterrey,Independencia,18,16,727.0,0.0
Mexico,2024-04-28,14,Monterrey,Tec,19,21,1220.5,0.0
Mexico,2024-04-28,15,Monterrey,Centro,8,9,436.5,0.0
Mexico,2024-04-28,15,Monterrey,Mitras Centro,8,7,340.6,0.0
Mexico,2024-04-28,15,Monterrey,Apodaca Centro,6,8,433.7,0.0
Mexico,2024-04-28,15,Monterrey,Escobedo,8,7,362.1,0.0
Mexico,2024-04-28,15,Monterrey,Carretera Nacional,4,4,217.6,0.0
Mexico,2024-04-28,15,Monterrey,MTY_Apodaca_Huinalá,8,10,498.8,0.0
Mexico,2024-04-28,15,Monterrey,San Nicolás,10,11,593.3,0.0
Mexico,2024-04-28,15,Monterrey,Santa Catarina,22,19,950.7,0.0
Mexico,2024-04-28,15,Monterrey,San Pedro,7,8,462.8,0.0
Mexico,2024-04-28,15,Monterrey,Cumbres Poniente,11,8,413.6,0.0
Mexico,2024-04-28,15,Monterrey,La Fe,8,6,281.2,0.0
Mexico,2024-04-28,15,Monterrey,MTY_Guadalupe,18,17,835.4,0.0
Mexico,2024-04-28,15,Monterrey,Independencia,14,13,641.0,0.0
Mexico,2024-04-28,15,Monterrey,Tec,9,9,406.7,0.0
Mexico,2024-04-28,16,Monterrey,Centro,13,12,576.7,0.0
Mexico,2024-04-28,16,Monterrey,Mitras Centro,14,11,500.5,0.0
Mexico,2024-04-28,16,Monterrey,Apodaca Centro,9,10,596.8,0.0
Mexico,2024-04-28,16,Monterrey,Escobedo,13,10,576.3,0.0
Mexico,2024-04-28,16,Monterrey,Carretera Nacional,12,12,626.7,0.0
Mexico,2024-04-28,16,Monterrey,MTY_Apodaca_Huinalá,7,8,446.9,0.0
Mexico,2024-04-28,16,Monterrey,San Nicolás,12,9,508.9,0.0
Mexico,2024-04-28,16,Monterrey,Santa Catarina,11,8,368.0,0.0
Mexico,2024-04-28,16,Monterrey,San Pedro,10,9,527.6,0.0
Mexico,2024-04-28,16,Monterrey,Cumbres Poniente,9,9,489.4,0.0
Mexico,2024-04-28,16,Monterrey,La Fe,9,9,504.4,0.0
Mexico,2024-04-28,16,Monterrey,MTY_Guadalupe,11,11,652.8,0.0
Mexico,2024-04-28,16,Monterrey,Independencia,9,8,460.1,0.0
Mexico,2024-04-28,16,Monterrey,Tec,12,10,556.0,0.0
Mexico,2024-04-28,17,Monterrey,Centro,14,12,592.0,0.0
Mexico,2024-04-28,17,Monterrey,Mitras Centro,9,8,474.2,0.0
Mexico,2024-04-28,17,Monterrey,Apodaca Centro,4,6,342.2,0.0
Mexico,2024-04-28,17,Monterrey,Escobedo,9,8,361.9,0.0
Mexico,2024-04-28,17,Monterrey,Carretera Nacional,6,8,452.8,0.0
Mexico,2024-04-28,17,Monterrey,MTY_Apodaca_Huinalá,6,8,470.7,0.0
Mexico,2024-04-28,17,Monterrey,San Nicolás,10,8,465.2,0.0
Mexico,2024-04-28,17,Monterrey,Santa Catarina,12,11,508.1,0.0
Mexico,2024-04-28,17,Monterrey,San Pedro,11,8,412.9,0.0
Mexico,2024-04-28,17,Monterrey,Cumbres Poniente,9,11,593.6,0.0
Mexico,2024-04-28,17,Monterrey,La Fe,7,4,221.6,0.0
Mexico,2024-04-28,17,Monterrey,MTY_Guadalupe,9,9,441.9,0.0
Mexico,2024-04-28,17,Monterrey,Independencia,16,14,666.2,0.0
Mexico,2024-04-28,17,Monterrey,Tec,6,5,235.0,0.0
Mexico,2024-04-28,18,Monterrey,Centro,12,9,419.4,0.5
Mexico,2024-04-28,18,Monterrey,Mitras Centro,7,4,186.8,0.5
Mexico,2024-04-28,18,Monterrey,Apodaca Centro,8,8,370.1,0.5
Mexico,2024-04-28,18,Monterrey,Escobedo,9,7,336.8,0.5
Mexico,2024-04-28,18,Monterrey,Carretera Nacional,9,10,598.7,0.5
Mexico,2024-04-28,18,Monterrey,MTY_Apodaca_Huinalá,10,7,317.2,0.5
Mexico,2024-04-28,18,Monterrey,San Nicolás,10,9,537.3,0.5
Mexico,2024-04-28,18,Monterrey,Santa Catarina,10,10,465.8,0.5
Mexico,2024-04-28,18,Monterrey,San Pedro,5,5,278.5,0.5
Mexico,2024-04-28,18,Monterrey,Cumbres Poniente,8,6,277.1,0.5
Mexico,2024-04-28,18,Monterrey,La Fe,9,11,511.8,0.5
Mexico,2024-04-28,18,Monterrey,MTY_Guadalupe,5,7,411.7,0.5
Mexico,2024-04-28,18,Monterrey,Independencia,4,3,143.9,0.5
Mexico,2024-04-28,18,Monterrey,Tec,10,8,456.5,0.5
Mexico,2024-04-28,19,Monterrey,Centro,12,10,518.2,0.0
Mexico,2024-04-28,19,Monterrey,Mitras Centro,13,15,682.8,0.0
Mexico,2024-04-28,19,Monterrey,Apodaca Centro,19,16,886.8,0.0
Mexico,2024-04-28,19,Monterrey,Escobedo,13,15,853.3,0.0
Mexico,2024-04-28,19,Monterrey,Carretera Nacional,19,18,885.5,0.0
Mexico,2024-04-28,19,Monterrey,MTY_Apodaca_Huinalá,23,20,1133.6,0.0
Mexico,2024-04-28,19,Monterrey,San Nicolás,10,9,516.2,0.0
Mexico,2024-04-28,19,Monterrey,Santa Catarina,11,9,534.9,0.0
Mexico,2024-04-28,19,Monterrey,San Pedro,13,13,693.6,0.0
Mexico,2024-04-28,19,Monterrey,Cumbres Poniente,12,12,709.3,0.0
Mexico,2024-04-28,19,Monterrey,La Fe,20,17,810.9,0.0
Mexico,2024-04-28,19,Monterrey,MTY_Guadalupe,12,12,592.1,0.0
Mexico,2024-04-28,19,Monterrey,Independencia,10,12,560.2,0.0
Mexico,2024-04-28,19,Monterrey,Tec,12,10,583.8,0.0
Mexico,2024-04-28,20,Monterrey,Centro,7,9,432.5,0.0
Mexico,2024-04-28,20,Monterrey,Mitras Centro,12,12,583.6,0.0
Mexico,2024-04-28,20,Monterrey,Apodaca Centro,11,9,482.0,0.0
Mexico,2024-04-28,20,Monterrey,Escobedo,16,13,633.1,0.0
Mexico,2024-04-28,20,Monterrey,Carretera Nacional,7,8,407.3,0.0
Mexico,2024-04-28,20,Monterrey,MTY_Apodaca_Huinalá,13,13,724.6,0.0
Mexico,2024-04-28,20,Monterrey,San Nicolás,16,14,697.3,0.0
Mexico,2024-04-28,20,Monterrey,Santa Catarina,9,8,465.1,0.0
Mexico,2024-04-28,20,Monterrey,San Pedro,8,10,531.9,0.0
Mexico,2024-04-28,20,Monterrey,Cumbres Poniente,7,9,481.1,0.0
Mexico,2024-04-28,20,Monterrey,La Fe,13,11,495.9,0.0
Mexico,2024-04-28,20,Monterrey,MTY_Guadalupe,15,13,774.8,0.0
Mexico,2024-04-28,20,Monterrey,Independencia,18,16,831.1,0.0
Mexico,2024-04-28,20,Monterrey,Tec,8,10,538.9,0.0
Mexico,2024-04-28,21,Monterrey,Centro,17,18,942.2,0.0
Mexico,2024-04-28,21,Monterrey,Mitras Centro,19,16,886.6,0.0
Mexico,2024-04-28,21,Monterrey,Apodaca Centro,15,17,835.5,0.0
Mexico,2024-04-28,21,Monterrey,Escobedo,13,12,563.6,0.0
Mexico,2024-04-28,21,Monterrey,Carretera Nacional,11,12,605.4,0.0
Mexico,2024-04-28,21,Monterrey,MTY_Apodaca_Huinalá,8,9,413.5,0.0
Mexico,2024-04-28,21,Monterrey,San Nicolás,16,17,871.3,0.0
Mexico,2024-04-28,21,Monterrey,Santa Catarina,10,11,579.4,0.0
Mexico,2024-04-28,21,Monterrey,San Pedro,14,12,540.8,0.0
Mexico,2024-04-28,21,Monterrey,Cumbres Poniente,11,10,589.3,0.0
Mexico,2024-04-28,21,Monterrey,La Fe,15,15,869.7,0.0
Mexico,2024-04-28,21,Monterrey,MTY_Guadalupe,12,14,770.0,0.0
Mexico,2024-04-28,21,Monterrey,Independencia,13,14,678.7,0.0
Mexico,2024-04-28,21,Monterrey,Tec,15,15,740.6,0.0
Mexico,2024-04-28,22,Monterrey,Centro,5,7,386.3,0.0
Mexico,2024-04-28,22,Monterrey,Mitras Centro,9,7,362.8,0.0
Mexico,2024-04-28,22,Monterrey,Apodaca Centro,5,7,374.1,0.0
Mexico,2024-04-28,22,Monterrey,Escobedo,12,10,595.4,0.0
Mexico,2024-04-28,22,Monterrey,Carretera Nacional,6,8,404.6,0.0
Mexico,2024-04-28,22,Monterrey,MTY_Apodaca_Huinalá,9,7,415.2,0.0
Mexico,2024-04-28,22,Monterrey,San Nicolás,12,10,552.9,0.0
Mexico,2024-04-28,22,Monterrey,Santa Catarina,11,10,523.9,0.0
Mexico,2024-04-28,22,Monterrey,San Pedro,5,5,231.8,0.0
Mexico,2024-04-28,22,Monterrey,Cumbres Poniente,9,6,276.7,0.0
Mexico,2024-04-28,22,Monterrey,La Fe,17,14,673.6,0.0
Mexico,2024-04-28,22,Monterrey,MTY_Guadalupe,11,11,582.1,0.0
Mexico,2024-04-28,22,Monterrey,Independencia,9,6,344.3,0.0
Mexico,2024-04-28,22,Monterrey,Tec,7,7,325.2,0.0
Mexico,2024-04-28,23,Monterrey,Centro,4,4,230.7,0.0
Mexico,2024-04-28,23,Monterrey,Mitras Centro,5,6,275.7,0.0
Mexico,2024-04-28,23,Monterrey,Apodaca Centro,8,7,354.9,0.0
Mexico,2024-04-28,23,Monterrey,Escobedo,4,3,158.3,0.0
Mexico,2024-04-28,23,Monterrey,Carretera Nacional,6,5,225.3,0.0
Mexico,2024-04-28,23,Monterrey,MTY_Apodaca_Huinalá,7,4,214.9,0.0
Mexico,2024-04-28,23,Monterrey,San Nicolás,13,11,638.5,0.0
Mexico,2024-04-28,23,Monterrey,Santa Catarina,12,9,525.6,0.0
Mexico,2024-04-28,23,Monterrey,San Pedro,11,12,623.2,0.0
Mexico,2024-04-28,23,Monterrey,Cumbres Poniente,8,5,246.2,0.0
Mexico,2024-04-28,23,Monterrey,La Fe,6,6,307.5,0.0
Mexico,2024-04-28,23,Monterrey,MTY_Guadalupe,7,4,234.6,0.0
Mexico,2024-04-28,23,Monterrey,Independencia,6,8,419.4,0.0
Mexico,2024-04-28,23,Monterrey,Tec,9,6,318.4,0.0
Mexico,2024-04-29,0,Monterrey,Centro,4,5,295.4,0.0
Mexico,2024-04-29,0,Monterrey,Mitras Centro,8,5,287.7,0.0
Mexico,2024-04-29,0,Monterrey,Apodaca Centro,6,4,191.0,0.0
Mexico,2024-04-29,0,Monterrey,Escobedo,6,7,380.8,0.0
Mexico,2024-04-29,0,Monterrey,Carretera Nacional,1,1,46.9,0.0
Mexico,2024-04-29,0,Monterrey,MTY_Apodaca_Huinalá,2,4,208.0,0.0
Mexico,2024-04-29,0,Monterrey,San Nicolás,5,6,309.2,0.0
Mexico,2024-04-29,0,Monterrey,Santa Catarina,4,5,238.0,0.0
Mexico,2024-04-29,0,Monterrey,San Pedro,7,4,187.8,0.0
Mexico,2024-04-29,0,Monterrey,Cumbres Poniente,5,7,345.5,0.0
Mexico,2024-04-29,0,Monterrey,La Fe,5,7,374.4,0.0
Mexico,2024-04-29,0,Monterrey,MTY_Guadalupe,1,3,151.9,0.0
Mexico,2024-04-29,0,Monterrey,Independencia,5,7,416.1,0.0
Mexico,2024-04-29,0,Monterrey,Tec,8,5,274.5,0.0
Mexico,2024-04-29,1,Monterrey,Centro,1,4,229.9,2.5
Mexico,2024-04-29,1,Monterrey,Mitras Centro,1,3,143.1,2.5
Mexico,2024-04-29,1,Monterrey,Apodaca Centro,5,5,278.7,2.5
Mexico,2024-04-29,1,Monterrey,Escobedo,11,11,581.7,2.5
Mexico,2024-04-29,1,Monterrey,Carretera Nacional,4,5,236.0,2.5
Mexico,2024-04-29,1,Monterrey,MTY_Apodaca_Huinalá,6,6,315.4,2.5
Mexico,2024-04-29,1,Monterrey,San Nicolás,5,7,359.3,2.5
Mexico,2024-04-29,1,Monterrey,Santa Catarina,5,10,525.3,2.5
Mexico,2024-04-29,1,Monterrey,San Pedro,1,3,154.2,2.5
Mexico,2024-04-29,1,Monterrey,Cumbres Poniente,6,7,340.3,2.5
Mexico,2024-04-29,1,Monterrey,La Fe,1,4,180.2,2.5
Mexico,2024-04-29,1,Monterrey,MTY_Guadalupe,1,1,48.7,2.5
Mexico,2024-04-29,1,Monterrey,Independencia,1,3,138.6,2.5
Mexico,2024-04-29,1,Monterrey,Tec,2,6,322.3,2.5
Mexico,2024-04-29,2,Monterrey,Centro,3,3,162.1,0.0
Mexico,2024-04-29,2,Monterrey,Mitras Centro,8,9,492.3,0.0
Mexico,2024-04-29,2,Monterrey,Apodaca Centro,4,5,284.7,0.0
Mexico,2024-04-29,2,Monterrey,Escobedo,5,5,264.6,0.0
Mexico,2024-04-29,2,Monterrey,Carretera Nacional,5,5,285.2,0.0
Mexico,2024-04-29,2,Monterrey,MTY_Apodaca_Huinalá,4,1,47.5,0.0
Mexico,2024-04-29,2,Monterrey,San Nicolás,6,4,227.1,0.0
Mexico,2024-04-29,2,Monterrey,Santa Catarina,4,6,283.8,0.0
Mexico,2024-04-29,2,Monterrey,San Pedro,2,3,149.1,0.0
Mexico,2024-04-29,2,Monterrey,Cumbres Poniente,2,3,143.1,0.0
Mexico,2024-04-29,2,Monterrey,La Fe,3,3,168.1,0.0
Mexico,2024-04-29,2,Monterrey,MTY_Guadalupe,6,4,230.6,0.0
Mexico,2024-04-29,2,Monterrey,Independencia,5,3,161.0,0.0
Mexico,2024-04-29,2,Monterrey,Tec,7,4,195.2,0.0
Mexico,2024-04-29,3,Monterrey,Centro,11,9,502.5,0.0
Mexico,2024-04-29,3,Monterrey,Mitras Centro,6,8,394.9,0.0
Mexico,2024-04-29,3,Monterrey,Apodaca Centro,4,3,137.0,0.0
Mexico,2024-04-29,3,Monterrey,Escobedo,4,5,272.2,0.0
Mexico,2024-04-29,3,Monterrey,Carretera Nacional,7,4,181.8,0.0
Mexico,2024-04-29,3,Monterrey,MTY_Apodaca_Huinalá,6,5,248.0,0.0
Mexico,2024-04-29,3,Monterrey,San Nicolás,10,8,467.3,0.0
Mexico,2024-04-29,3,Monterrey,Santa Catarina,7,5,238.6,0.0
Mexico,2024-04-29,3,Monterrey,San Pedro,6,3,177.4,0.0
Mexico,2024-04-29,3,Monterrey,Cumbres Poniente,3,4,187.1,0.0
Mexico,2024-04-29,3,Monterrey,La Fe,5,6,343.9,0.0
Mexico,2024-04-29,3,Monterrey,MTY_Guadalupe,9,8,470.8,0.0
Mexico,2024-04-29,3,Monterrey,Independencia,2,4,223.3,0.0
Mexico,2024-04-29,3,Monterrey,Tec,4,4,201.6,0.0
Mexico,2024-04-29,4,Monterrey,Centro,8,9,492.8,0.0
Mexico,2024-04-29,4,Monterrey,Mitras Centro,7,4,228.3,0.0
Mexico,2024-04-29,4,Monterrey,Apodaca Centro,1,2,95.9,0.0
Mexico,2024-04-29,4,Monterrey,Escobedo,6,7,390.1,0.0
Mexico,2024-04-29,4,Monterrey,Carretera Nacional,2,2,105.7,0.0
Mexico,2024-04-29,4,Monterrey,MTY_Apodaca_Huinalá,8,8,368.5,0.0
Mexico,2024-04-29,4,Monterrey,San Nicolás,5,4,211.6,0.0
Mexico,2024-04-29,4,Monterrey,Santa Catarina,9,7,366.4,0.0
Mexico,2024-04-29,4,Monterrey,San Pedro,9,7,368.8,0.0
Mexico,2024-04-29,4,Monterrey,Cumbres Poniente,4,6,334.5,0.0
Mexico,2024-04-29,4,Monterrey,La Fe,7,4,231.7,0.0
Mexico,2024-04-29,4,Monterrey,MTY_Guadalupe,3,5,233.7,0.0
Mexico,2024-04-29,4,Monterrey,Independencia,5,2,107.5,0.0
Mexico,2024-04-29,4,Monterrey,Tec,6,4,228.3,0.0
Mexico,2024-04-29,5,Monterrey,Centro,4,4,211.6,0.0
Mexico,2024-04-29,5,Monterrey,Mitras Centro,8,6,303.8,0.0
Mexico,2024-04-29,5,Monterrey,Apodaca Centro,8,8,392.6,0.0
Mexico,2024-04-29,5,Monterrey,Escobedo,5,5,249.7,0.0
Mexico,2024-04-29,5,Monterrey,Carretera Nacional,7,6,279.7,0.0
Mexico,2024-04-29,5,Monterrey,MTY_Apodaca_Huinalá,6,3,159.3,0.0
Mexico,2024-04-29,5,Monterrey,San Nicolás,8,6,315.0,0.0
Mexico,2024-04-29,5,Monterrey,Santa Catarina,2,2,117.9,0.0
Mexico,2024-04-29,5,Monterrey,San Pedro,5,5,245.8,0.0
Mexico,2024-04-29,5,Monterrey,Cumbres Poniente,11,10,500.5,0.0
Mexico,2024-04-29,5,Monterrey,La Fe,5,3,151.4,0.0
Mexico,2024-04-29,5,Monterrey,MTY_Guadalupe,6,4,193.8,0.0
Mexico,2024-04-29,5,Monterrey,Independencia,5,6,336.2,0.0
Mexico,2024-04-29,5,Monterrey,Tec,11,10,588.8,0.0
Mexico,2024-04-29,6,Monterrey,Centro,10,8,367.4,0.0
Mexico,2024-04-29,6,Monterrey,Mitras Centro,9,11,622.3,0.0
Mexico,2024-04-29,6,Monterrey,Apodaca Centro,7,7,327.3,0.0
Mexico,2024-04-29,6,Monterrey,Escobedo,4,3,144.7,0.0
Mexico,2024-04-29,6,Monterrey,Carretera Nacional,3,3,177.9,0.0
Mexico,2024-04-29,6,Monterrey,MTY_Apodaca_Huinalá,3,5,247.2,0.0
Mexico,2024-04-29,6,Monterrey,San Nicolás,1,2,112.6,0.0
Mexico,2024-04-29,6,Monterrey,Santa Catarina,5,7,363.9,0.0
Mexico,2024-04-29,6,Monterrey,San Pedro,2,3,155.7,0.0
Mexico,2024-04-29,6,Monterrey,Cumbres Poniente,11,9,433.4,0.0
Mexico,2024-04-29,6,Monterrey,La Fe,2,3,144.8,0.0
Mexico,2024-04-29,6,Monterrey,MTY_Guadalupe,5,5,273.3,0.0
Mexico,2024-04-29,6,Monterrey,Independencia,5,7,374.7,0.0
Mexico,2024-04-29,6,Monterrey,Tec,9,6,280.8,0.0
Mexico,2024-04-29,7,Monterrey,Centro,5,2,107.1,0.5
Mexico,2024-04-29,7,Monterrey,Mitras Centro,4,2,100.4,0.5
Mexico,2024-04-29,7,Monterrey,Apodaca Centro,2,3,140.2,0.5
Mexico,2024-04-29,7,Monterrey,Escobedo,7,8,453.4,0.5
Mexico,2024-04-29,7,Monterrey,Carretera Nacional,6,3,172.7,0.5
Mexico,2024-04-29,7,Monterrey,MTY_Apodaca_Huinalá,5,4,213.0,0.5
Mexico,2024-04-29,7,Monterrey,San Nicolás,9,9,473.9,0.5
Mexico,2024-04-29,7,Monterrey,Santa Catarina,1,1,48.2,0.5
Mexico,2024-04-29,7,Monterrey,San Pedro,7,4,239.1,0.5
Mexico,2024-04-29,7,Monterrey,Cumbres Poniente,7,8,455.6,0.5
Mexico,2024-04-29,7,Monterrey,La Fe,3,4,233.9,0.5
Mexico,2024-04-29,7,Monterrey,MTY_Guadalupe,8,8,366.1,0.5
Mexico,2024-04-29,7,Monterrey,Independencia,4,4,216.6,0.5
Mexico,2024-04-29,7,Monterrey,Tec,7,5,241.9,0.5
Mexico,2024-04-29,8,Monterrey,Centro,10,7,381.7,0.0
Mexico,2024-04-29,8,Monterrey,Mitras Centro,7,6,303.8,0.0
Mexico,2024-04-29,8,Monterrey,Apodaca Centro,5,4,227.3,0.0
Mexico,2024-04-29,8,Monterrey,Escobedo,4,5,273.1,0.0
Mexico,2024-04-29,8,Monterrey,Carretera Nacional,5,7,347.3,0.0
Mexico,2024-04-29,8,Monterrey,MTY_Apodaca_Huinalá,7,4,205.1,0.0
Mexico,2024-04-29,8,Monterrey,San Nicolás,3,3,153.8,0.0
Mexico,2024-04-29,8,Monterrey,Santa Catarina,2,3,160.8,0.0
Mexico,2024-04-29,8,Monterrey,San Pedro,5,3,178.5,0.0
Mexico,2024-04-29,8,Monterrey,Cumbres Poniente,8,6,271.8,0.0
Mexico,2024-04-29,8,Monterrey,La Fe,4,3,135.4,0.0
Mexico,2024-04-29,8,Monterrey,MTY_Guadalupe,7,7,394.1,0.0
Mexico,2024-04-29,8,Monterrey,Independencia,1,2,116.6,0.0
Mexico,2024-04-29,8,Monterrey,Tec,8,8,450.4,0.0
Mexico,2024-04-29,9,Monterrey,Centro,10,8,423.4,0.0
Mexico,2024-04-29,9,Monterrey,Mitras Centro,4,3,145.1,0.0
Mexico,2024-04-29,9,Monterrey,Apodaca Centro,9,10,487.1,0.0
Mexico,2024-04-29,9,Monterrey,Escobedo,6,3,136.0,0.0
Mexico,2024-04-29,9,Monterrey,Carretera Nacional,8,5,298.2,0.0
Mexico,2024-04-29,9,Monterrey,MTY_Apodaca_Huinalá,3,3,175.7,0.0
Mexico,2024-04-29,9,Monterrey,San Nicolás,13,11,537.4,0.0
Mexico,2024-04-29,9,Monterrey,Santa Catarina,1,3,155.8,0.0
Mexico,2024-04-29,9,Monterrey,San Pedro,1,2,112.5,0.0
Mexico,2024-04-29,9,Monterrey,Cumbres Poniente,6,5,272.9,0.0
Mexico,2024-04-29,9,Monterrey,La Fe,9,6,305.1,0.0
Mexico,2024-04-29,9,Monterrey,MTY_Guadalupe,9,6,358.4,0.0
Mexico,2024-04-29,9,Monterrey,Independencia,6,3,147.1,0.0
Mexico,2024-04-29,9,Monterrey,Tec,9,7,354.3,0.0
Mexico,2024-04-29,10,Monterrey,Centro,8,6,352.7,0.0
Mexico,2024-04-29,10,Monterrey,Mitras Centro,3,0,0.0,0.0
Mexico,2024-04-29,10,Monterrey,Apodaca Centro,4,1,45.4,0.0
Mexico,2024-04-29,10,Monterrey,Escobedo,3,5,286.8,0.0
Mexico,2024-04-29,10,Monterrey,Carretera Nacional,5,4,192.8,0.0
Mexico,2024-04-29,10,Monterrey,MTY_Apodaca_Huinalá,5,6,351.2,0.0
Mexico,2024-04-29,10,Monterrey,San Nicolás,6,6,285.4,0.0
Mexico,2024-04-29,10,Monterrey,Santa Catarina,6,5,296.9,0.0
Mexico,2024-04-29,10,Monterrey,San Pedro,5,5,293.0,0.0
Mexico,2024-04-29,10,Monterrey,Cumbres Poniente,6,6,341.9,0.0
Mexico,2024-04-29,10,Monterrey,La Fe,4,5,240.2,0.0
Mexico,2024-04-29,10,Monterrey,MTY_Guadalupe,8,6,338.6,0.0
Mexico,2024-04-29,10,Monterrey,Independencia,8,5,233.2,0.0
Mexico,2024-04-29,10,Monterrey,Tec,9,8,377.3,0.0
Mexico,2024-04-29,11,Monterrey,Centro,1,1,57.2,0.5
Mexico,2024-04-29,11,Monterrey,Mitras Centro,3,5,248.1,0.5
Mexico,2024-04-29,11,Monterrey,Apodaca Centro,5,3,157.2,0.5
Mexico,2024-04-29,11,Monterrey,Escobedo,1,3,142.7,0.5
Mexico,2024-04-29,11,Monterrey,Carretera Nacional,13,10,480.2,0.5
Mexico,2024-04-29,11,Monterrey,MTY_Apodaca_Huinalá,10,7,351.8,0.5
Mexico,2024-04-29,11,Monterrey,San Nicolás,10,9,413.6,0.5
Mexico,2024-04-29,11,Monterrey,Santa Catarina,1,2,107.5,0.5
Mexico,2024-04-29,11,Monterrey,San Pedro,1,2,104.5,0.5
Mexico,2024-04-29,11,Monterrey,Cumbres Poniente,7,5,268.9,0.5
Mexico,2024-04-29,11,Monterrey,La Fe,1,2,110.0,0.5
Mexico,2024-04-29,11,Monterrey,MTY_Guadalupe,6,6,286.7,0.5
Mexico,2024-04-29,11,Monterrey,Independencia,11,8,440.4,0.5
Mexico,2024-04-29,11,Monterrey,Tec,4,3,162.5,0.5
Mexico,2024-04-29,12,Monterrey,Centro,7,5,265.5,0.0
Mexico,2024-04-29,12,Monterrey,Mitras Centro,6,5,270.2,0.0
Mexico,2024-04-29,12,Monterrey,Apodaca Centro,11,10,593.4,0.0
Mexico,2024-04-29,12,Monterrey,Escobedo,5,5,271.1,0.0
Mexico,2024-04-29,12,Monterrey,Carretera Nacional,11,8,444.5,0.0
Mexico,2024-04-29,12,Monterrey,MTY_Apodaca_Huinalá,9,7,371.8,0.0
Mexico,2024-04-29,12,Monterrey,San Nicolás,7,5,283.6,0.0
Mexico,2024-04-29,12,Monterrey,Santa Catarina,4,5,244.6,0.0
Mexico,2024-04-29,12,Monterrey,San Pedro,4,5,296.2,0.0
Mexico,2024-04-29,12,Monterrey,Cumbres Poniente,9,7,344.5,0.0
Mexico,2024-04-29,12,Monterrey,La Fe,2,2,100.4,0.0
Mexico,2024-04-29,12,Monterrey,MTY_Guadalupe,7,7,379.3,0.0
Mexico,2024-04-29,12,Monterrey,Independencia,3,3,140.9,0.0
Mexico,2024-04-29,12,Monterrey,Tec,5,6,278.5,0.0
Mexico,2024-04-29,13,Monterrey,Centro,6,8,367.9,0.0
Mexico,2024-04-29,13,Monterrey,Mitras Centro,11,11,574.1,0.0
Mexico,2024-04-29,13,Monterrey,Apodaca Centro,4,6,286.4,0.0
Mexico,2024-04-29,13,Monterrey,Escobedo,12,10,550.8,0.0
Mexico,2024-04-29,13,Monterrey,Carretera Nacional,3,5,230.9,0.0
Mexico,2024-04-29,13,Monterrey,MTY_Apodaca_Huinalá,7,7,412.3,0.0
Mexico,2024-04-29,13,Monterrey,San Nicolás,10,10,520.3,0.0
Mexico,2024-04-29,13,Monterrey,Santa Catarina,11,11,573.6,0.0
Mexico,2024-04-29,13,Monterrey,San Pedro,8,8,447.2,0.0
Mexico,2024-04-29,13,Monterrey,Cumbres Poniente,5,7,321.5,0.0
Mexico,2024-04-29,13,Monterrey,La Fe,8,8,437.4,0.0
Mexico,2024-04-29,13,Monterrey,MTY_Guadalupe,6,5,267.0,0.0
Mexico,2024-04-29,13,Monterrey,Independencia,10,10,597.3,0.0
Mexico,2024-04-29,13,Monterrey,Tec,13,10,498.3,0.0
Mexico,2024-04-29,14,Monterrey,Centro,11,9,483.9,0.0
Mexico,2024-04-29,14,Monterrey,Mitras Centro,19,17,805.9,0.0
Mexico,2024-04-29,14,Monterrey,Apodaca Centro,3,5,246.8,0.0
Mexico,2024-04-29,14,Monterrey,Escobedo,8,6,346.3,0.0
Mexico,2024-04-29,14,Monterrey,Carretera Nacional,7,9,522.7,0.0
Mexico,2024-04-29,14,Monterrey,MTY_Apodaca_Huinalá,15,13,759.9,0.0
Mexico,2024-04-29,14,Monterrey,San Nicolás,7,9,522.7,0.0
Mexico,2024-04-29,14,Monterrey,Santa Catarina,12,14,668.9,0.0
Mexico,2024-04-29,14,Monterrey,San Pedro,8,10,599.1,0.0
Mexico,2024-04-29,14,Monterrey,Cumbres Poniente,7,9,465.3,0.0
Mexico,2024-04-29,14,Monterrey,La Fe,15,13,759.5,0.0
Mexico,2024-04-29,14,Monterrey,MTY_Guadalupe,16,15,682.3,0.0
Mexico,2024-04-29,14,Monterrey,Independencia,12,14,646.4,0.0
Mexico,2024-04-29,14,Monterrey,Tec,5,5,252.7,0.0
Mexico,2024-04-29,15,Monterrey,Centro,9,7,348.6,0.0
Mexico,2024-04-29,15,Monterrey,Mitras Centro,3,5,235.8,0.0
Mexico,2024-04-29,15,Monterrey,Apodaca Centro,5,7,321.0,0.0
Mexico,2024-04-29,15,Monterrey,Escobedo,6,6,325.2,0.0
Mexico,2024-04-29,15,Monterrey,Carretera Nacional,7,4,221.9,0.0
Mexico,2024-04-29,15,Monterrey,MTY_Apodaca_Huinalá,5,7,362.9,0.0
Mexico,2024-04-29,15,Monterrey,San Nicolás,7,4,235.0,0.0
Mexico,2024-04-29,15,Monterrey,Santa Catarina,2,4,226.2,0.0
Mexico,2024-04-29,15,Monterrey,San Pedro,6,3,157.2,0.0
Mexico,2024-04-29,15,Monterrey,Cumbres Poniente,3,5,262.7,0.0
Mexico,2024-04-29,15,Monterrey,La Fe,1,3,150.0,0.0
Mexico,2024-04-29,15,Monterrey,MTY_Guadalupe,6,5,253.3,0.0
Mexico,2024-04-29,15,Monterrey,Independencia,4,3,175.5,0.0
Mexico,2024-04-29,15,Monterrey,Tec,3,5,249.0,0.0
Mexico,2024-04-29,16,Monterrey,Centro,8,8,374.6,0.0
Mexico,2024-04-29,16,Monterrey,Mitras Centro,9,6,345.0,0.0
Mexico,2024-04-29,16,Monterrey,Apodaca Centro,9,7,411.3,0.0
Mexico,2024-04-29,16,Monterrey,Escobedo,8,5,261.5,0.0
Mexico,2024-04-29,16,Monterrey,Carretera Nacional,7,4,183.3,0.0
Mexico,2024-04-29,16,Monterrey,MTY_Apodaca_Huinalá,3,5,295.8,0.0
Mexico,2024-04-29,16,Monterrey,San Nicolás,7,6,354.7,0.0
Mexico,2024-04-29,16,Monterrey,Santa Catarina,3,4,212.2,0.0
Mexico,2024-04-29,16,Monterrey,San Pedro,5,5,266.5,0.0
Mexico,2024-04-29,16,Monterrey,Cumbres Poniente,10,11,502.3,0.0
Mexico,2024-04-29,16,Monterrey,La Fe,5,7,349.3,0.0
Mexico,2024-04-29,16,Monterrey,MTY_Guadalupe,6,4,182.7,0.0
Mexico,2024-04-29,16,Monterrey,Independencia,2,2,91.2,0.0
Mexico,2024-04-29,16,Monterrey,Tec,8,10,560.9,0.0
Mexico,2024-04-29,17,Monterrey,Centro,13,11,563.3,0.0
Mexico,2024-04-29,17,Monterrey,Mitras Centro,7,7,375.7,0.0
Mexico,2024-04-29,17,Monterrey,Apodaca Centro,7,7,381.3,0.0
Mexico,2024-04-29,17,Monterrey,Escobedo,6,6,273.5,0.0
Mexico,2024-04-29,17,Monterrey,Carretera Nacional,5,4,196.6,0.0
Mexico,2024-04-29,17,Monterrey,MTY_Apodaca_Huinalá,1,3,152.2,0.0
Mexico,2024-04-29,17,Monterrey,San Nicolás,3,5,281.6,0.0
Mexico,2024-04-29,17,Monterrey,Santa Catarina,3,1,51.2,0.0
Mexico,2024-04-29,17,Monterrey,San Pedro,4,6,339.5,0.0
Mexico,2024-04-29,17,Monterrey,Cumbres Poniente,4,6,308.9,0.0
Mexico,2024-04-29,17,Monterrey,La Fe,7,4,206.5,0.0
Mexico,2024-04-29,17,Monterrey,MTY_Guadalupe,7,5,276.9,0.0
Mexico,2024-04-29,17,Monterrey,Independencia,6,4,194.4,0.0
Mexico,2024-04-29,17,Monterrey,Tec,5,7,322.4,0.0
Mexico,2024-04-29,18,Monterrey,Centro,5,6,274.3,0.0
Mexico,2024-04-29,18,Monterrey,Mitras Centro,9,6,284.4,0.0
Mexico,2024-04-29,18,Monterrey,Apodaca Centro,5,5,247.6,0.0
Mexico,2024-04-29,18,Monterrey,Escobedo,10,8,464.4,0.0
Mexico,2024-04-29,18,Monterrey,Carretera Nacional,7,9,443.5,0.0
Mexico,2024-04-29,18,Monterrey,MTY_Apodaca_Huinalá,2,4,219.6,0.0
Mexico,2024-04-29,18,Monterrey,San Nicolás,4,3,170.7,0.0
Mexico,2024-04-29,18,Monterrey,Santa Catarina,4,5,228.7,0.0
Mexico,2024-04-29,18,Monterrey,San Pedro,7,4,209.2,0.0
Mexico,2024-04-29,18,Monterrey,Cumbres Poniente,9,7,387.2,0.0
Mexico,2024-04-29,18,Monterrey,La Fe,4,6,308.3,0.0
Mexico,2024-04-29,18,Monterrey,MTY_Guadalupe,4,5,275.6,0.0
Mexico,2024-04-29,18,Monterrey,Independencia,7,6,310.8,0.0
Mexico,2024-04-29,18,Monterrey,Tec,4,6,302.4,0.0
Mexico,2024-04-29,19,Monterrey,Centro,12,11,586.1,0.0
Mexico,2024-04-29,19,Monterrey,Mitras Centro,11,10,554.5,0.0
Mexico,2024-04-29,19,Monterrey,Apodaca Centro,10,8,471.5,0.0
Mexico,2024-04-29,19,Monterrey,Escobedo,12,10,583.0,0.0
Mexico,2024-04-29,19,Monterrey,Carretera Nacional,4,5,295.6,0.0
Mexico,2024-04-29,19,Monterrey,MTY_Apodaca_Huinalá,9,7,377.6,0.0
Mexico,2024-04-29,19,Monterrey,San Nicolás,14,11,516.7,0.0
Mexico,2024-04-29,19,Monterrey,Santa Catarina,14,14,818.8,0.0
Mexico,2024-04-29,19,Monterrey,San Pedro,10,7,316.9,0.0
Mexico,2024-04-29,19,Monterrey,Cumbres Poniente,7,6,342.9,0.0
Mexico,2024-04-29,19,Monterrey,La Fe,11,10,499.8,0.0
Mexico,2024-04-29,19,Monterrey,MTY_Guadalupe,12,13,657.1,0.0
Mexico,2024-04-29,19,Monterrey,Independencia,17,14,653.5,0.0
Mexico,2024-04-29,19,Monterrey,Tec,13,12,558.1,0.0
Mexico,2024-04-29,20,Monterrey,Centro,12,11,518.2,0.0
Mexico,2024-04-29,20,Monterrey,Mitras Centro,14,13,672.6,0.0
Mexico,2024-04-29,20,Monterrey,Apodaca Centro,5,7,338.6,0.0
Mexico,2024-04-29,20,Monterrey,Escobedo,13,11,546.7,0.0
Mexico,2024-04-29,20,Monterrey,Carretera Nacional,14,13,718.2,0.0
Mexico,2024-04-29,20,Monterrey,MTY_Apodaca_Huinalá,9,10,490.2,0.0
Mexico,2024-04-29,20,Monterrey,San Nicolás,10,12,582.6,0.0
Mexico,2024-04-29,20,Monterrey,Santa Catarina,12,13,724.8,0.0
Mexico,2024-04-29,20,Monterrey,San Pedro,9,9,483.4,0.0
Mexico,2024-04-29,20,Monterrey,Cumbres Poniente,12,12,652.4,0.0
Mexico,2024-04-29,20,Monterrey,La Fe,16,14,693.4,0.0
Mexico,2024-04-29,20,Monterrey,MTY_Guadalupe,6,8,379.6,0.0
Mexico,2024-04-29,20,Monterrey,Independencia,9,10,516.8,0.0
Mexico,2024-04-29,20,Monterrey,Tec,17,14,812.2,0.0
Mexico,2024-04-29,21,Monterrey,Centro,10,7,317.1,0.0
Mexico,2024-04-29,21,Monterrey,Mitras Centro,16,14,824.9,0.0
Mexico,2024-04-29,21,Monterrey,Apodaca Centro,10,9,418.0,0.0
Mexico,2024-04-29,21,Monterrey,Escobedo,13,11,532.1,0.0
Mexico,2024-04-29,21,Monterrey,Carretera Nacional,12,13,741.2,0.0
Mexico,2024-04-29,21,Monterrey,MTY_Apodaca_Huinalá,8,7,346.0,0.0
Mexico,2024-04-29,21,Monterrey,San Nicolás,7,8,399.3,0.0
Mexico,2024-04-29,21,Monterrey,Santa Catarina,8,8,371.0,0.0
Mexico,2024-04-29,21,Monterrey,San Pedro,8,7,362.0,0.0
Mexico,2024-04-29,21,Monterrey,Cumbres Poniente,9,11,534.8,0.0
Mexico,2024-04-29,21,Monterrey,La Fe,11,10,460.4,0.0
Mexico,2024-04-29,21,Monterrey,MTY_Guadalupe,8,9,431.5,0.0
Mexico,2024-04-29,21,Monterrey,Independencia,11,11,623.7,0.0
Mexico,2024-04-29,21,Monterrey,Tec,11,11,642.4,0.0
Mexico,2024-04-29,22,Monterrey,Centro,9,10,572.7,0.0
Mexico,2024-04-29,22,Monterrey,Mitras Centro,5,7,406.3,0.0
Mexico,2024-04-29,22,Monterrey,Apodaca Centro,9,7,337.6,0.0
Mexico,2024-04-29,22,Monterrey,Escobedo,6,8,361.0,0.0
Mexico,2024-04-29,22,Monterrey,Carretera Nacional,6,4,187.9,0.0
Mexico,2024-04-29,22,Monterrey,MTY_Apodaca_Huinalá,5,3,169.4,0.0
Mexico,2024-04-29,22,Monterrey,San Nicolás,7,6,347.5,0.0
Mexico,2024-04-29,22,Monterrey,Santa Catarina,5,5,278.1,0.0
Mexico,2024-04-29,22,Monterrey,San Pedro,8,6,293.7,0.0
Mexico,2024-04-29,22,Monterrey,Cumbres Poniente,3,5,288.4,0.0
Mexico,2024-04-29,22,Monterrey,La Fe,7,4,182.9,0.0
Mexico,2024-04-29,22,Monterrey,MTY_Guadalupe,5,7,324.1,0.0
Mexico,2024-04-29,22,Monterrey,Independencia,6,5,230.9,0.0
Mexico,2024-04-29,22,Monterrey,Tec,6,3,174.9,0.0
Mexico,2024-04-29,23,Monterrey,Centro,8,5,259.6,0.5
Mexico,2024-04-29,23,Monterrey,Mitras Centro,6,4,202.4,0.5
Mexico,2024-04-29,23,Monterrey,Apodaca Centro,1,2,94.1,0.5
Mexico,2024-04-29,23,Monterrey,Escobedo,4,4,208.4,0.5
Mexico,2024-04-29,23,Monterrey,Carretera Nacional,4,4,238.2,0.5
Mexico,2024-04-29,23,Monterrey,MTY_Apodaca_Huinalá,6,5,254.4,0.5
Mexico,2024-04-29,23,Monterrey,San Nicolás,2,3,177.0,0.5
Mexico,2024-04-29,23,Monterrey,Santa Catarina,5,4,183.4,0.5
Mexico,2024-04-29,23,Monterrey,San Pedro,9,8,401.1,0.5
Mexico,2024-04-29,23,Monterrey,Cumbres Poniente,6,5,282.8,0.5
Mexico,2024-04-29,23,Monterrey,La Fe,5,4,235.7,0.5
Mexico,2024-04-29,23,Monterrey,MTY_Guadalupe,8,7,351.0,0.5
Mexico,2024-04-29,23,Monterrey,Independencia,5,6,346.6,0.5
Mexico,2024-04-29,23,Monterrey,Tec,7,5,247.2,0.5
Mexico,2024-04-30,0,Monterrey,Centro,3,4,194.5,0.0
Mexico,2024-04-30,0,Monterrey,Mitras Centro,2,2,105.1,0.0
Mexico,2024-04-30,0,Monterrey,Apodaca Centro,8,5,237.2,0.0
Mexico,2024-04-30,0,Monterrey,Escobedo,5,7,396.6,0.0
Mexico,2024-04-30,0,Monterrey,Carretera Nacional,4,4,199.8,0.0
Mexico,2024-04-30,0,Monterrey,MTY_Apodaca_Huinalá,5,6,345.1,0.0
Mexico,2024-04-30,0,Monterrey,San Nicolás,7,7,388.0,0.0
Mexico,2024-04-30,0,Monterrey,Santa Catarina,6,4,188.9,0.0
Mexico,2024-04-30,0,Monterrey,San Pedro,6,8,451.2,0.0
Mexico,2024-04-30,0,Monterrey,Cumbres Poniente,7,4,191.8,0.0
Mexico,2024-04-30,0,Monterrey,La Fe,3,5,281.9,0.0
Mexico,2024-04-30,0,Monterrey,MTY_Guadalupe,1,2,115.9,0.0
Mexico,2024-04-30,0,Monterrey,Independencia,9,7,328.5,0.0
Mexico,2024-04-30,0,Monterrey,Tec,10,9,507.5,0.0
Mexico,2024-04-30,1,Monterrey,Centro,7,6,308.7,0.0
Mexico,2024-04-30,1,Monterrey,Mitras Centro,3,4,212.1,0.0
Mexico,2024-04-30,1,Monterrey,Apodaca Centro,7,7,351.5,0.0
Mexico,2024-04-30,1,Monterrey,Escobedo,2,2,106.9,0.0
Mexico,2024-04-30,1,Monterrey,Carretera Nacional,9,7,411.0,0.0
Mexico,2024-04-30,1,Monterrey,MTY_Apodaca_Huinalá,7,8,385.5,0.0
Mexico,2024-04-30,1,Monterrey,San Nicolás,5,2,118.6,0.0
Mexico,2024-04-30,1,Monterrey,Santa Catarina,5,3,160.3,0.0
Mexico,2024-04-30,1,Monterrey,San Pedro,4,3,178.7,0.0
Mexico,2024-04-30,1,Monterrey,Cumbres Poniente,4,4,184.4,0.0
Mexico,2024-04-30,1,Monterrey,La Fe,7,4,197.9,0.0
Mexico,2024-04-30,1,Monterrey,MTY_Guadalupe,3,4,224.6,0.0
Mexico,2024-04-30,1,Monterrey,Independencia,7,7,341.9,0.0
Mexico,2024-04-30,1,Monterrey,Tec,7,7,403.0,0.0
Mexico,2024-04-30,2,Monterrey,Centro,1,0,0.0,0.0
Mexico,2024-04-30,2,Monterrey,Mitras Centro,5,7,342.6,0.0
Mexico,2024-04-30,2,Monterrey,Apodaca Centro,10,12,646.2,0.0
Mexico,2024-04-30,2,Monterrey,Escobedo,6,6,292.5,0.0
Mexico,2024-04-30,2,Monterrey,Carretera Nacional,5,4,236.0,0.0
Mexico,2024-04-30,2,Monterrey,MTY_Apodaca_Huinalá,3,3,169.1,0.0
Mexico,2024-04-30,2,Monterrey,San Nicolás,3,4,216.1,0.0
Mexico,2024-04-30,2,Monterrey,Santa Catarina,1,0,0.0,0.0
Mexico,2024-04-30,2,Monterrey,San Pedro,7,5,266.8,0.0
Mexico,2024-04-30,2,Monterrey,Cumbres Poniente,2,4,192.9,0.0
Mexico,2024-04-30,2,Monterrey,La Fe,6,6,359.4,0.0
Mexico,2024-04-30,2,Monterrey,MTY_Guadalupe,11,10,467.7,0.0
Mexico,2024-04-30,2,Monterrey,Independencia,8,5,290.9,0.0
Mexico,2024-04-30,2,Monterrey,Tec,9,8,396.4,0.0
Mexico,2024-04-30,3,Monterrey,Centro,5,5,235.3,0.0
Mexico,2024-04-30,3,Monterrey,Mitras Centro,5,5,252.2,0.0
Mexico,2024-04-30,3,Monterrey,Apodaca Centro,6,4,232.4,0.0
Mexico,2024-04-30,3,Monterrey,Escobedo,4,4,188.1,0.0
Mexico,2024-04-30,3,Monterrey,Carretera Nacional,6,6,280.6,0.0
Mexico,2024-04-30,3,Monterrey,MTY_Apodaca_Huinalá,3,3,158.8,0.0
Mexico,2024-04-30,3,Monterrey,San Nicolás,3,5,235.4,0.0
Mexico,2024-04-30,3,Monterrey,Santa Catarina,6,3,162.8,0.0
Mexico,2024-04-30,3,Monterrey,San Pedro,6,4,199.5,0.0
Mexico,2024-04-30,3,Monterrey,Cumbres Poniente,3,4,239.2,0.0
Mexico,2024-04-30,3,Monterrey,La Fe,1,2,116.7,0.0
Mexico,2024-04-30,3,Monterrey,MTY_Guadalupe,4,4,221.2,0.0
Mexico,2024-04-30,3,Monterrey,Independencia,6,7,417.7,0.0
Mexico,2024-04-30,3,Monterrey,Tec,7,5,237.7,0.0
Mexico,2024-04-30,4,Monterrey,Centro,7,5,250.2,0.0
Mexico,2024-04-30,4,Monterrey,Mitras Centro,4,3,173.1,0.0
Mexico,2024-04-30,4,Monterrey,Apodaca Centro,7,6,307.6,0.0
Mexico,2024-04-30,4,Monterrey,Escobedo,2,3,164.1,0.0
Mexico,2024-04-30,4,Monterrey,Carretera Nacional,6,4,239.7,0.0
Mexico,2024-04-30,4,Monterrey,MTY_Apodaca_Huinalá,4,6,346.4,0.0
Mexico,2024-04-30,4,Monterrey,San Nicolás,3,4,202.9,0.0
Mexico,2024-04-30,4,Monterrey,Santa Catarina,7,4,231.0,0.0
Mexico,2024-04-30,4,Monterrey,San Pedro,4,5,277.4,0.0
Mexico,2024-04-30,4,Monterrey,Cumbres Poniente,6,5,229.8,0.0
Mexico,2024-04-30,4,Monterrey,La Fe,3,3,140.1,0.0
Mexico,2024-04-30,4,Monterrey,MTY_Guadalupe,3,5,296.1,0.0
Mexico,2024-04-30,4,Monterrey,Independencia,8,7,340.5,0.0
Mexico,2024-04-30,4,Monterrey,Tec,7,9,437.6,0.0
Mexico,2024-04-30,5,Monterrey,Centro,6,5,251.9,0.0
Mexico,2024-04-30,5,Monterrey,Mitras Centro,1,0,0.0,0.0
Mexico,2024-04-30,5,Monterrey,Apodaca Centro,4,3,146.4,0.0
Mexico,2024-04-30,5,Monterrey,Escobedo,5,5,257.8,0.0
Mexico,2024-04-30,5,Monterrey,Carretera Nacional,10,7,319.1,0.0
Mexico,2024-04-30,5,Monterrey,MTY_Apodaca_Huinalá,10,10,579.8,0.0
Mexico,2024-04-30,5,Monterrey,San Nicolás,1,3,151.1,0.0
Mexico,2024-04-30,5,Monterrey,Santa Catarina,8,5,257.4,0.0
Mexico,2024-04-30,5,Monterrey,San Pedro,2,4,184.8,0.0
Mexico,2024-04-30,5,Monterrey,Cumbres Poniente,5,4,225.6,0.0
Mexico,2024-04-30,5,Monterrey,La Fe,2,2,103.8,0.0
Mexico,2024-04-30,5,Monterrey,MTY_Guadalupe,6,5,242.2,0.0
Mexico,2024-04-30,5,Monterrey,Independencia,7,5,278.8,0.0
Mexico,2024-04-30,5,Monterrey,Tec,9,8,439.2,0.0
Mexico,2024-04-30,6,Monterrey,Centro,1,2,102.0,0.5
Mexico,2024-04-30,6,Monterrey,Mitras Centro,5,3,171.8,0.5
Mexico,2024-04-30,6,Monterrey,Apodaca Centro,9,8,372.4,0.5
Mexico,2024-04-30,6,Monterrey,Escobedo,6,5,294.3,0.5
Mexico,2024-04-30,6,Monterrey,Carretera Nacional,4,5,226.9,0.5
Mexico,2024-04-30,6,Monterrey,MTY_Apodaca_Huinalá,4,3,141.6,0.5
Mexico,2024-04-30,6,Monterrey,San Nicolás,2,2,113.2,0.5
Mexico,2024-04-30,6,Monterrey,Santa Catarina,1,3,167.7,0.5
Mexico,2024-04-30,6,Monterrey,San Pedro,1,0,0.0,0.5
Mexico,2024-04-30,6,Monterrey,Cumbres Poniente,3,5,243.3,0.5
Mexico,2024-04-30,6,Monterrey,La Fe,7,5,282.8,0.5
Mexico,2024-04-30,6,Monterrey,MTY_Guadalupe,1,3,174.1,0.5
Mexico,2024-04-30,6,Monterrey,Independencia,3,5,299.8,0.5
Mexico,2024-04-30,6,Monterrey,Tec,4,6,337.9,0.5
Mexico,2024-04-30,7,Monterrey,Centro,4,1,56.9,0.0
Mexico,2024-04-30,7,Monterrey,Mitras Centro,5,3,138.0,0.0
Mexico,2024-04-30,7,Monterrey,Apodaca Centro,7,4,180.1,0.0
Mexico,2024-04-30,7,Monterrey,Escobedo,7,6,357.5,0.0
Mexico,2024-04-30,7,Monterrey,Carretera Nacional,5,7,335.7,0.0
Mexico,2024-04-30,7,Monterrey,MTY_Apodaca_Huinalá,5,6,323.5,0.0
Mexico,2024-04-30,7,Monterrey,San Nicolás,7,7,419.7,0.0
Mexico,2024-04-30,7,Monterrey,Santa Catarina,3,4,184.9,0.0
Mexico,2024-04-30,7,Monterrey,San Pedro,7,7,352.7,0.0
Mexico,2024-04-30,7,Monterrey,Cumbres Poniente,12,11,606.8,0.0
Mexico,2024-04-30,7,Monterrey,La Fe,5,2,104.5,0.0
Mexico,2024-04-30,7,Monterrey,MTY_Guadalupe,1,3,139.7,0.0
Mexico,2024-04-30,7,Monterrey,Independencia,9,8,366.5,0.0
Mexico,2024-04-30,7,Monterrey,Tec,6,8,438.4,0.0
Mexico,2024-04-30,8,Monterrey,Centro,5,3,139.3,0.5
Mexico,2024-04-30,8,Monterrey,Mitras Centro,1,2,95.1,0.5
Mexico,2024-04-30,8,Monterrey,Apodaca Centro,3,3,172.9,0.5
Mexico,2024-04-30,8,Monterrey,Escobedo,3,2,119.9,0.5
Mexico,2024-04-30,8,Monterrey,Carretera Nacional,2,3,167.3,0.5
Mexico,2024-04-30,8,Monterrey,MTY_Apodaca_Huinalá,5,4,194.7,0.5
Mexico,2024-04-30,8,Monterrey,San Nicolás,1,2,112.8,0.5
Mexico,2024-04-30,8,Monterrey,Santa Catarina,9,7,330.9,0.5
Mexico,2024-04-30,8,Monterrey,San Pedro,8,6,310.1,0.5
Mexico,2024-04-30,8,Monterrey,Cumbres Poniente,7,5,285.3,0.5
Mexico,2024-04-30,8,Monterrey,La Fe,8,9,421.9,0.5
Mexico,2024-04-30,8,Monterrey,MTY_Guadalupe,5,4,214.7,0.5
Mexico,2024-04-30,8,Monterrey,Independencia,9,8,441.2,0.5
Mexico,2024-04-30,8,Monterrey,Tec,9,6,276.9,0.5
Mexico,2024-04-30,9,Monterrey,Centro,2,2,109.1,0.0
Mexico,2024-04-30,9,Monterrey,Mitras Centro,2,4,183.2,0.0
Mexico,2024-04-30,9,Monterrey,Apodaca Centro,8,5,257.3,0.0
Mexico,2024-04-30,9,Monterrey,Escobedo,8,5,241.6,0.0
Mexico,2024-04-30,9,Monterrey,Carretera Nacional,8,5,244.9,0.0
Mexico,2024-04-30,9,Monterrey,MTY_Apodaca_Huinalá,7,4,231.2,0.0
Mexico,2024-04-30,9,Monterrey,San Nicolás,4,5,229.0,0.0
Mexico,2024-04-30,9,Monterrey,Santa Catarina,6,4,203.2,0.0
Mexico,2024-04-30,9,Monterrey,San Pedro,7,5,291.5,0.0
Mexico,2024-04-30,9,Monterrey,Cumbres Poniente,7,4,200.4,0.0
Mexico,2024-04-30,9,Monterrey,La Fe,6,5,257.7,0.0
Mexico,2024-04-30,9,Monterrey,MTY_Guadalupe,7,4,235.8,0.0
Mexico,2024-04-30,9,Monterrey,Independencia,11,9,443.9,0.0
Mexico,2024-04-30,9,Monterrey,Tec,10,7,408.7,0.0
Mexico,2024-04-30,10,Monterrey,Centro,4,5,229.6,0.0
Mexico,2024-04-30,10,Monterrey,Mitras Centro,4,6,349.9,0.0
Mexico,2024-04-30,10,Monterrey,Apodaca Centro,7,6,278.9,0.0
Mexico,2024-04-30,10,Monterrey,Escobedo,1,3,169.0,0.0
Mexico,2024-04-30,10,Monterrey,Carretera Nacional,6,4,212.3,0.0
Mexico,2024-04-30,10,Monterrey,MTY_Apodaca_Huinalá,4,5,267.7,0.0
Mexico,2024-04-30,10,Monterrey,San Nicolás,7,7,318.9,0.0
Mexico,2024-04-30,10,Monterrey,Santa Catarina,9,10,567.3,0.0
Mexico,2024-04-30,10,Monterrey,San Pedro,11,8,427.7,0.0
Mexico,2024-04-30,10,Monterrey,Cumbres Poniente,8,9,491.8,0.0
Mexico,2024-04-30,10,Monterrey,La Fe,4,2,113.6,0.0
Mexico,2024-04-30,10,Monterrey,MTY_Guadalupe,11,8,468.7,0.0
Mexico,2024-04-30,10,Monterrey,Independencia,7,4,226.4,0.0
Mexico,2024-04-30,10,Monterrey,Tec,4,3,172.5,0.0
Mexico,2024-04-30,11,Monterrey,Centro,8,5,230.9,0.0
Mexico,2024-04-30,11,Monterrey,Mitras Centro,2,4,198.6,0.0
Mexico,2024-04-30,11,Monterrey,Apodaca Centro,1,2,114.4,0.0
Mexico,2024-04-30,11,Monterrey,Escobedo,1,1,51.9,0.0
Mexico,2024-04-30,11,Monterrey,Carretera Nacional,5,5,240.6,0.0
Mexico,2024-04-30,11,Monterrey,MTY_Apodaca_Huinalá,5,5,241.4,0.0
Mexico,2024-04-30,11,Monterrey,San Nicolás,10,8,468.8,0.0
Mexico,2024-04-30,11,Monterrey,Santa Catarina,3,4,223.6,0.0
Mexico,2024-04-30,11,Monterrey,San Pedro,2,3,167.0,0.0
Mexico,2024-04-30,11,Monterrey,Cumbres Poniente,11,8,466.8,0.0
Mexico,2024-04-30,11,Monterrey,La Fe,3,1,58.6,0.0
Mexico,2024-04-30,11,Monterrey,MTY_Guadalupe,6,4,219.0,0.0
Mexico,2024-04-30,11,Monterrey,Independencia,8,7,388.2,0.0
Mexico,2024-04-30,11,Monterrey,Tec,1,3,172.0,0.0
Mexico,2024-04-30,12,Monterrey,Centro,4,1,49.2,0.0
Mexico,2024-04-30,12,Monterrey,Mitras Centro,4,4,225.3,0.0
Mexico,2024-04-30,12,Monterrey,Apodaca Centro,2,4,181.9,0.0
Mexico,2024-04-30,12,Monterrey,Escobedo,4,3,168.6,0.0
Mexico,2024-04-30,12,Monterrey,Carretera Nacional,10,7,374.2,0.0
Mexico,2024-04-30,12,Monterrey,MTY_Apodaca_Huinalá,2,4,210.3,0.0
Mexico,2024-04-30,12,Monterrey,San Nicolás,11,9,469.0,0.0
Mexico,2024-04-30,12,Monterrey,Santa Catarina,4,6,323.5,0.0
Mexico,2024-04-30,12,Monterrey,San Pedro,1,2,113.8,0.0
Mexico,2024-04-30,12,Monterrey,Cumbres Poniente,6,5,249.8,0.0
Mexico,2024-04-30,12,Monterrey,La Fe,2,2,95.6,0.0
Mexico,2024-04-30,12,Monterrey,MTY_Guadalupe,2,2,98.2,0.0
Mexico,2024-04-30,12,Monterrey,Independencia,1,2,98.5,0.0
Mexico,2024-04-30,12,Monterrey,Tec,7,6,301.3,0.0
Mexico,2024-04-30,13,Monterrey,Centro,9,11,568.6,0.0
Mexico,2024-04-30,13,Monterrey,Mitras Centro,20,20,919.9,0.0
Mexico,2024-04-30,13,Monterrey,Apodaca Centro,10,9,414.9,0.0
Mexico,2024-04-30,13,Monterrey,Escobedo,8,6,296.6,0.0
Mexico,2024-04-30,13,Monterrey,Carretera Nacional,14,12,696.9,0.0
Mexico,2024-04-30,13,Monterrey,MTY_Apodaca_Huinalá,11,9,434.1,0.0
Mexico,2024-04-30,13,Monterrey,San Nicolás,5,7,315.5,0.0
Mexico,2024-04-30,13,Monterrey,Santa Catarina,10,11,586.9,0.0
Mexico,2024-04-30,13,Monterrey,San Pedro,11,10,596.4,0.0
Mexico,2024-04-30,13,Monterrey,Cumbres Poniente,18,17,925.3,0.0
Mexico,2024-04-30,13,Monterrey,La Fe,14,11,565.6,0.0
Mexico,2024-04-30,13,Monterrey,MTY_Guadalupe,15,13,718.2,0.0
Mexico,2024-04-30,13,Monterrey,Independencia,9,11,637.9,0.0
Mexico,2024-04-30,13,Monterrey,Tec,10,8,455.1,0.0
Mexico,2024-04-30,14,Monterrey,Centro,6,7,336.9,0.0
Mexico,2024-04-30,14,Monterrey,Mitras Centro,11,9,434.2,0.0
Mexico,2024-04-30,14,Monterrey,Apodaca Centro,9,7,322.9,0.0
Mexico,2024-04-30,14,Monterrey,Escobedo,9,9,521.3,0.0
Mexico,2024-04-30,14,Monterrey,Carretera Nacional,11,12,680.3,0.0
Mexico,2024-04-30,14,Monterrey,MTY_Apodaca_Huinalá,3,5,235.8,0.0
Mexico,2024-04-30,14,Monterrey,San Nicolás,13,13,628.4,0.0
Mexico,2024-04-30,14,Monterrey,Santa Catarina,14,11,536.9,0.0
Mexico,2024-04-30,14,Monterrey,San Pedro,7,6,314.1,0.0
Mexico,2024-04-30,14,Monterrey,Cumbres Poniente,14,11,505.9,0.0
Mexico,2024-04-30,14,Monterrey,La Fe,5,7,340.8,0.0
Mexico,2024-04-30,14,Monterrey,MTY_Guadalupe,9,9,470.5,0.0
Mexico,2024-04-30,14,Monterrey,Independencia,23,20,900.7,0.0
Mexico,2024-04-30,14,Monterrey,Tec,11,12,652.5,0.0
Mexico,2024-04-30,15,Monterrey,Centro,4,4,223.7,0.0
Mexico,2024-04-30,15,Monterrey,Mitras Centro,1,1,51.8,0.0
Mexico,2024-04-30,15,Monterrey,Apodaca Centro,6,6,322.3,0.0
Mexico,2024-04-30,15,Monterrey,Escobedo,2,4,180.7,0.0
Mexico,2024-04-30,15,Monterrey,Carretera Nacional,6,3,144.0,0.0
Mexico,2024-04-30,15,Monterrey,MTY_Apodaca_Huinalá,9,7,390.1,0.0
Mexico,2024-04-30,15,Monterrey,San Nicolás,5,7,353.7,0.0
Mexico,2024-04-30,15,Monterrey,Santa Catarina,5,6,283.5,0.0
Mexico,2024-04-30,15,Monterrey,San Pedro,1,3,171.7,0.0
Mexico,2024-04-30,15,Monterrey,Cumbres Poniente,7,5,231.4,0.0
Mexico,2024-04-30,15,Monterrey,La Fe,8,5,245.0,0.0
Mexico,2024-04-30,15,Monterrey,MTY_Guadalupe,1,3,137.2,0.0
Mexico,2024-04-30,15,Monterrey,Independencia,1,2,101.5,0.0
Mexico,2024-04-30,15,Monterrey,Tec,3,5,248.4,0.0
Mexico,2024-04-30,16,Monterrey,Centro,4,4,221.9,0.0
Mexico,2024-04-30,16,Monterrey,Mitras Centro,6,6,318.2,0.0
Mexico,2024-04-30,16,Monterrey,Apodaca Centro,1,2,95.6,0.0
Mexico,2024-04-30,16,Monterrey,Escobedo,1,2,107.2,0.0
Mexico,2024-04-30,16,Monterrey,Carretera Nacional,8,6,338.4,0.0
Mexico,2024-04-30,16,Monterrey,MTY_Apodaca_Huinalá,5,5,229.3,0.0
Mexico,2024-04-30,16,Monterrey,San Nicolás,7,7,325.4,0.0
Mexico,2024-04-30,16,Monterrey,Santa Catarina,8,8,414.7,0.0
Mexico,2024-04-30,16,Monterrey,San Pedro,1,0,0.0,0.0
Mexico,2024-04-30,16,Monterrey,Cumbres Poniente,4,3,160.5,0.0
Mexico,2024-04-30,16,Monterrey,La Fe,2,4,196.5,0.0
Mexico,2024-04-30,16,Monterrey,MTY_Guadalupe,1,2,99.3,0.0
Mexico,2024-04-30,16,Monterrey,Independencia,7,4,232.3,0.0
Mexico,2024-04-30,16,Monterrey,Tec,7,4,188.2,0.0
Mexico,2024-04-30,17,Monterrey,Centro,7,7,372.7,0.0
Mexico,2024-04-30,17,Monterrey,Mitras Centro,4,6,339.5,0.0
Mexico,2024-04-30,17,Monterrey,Apodaca Centro,3,5,288.2,0.0
Mexico,2024-04-30,17,Monterrey,Escobedo,6,5,267.0,0.0
Mexico,2024-04-30,17,Monterrey,Carretera Nacional,4,6,336.3,0.0
Mexico,2024-04-30,17,Monterrey,MTY_Apodaca_Huinalá,6,6,349.1,0.0
Mexico,2024-04-30,17,Monterrey,San Nicolás,3,5,238.4,0.0
Mexico,2024-04-30,17,Monterrey,Santa Catarina,6,5,260.4,0.0
Mexico,2024-04-30,17,Monterrey,San Pedro,4,2,100.1,0.0
Mexico,2024-04-30,17,Monterrey,Cumbres Poniente,6,5,270.9,0.0
Mexico,2024-04-30,17,Monterrey,La Fe,6,4,183.0,0.0
Mexico,2024-04-30,17,Monterrey,MTY_Guadalupe,4,4,224.7,0.0
Mexico,2024-04-30,17,Monterrey,Independencia,4,6,347.2,0.0
Mexico,2024-04-30,17,Monterrey,Tec,4,4,223.7,0.0
Mexico,2024-04-30,18,Monterrey,Centro,3,5,281.8,2.5
Mexico,2024-04-30,18,Monterrey,Mitras Centro,3,5,227.7,2.5
Mexico,2024-04-30,18,Monterrey,Apodaca Centro,7,9,419.9,2.5
Mexico,2024-04-30,18,Monterrey,Escobedo,4,6,293.6,2.5
Mexico,2024-04-30,18,Monterrey,Carretera Nacional,1,6,356.3,2.5
Mexico,2024-04-30,18,Monterrey,MTY_Apodaca_Huinalá,1,2,109.6,2.5
Mexico,2024-04-30,18,Monterrey,San Nicolás,1,1,47.3,2.5
Mexico,2024-04-30,18,Monterrey,Santa Catarina,4,6,347.6,2.5
Mexico,2024-04-30,18,Monterrey,San Pedro,1,5,242.0,2.5
Mexico,2024-04-30,18,Monterrey,Cumbres Poniente,1,3,179.8,2.5
Mexico,2024-04-30,18,Monterrey,La Fe,1,3,163.1,2.5
Mexico,2024-04-30,18,Monterrey,MTY_Guadalupe,3,4,186.4,2.5
Mexico,2024-04-30,18,Monterrey,Independencia,4,4,237.7,2.5
Mexico,2024-04-30,18,Monterrey,Tec,1,2,108.2,2.5
Mexico,2024-04-30,19,Monterrey,Centro,5,5,258.3,0.0
Mexico,2024-04-30,19,Monterrey,Mitras Centro,10,7,359.9,0.0
Mexico,2024-04-30,19,Monterrey,Apodaca Centro,18,16,727.5,0.0
Mexico,2024-04-30,19,Monterrey,Escobedo,9,8,370.2,0.0
Mexico,2024-04-30,19,Monterrey,Carretera Nacional,8,5,289.1,0.0
Mexico,2024-04-30,19,Monterrey,MTY_Apodaca_Huinalá,13,10,547.8,0.0
Mexico,2024-04-30,19,Monterrey,San Nicolás,10,7,332.7,0.0
Mexico,2024-04-30,19,Monterrey,Santa Catarina,5,5,244.9,0.0
Mexico,2024-04-30,19,Monterrey,San Pedro,18,15,705.3,0.0
Mexico,2024-04-30,19,Monterrey,Cumbres Poniente,10,8,413.7,0.0
Mexico,2024-04-30,19,Monterrey,La Fe,12,11,529.3,0.0
Mexico,2024-04-30,19,Monterrey,MTY_Guadalupe,11,10,580.5,0.0
Mexico,2024-04-30,19,Monterrey,Independencia,12,10,467.6,0.0
Mexico,2024-04-30,19,Monterrey,Tec,12,11,612.5,0.0
Mexico,2024-04-30,20,Monterrey,Centro,5,6,300.3,0.0
Mexico,2024-04-30,20,Monterrey,Mitras Centro,17,15,849.6,0.0
Mexico,2024-04-30,20,Monterrey,Apodaca Centro,13,10,536.8,0.0
Mexico,2024-04-30,20,Monterrey,Escobedo,10,11,547.9,0.0
Mexico,2024-04-30,20,Monterrey,Carretera Nacional,9,11,652.4,0.0
Mexico,2024-04-30,20,Monterrey,MTY_Apodaca_Huinalá,14,13,622.8,0.0
Mexico,2024-04-30,20,Monterrey,San Nicolás,8,8,377.5,0.0
Mexico,2024-04-30,20,Monterrey,Santa Catarina,17,15,874.9,0.0
Mexico,2024-04-30,20,Monterrey,San Pedro,7,7,350.8,0.0
Mexico,2024-04-30,20,Monterrey,Cumbres Poniente,12,10,475.1,0.0
Mexico,2024-04-30,20,Monterrey,La Fe,10,11,622.2,0.0
Mexico,2024-04-30,20,Monterrey,MTY_Guadalupe,12,14,822.4,0.0
Mexico,2024-04-30,20,Monterrey,Independencia,9,11,523.1,0.0
Mexico,2024-04-30,20,Monterrey,Tec,10,9,503.1,0.0
Mexico,2024-04-30,21,Monterrey,Centro,10,8,436.5,0.0
Mexico,2024-04-30,21,Monterrey,Mitras Centro,8,10,524.4,0.0
Mexico,2024-04-30,21,Monterrey,Apodaca Centro,15,16,758.6,0.0
Mexico,2024-04-30,21,Monterrey,Escobedo,7,7,394.9,0.0
Mexico,2024-04-30,21,Monterrey,Carretera Nacional,10,8,443.9,0.0
Mexico,2024-04-30,21,Monterrey,MTY_Apodaca_Huinalá,14,11,572.5,0.0
Mexico,2024-04-30,21,Monterrey,San Nicolás,14,12,614.0,0.0
Mexico,2024-04-30,21,Monterrey,Santa Catarina,8,10,504.7,0.0
Mexico,2024-04-30,21,Monterrey,San Pedro,9,7,317.1,0.0
Mexico,2024-04-30,21,Monterrey,Cumbres Poniente,12,12,695.1,0.0
Mexico,2024-04-30,21,Monterrey,La Fe,10,12,693.9,0.0
Mexico,2024-04-30,21,Monterrey,MTY_Guadalupe,9,7,366.8,0.0
Mexico,2024-04-30,21,Monterrey,Independencia,5,7,346.3,0.0
Mexico,2024-04-30,21,Monterrey,Tec,12,11,630.3,0.0
Mexico,2024-04-30,22,Monterrey,Centro,3,4,230.8,0.0
Mexico,2024-04-30,22,Monterrey,Mitras Centro,4,4,227.5,0.0
Mexico,2024-04-30,22,Monterrey,Apodaca Centro,1,3,138.7,0.0
Mexico,2024-04-30,22,Monterrey,Escobedo,5,6,320.0,0.0
Mexico,2024-04-30,22,Monterrey,Carretera Nacional,7,7,334.7,0.0
Mexico,2024-04-30,22,Monterrey,MTY_Apodaca_Huinalá,8,5,241.1,0.0
Mexico,2024-04-30,22,Monterrey,San Nicolás,1,1,52.6,0.0
Mexico,2024-04-30,22,Monterrey,Santa Catarina,6,7,415.4,0.0
Mexico,2024-04-30,22,Monterrey,San Pedro,6,5,251.6,0.0
Mexico,2024-04-30,22,Monterrey,Cumbres Poniente,3,4,220.0,0.0
Mexico,2024-04-30,22,Monterrey,La Fe,6,6,324.7,0.0
Mexico,2024-04-30,22,Monterrey,MTY_Guadalupe,3,3,142.6,0.0
Mexico,2024-04-30,22,Monterrey,Independencia,1,2,94.7,0.0
Mexico,2024-04-30,22,Monterrey,Tec,3,2,116.3,0.0
Mexico,2024-04-30,23,Monterrey,Centro,1,2,111.9,0.0
Mexico,2024-04-30,23,Monterrey,Mitras Centro,4,6,297.4,0.0
Mexico,2024-04-30,23,Monterrey,Apodaca Centro,5,5,243.4,0.0
Mexico,2024-04-30,23,Monterrey,Escobedo,6,7,409.7,0.0
Mexico,2024-04-30,23,Monterrey,Carretera Nacional,10,7,374.0,0.0
Mexico,2024-04-30,23,Monterrey,MTY_Apodaca_Huinalá,14,11,526.2,0.0
Mexico,2024-04-30,23,Monterrey,San Nicolás,3,2,102.8,0.0
Mexico,2024-04-30,23,Monterrey,Santa Catarina,7,5,273.3,0.0
Mexico,2024-04-30,23,Monterrey,San Pedro,5,5,229.0,0.0
Mexico,2024-04-30,23,Monterrey,Cumbres Poniente,6,3,146.3,0.0
Mexico,2024-04-30,23,Monterrey,La Fe,4,6,336.3,0.0
Mexico,2024-04-30,23,Monterrey,MTY_Guadalupe,4,5,242.5,0.0
Mexico,2024-04-30,23,Monterrey,Independencia,7,7,412.2,0.0
Mexico,2024-04-30,23,Monterrey,Tec,6,6,326.7,0.0
